Workbook

Sheet Introduction
A1: 1 May - Berlin (DGB) and Warsaw (OPZZ), 1990-2019
A2: Consolidated workbook for the annual report: attendance, weather, event breakdown, event structure, sources
A5: Contents:
A6: - Attendance - Warsaw / Attendance - Berlin: yearly 1 May attendance, day of week, length of the May holiday weekend, union share of total attendance, 3-year moving average.
A7: - Weather: legacy morning-weather estimate (Open-Meteo data).
A8: - Events - Warsaw / Events - Berlin: detailed breakdown into the individual marches/events that make up 1 May in each city and year.
A9: - Event structure & rally location: event-type counts per year (demonstrations, festivals, commemorations, rallies, counter-demonstrations, meetings, happenings, corsos) and the main rally/festival location per year.
A10: - Sources - Observations / Averages (Berlin, Warsaw): individual cited estimates (press / organisers / police where available) behind the yearly averages.
A11: - Berlin - unrest vs turnout: police deployment, injuries and arrests around 1 May vs. DGB attendance.

Sheet Attendance - Warsaw
A1: 1 May attendance - Warsaw, 1990-2019
A2: Day of week, length of the May holiday weekend, union attendance, share of total, 3-year moving average
A4: Year | B4: Day of week | C4: Weekend length (days) | D4: Union attendance | E4: Total attendance (all events) | F4: Union share of total | G4: 3-yr moving union share
A5: 1990 | B5: Tuesday | D5: ='Events - Warsaw'!B5 -> 14250 | E5: {='Events - Warsaw'!J5} -> 17550 | F5: {=IFERROR(D5/E5,"")} -> 0.81196581
A6: 1991 | B6: Wednesday | D6: ='Events - Warsaw'!B6 -> 12500 | E6: {='Events - Warsaw'!J6} -> 13030 | F6: {=IFERROR(D6/E6,"")} -> 0.95932464 | G6: {=AVERAGE(F5:F7)} -> 0.91696076
A7: 1992 | B7: Friday | C7: 3 | D7: ='Events - Warsaw'!B7 -> 24000 | E7: {='Events - Warsaw'!J7} -> 24500 | F7: {=IFERROR(D7/E7,"")} -> 0.97959184 | G7: {=AVERAGE(F6:F8)} -> 0.96417491
A8: 1993 | B8: Saturday | C8: 3 | D8: ='Events - Warsaw'!B8 -> 6166.6667 | E8: {='Events - Warsaw'!J8} -> 6466.6667 | F8: {=IFERROR(D8/E8,"")} -> 0.95360825 | G8: {=AVERAGE(F7:F9)} -> 0.93851768
A9: 1994 | B9: Sunday | C9: 3 | D9: ='Events - Warsaw'!B9 -> 3000 | E9: {='Events - Warsaw'!J9} -> 3400 | F9: {=IFERROR(D9/E9,"")} -> 0.88235294 | G9: {=AVERAGE(F8:F10)} -> 0.89607797
A10: 1995 | B10: Monday | C10: 4 | D10: ='Events - Warsaw'!B10 -> 4500 | E10: {='Events - Warsaw'!J10} -> 5280 | F10: {=IFERROR(D10/E10,"")} -> 0.85227273 | G10: {=AVERAGE(F9:F11)} -> 0.8723262
A11: 1996 | B11: Wednesday | C11: 5 | D11: ='Events - Warsaw'!B11 -> 4500 | E11: {='Events - Warsaw'!J11} -> 5100 | F11: {=IFERROR(D11/E11,"")} -> 0.88235294 | G11: {=AVERAGE(F10:F12)} -> 0.89267396
A12: 1997 | B12: Thursday | C12: 4 | D12: ='Events - Warsaw'!B12 -> 2500 | E12: {='Events - Warsaw'!J12} -> 2650 | F12: {=IFERROR(D12/E12,"")} -> 0.94339623 | G12: {=AVERAGE(F11:F13)} -> 0.9298682
A13: 1998 | B13: Friday | C13: 3 | D13: ='Events - Warsaw'!B13 -> 4000 | E13: {='Events - Warsaw'!J13} -> 4150 | F13: {=IFERROR(D13/E13,"")} -> 0.96385542 | G13: {=AVERAGE(F12:F14)} -> 0.96373629
A14: 1999 | B14: Saturday | C14: 3 | D14: ='Events - Warsaw'!B14 -> 9200 | E14: {='Events - Warsaw'!J14} -> 9350 | F14: {=IFERROR(D14/E14,"")} -> 0.98395722 | G14: {=AVERAGE(F13:F15)} -> 0.95539333
A15: 2000 | B15: Monday | C15: 3 | D15: ='Events - Warsaw'!B15 -> 2250 | E15: {='Events - Warsaw'!J15} -> 2450 | F15: {=IFERROR(D15/E15,"")} -> 0.91836735 | G15: {=AVERAGE(F14:F16)} -> 0.94085666
A16: 2001 | B16: Tuesday | C16: 6 | D16: ='Events - Warsaw'!B16 -> 7500 | E16: {='Events - Warsaw'!J16} -> 8150 | F16: {=IFERROR(D16/E16,"")} -> 0.9202454 | G16: {=AVERAGE(F15:F17)} -> 0.79708144
A17: 2002 | B17: Wednesday | C17: 5 | D17: ='Events - Warsaw'!B17 -> 2100 | E17: {='Events - Warsaw'!J17} -> 3800 | F17: {=IFERROR(D17/E17,"")} -> 0.55263158 | G17: {=AVERAGE(F16:F18)} -> 0.6365194
A18: 2003 | B18: Thursday | C18: 4 | D18: ='Events - Warsaw'!B18 -> 3333.3333 | E18: {='Events - Warsaw'!J18} -> 7633.3333 | F18: {=IFERROR(D18/E18,"")} -> 0.43668122 | G18: {=AVERAGE(F17:F19)} -> 0.40729031
... A33: 2018 | B33: Tuesday | C33: 6 | D33: ='Events - Warsaw'!B33 -> 775 | E33: {='Events - Warsaw'!J33} -> 1225 | F33: {=IFERROR(D33/E33,"")} -> 0.63265306 | G33: {=AVERAGE(F32:F34)} -> 0.41723356
A34: 2019 | B34: Wednesday | C34: 5 | D34: ='Events - Warsaw'!B34 -> 0 | E34: {='Events - Warsaw'!J34} -> 3350 | F34: {=IFERROR(D34/E34,"")} -> 0
C36: Average | D36: {=AVERAGE(D5:D34)} -> 5134.9365
C37: Median | D37: {=MEDIAN(D5:D34)} -> 2750
C38: Maximum | D38: {=MAX(D5:D34)} -> 24000
C39: Minimum | D39: {=MIN(D5:D34)} -> 0

Sheet Attendance - Berlin
A1: 1 May attendance - Berlin, 1990-2019
A2: Day of week, length of the May holiday weekend, union attendance, share of total, 3-year moving average
A4: Year | B4: Day of week | C4: Weekend length (days) | D4: Union attendance | E4: Total attendance (all events) | F4: Union share of total | G4: 3-yr moving share (union)
A5: 1990 | B5: Tuesday | D5: ='Events - Berlin'!B5 -> 56666.667 | E5: {='Events - Berlin'!N5} -> 84666.667 | F5: {=IFERROR(D5/E5,"")} -> 0.66929134
A6: 1991 | B6: Wednesday | D6: ='Events - Berlin'!B6 -> 10000 | E6: {='Events - Berlin'!N6} -> 22666.667 | F6: {=IFERROR(D6/E6,"")} -> 0.44117647 | G6: {=AVERAGE(F5:F7)} -> 0.55601452
A7: 1992 | B7: Friday | C7: 3 | D7: ='Events - Berlin'!B7 -> 23000 | E7: {='Events - Berlin'!N7} -> 41250 | F7: {=IFERROR(D7/E7,"")} -> 0.55757576 | G7: {=AVERAGE(F6:F8)} -> 0.51496729
A8: 1993 | B8: Saturday | C8: 2 | D8: ='Events - Berlin'!B8 -> 16666.667 | E8: {='Events - Berlin'!N8} -> 30516.667 | F8: {=IFERROR(D8/E8,"")} -> 0.54614964 | G8: {=AVERAGE(F7:F9)} -> 0.60728609
A9: 1994 | B9: Sunday | C9: 2 | D9: ='Events - Berlin'!B9 -> 6000 | E9: {='Events - Berlin'!N9} -> 8355 | F9: {=IFERROR(D9/E9,"")} -> 0.71813285 | G9: {=AVERAGE(F8:F10)} -> 0.64068676
A10: 1995 | B10: Monday | C10: 3 | D10: ='Events - Berlin'!B10 -> 7400 | E10: {='Events - Berlin'!N10} -> 11250 | F10: {=IFERROR(D10/E10,"")} -> 0.65777778 | G10: {=AVERAGE(F9:F11)} -> 0.63086656
A11: 1996 | B11: Wednesday | D11: ='Events - Berlin'!B11 -> 16666.667 | E11: {='Events - Berlin'!N11} -> 32256.667 | F11: {=IFERROR(D11/E11,"")} -> 0.51668906 | G11: {=AVERAGE(F10:F12)} -> 0.5052614
A12: 1997 | B12: Thursday | C12: 4 | D12: ='Events - Berlin'!B12 -> 9500 | E12: {='Events - Berlin'!N12} -> 27833.333 | F12: {=IFERROR(D12/E12,"")} -> 0.34131737 | G12: {=AVERAGE(F11:F13)} -> 0.4386844
A13: 1998 | B13: Friday | C13: 3 | D13: ='Events - Berlin'!B13 -> 13875 | E13: {='Events - Berlin'!N13} -> 30291.667 | F13: {=IFERROR(D13/E13,"")} -> 0.45804677 | G13: {=AVERAGE(F12:F14)} -> 0.36301924
A14: 1999 | B14: Saturday | C14: 2 | D14: ='Events - Berlin'!B14 -> 10400 | E14: {='Events - Berlin'!N14} -> 35900 | F14: {=IFERROR(D14/E14,"")} -> 0.28969359 | G14: {=AVERAGE(F13:F15)} -> 0.33117391
A15: 2000 | B15: Monday | C15: 3 | D15: ='Events - Berlin'!B15 -> 11166.667 | E15: {='Events - Berlin'!N15} -> 45433.333 | F15: {=IFERROR(D15/E15,"")} -> 0.24578136 | G15: {=AVERAGE(F14:F16)} -> 0.32848794
A16: 2001 | B16: Tuesday | D16: ='Events - Berlin'!B16 -> 16833.333 | E16: {='Events - Berlin'!N16} -> 37408.333 | F16: {=IFERROR(D16/E16,"")} -> 0.44998886 | G16: {=AVERAGE(F15:F17)} -> 0.37731921
A17: 2002 | B17: Wednesday | D17: ='Events - Berlin'!B17 -> 13500 | E17: {='Events - Berlin'!N17} -> 30950 | F17: {=IFERROR(D17/E17,"")} -> 0.4361874 | G17: {=AVERAGE(F16:F18)} -> 0.36391131
A18: 2003 | B18: Thursday | C18: 4 | D18: ='Events - Berlin'!B18 -> 13500 | E18: {='Events - Berlin'!N18} -> 65675 | F18: {=IFERROR(D18/E18,"")} -> 0.20555767 | G18: {=AVERAGE(F17:F19)} -> 0.31226696
A19: 2004 | B19: Saturday | C19: 2 | D19: ='Events - Berlin'!B19 -> 18500 | E19: {='Events - Berlin'!N19} -> 62700 | F19: {=IFERROR(D19/E19,"")} -> 0.29505582 | G19: {=AVERAGE(F18:F20)} -> 0.30148655
A20: 2005 | B20: Sunday | C20: 2 | D20: ='Events - Berlin'!B20 -> 10500 | E20: {='Events - Berlin'!N20} -> 26000 | F20: {=IFERROR(D20/E20,"")} -> 0.40384615 | G20: {=AVERAGE(F19:F21)} -> 0.39058554
A21: 2006 | B21: Monday | C21: 3 | D21: ='Events - Berlin'!B21 -> 13500 | E21: {='Events - Berlin'!N21} -> 28550 | F21: {=IFERROR(D21/E21,"")} -> 0.47285464 | G21: {=AVERAGE(F20:F22)} -> 0.34365377
A22: 2007 | B22: Tuesday | D22: ='Events - Berlin'!B22 -> 10500 | E22: {='Events - Berlin'!N22} -> 68066.667 | F22: {=IFERROR(D22/E22,"")} -> 0.15426053 | G22: {=AVERAGE(F21:F23)} -> 0.27385814
A23: 2008 | B23: Thursday | C23: 4 | D23: ='Events - Berlin'!B23 -> 9125 | E23: {='Events - Berlin'!N23} -> 46925 | F23: {=IFERROR(D23/E23,"")} -> 0.19445924 | G23: {=AVERAGE(F22:F24)} -> 0.18600737
A24: 2009 | B24: Friday | C24: 3 | D24: ='Events - Berlin'!B24 -> 13500 | E24: {='Events - Berlin'!N24} -> 64500 | F24: {=IFERROR(D24/E24,"")} -> 0.20930233 | G24: {=AVERAGE(F23:F25)} -> 0.18700654
A25: 2010 | B25: Saturday | C25: 2 | D25: ='Events - Berlin'!B25 -> 9750 | E25: {='Events - Berlin'!N25} -> 62000 | F25: {=IFERROR(D25/E25,"")} -> 0.15725806 | G25: {=AVERAGE(F24:F26)} -> 0.19910987
A26: 2011 | B26: Sunday | C26: 2 | D26: ='Events - Berlin'!B26 -> 11500 | E26: {='Events - Berlin'!N26} -> 49833.333 | F26: {=IFERROR(D26/E26,"")} -> 0.23076923 | G26: {=AVERAGE(F25:F27)} -> 0.19672068
A27: 2012 | B27: Tuesday | D27: ='Events - Berlin'!B27 -> 12625 | E27: {='Events - Berlin'!N27} -> 62458.333 | F27: {=IFERROR(D27/E27,"")} -> 0.20213476 | G27: {=AVERAGE(F26:F28)} -> 0.19530839
A28: 2013 | B28: Wednesday | D28: ='Events - Berlin'!B28 -> 9750 | E28: {='Events - Berlin'!N28} -> 63716.667 | F28: {=IFERROR(D28/E28,"")} -> 0.15302119 | G28: {=AVERAGE(F27:F29)} -> 0.16468161
A29: 2014 | B29: Thursday | C29: 4 | D29: ='Events - Berlin'!B29 -> 10000 | E29: {='Events - Berlin'!N29} -> 72000 | F29: {=IFERROR(D29/E29,"")} -> 0.13888889 | G29: {=AVERAGE(F28:F30)} -> 0.15540911
A30: 2015 | B30: Friday | C30: 3 | D30: ='Events - Berlin'!B30 -> 15000 | E30: {='Events - Berlin'!N30} -> 86050 | F30: {=IFERROR(D30/E30,"")} -> 0.17431726 | G30: {=AVERAGE(F29:F31)} -> 0.18003684
A31: 2016 | B31: Sunday | C31: 2 | D31: ='Events - Berlin'!B31 -> 14000 | E31: {='Events - Berlin'!N31} -> 61700 | F31: {=IFERROR(D31/E31,"")} -> 0.22690438 | G31: {=AVERAGE(F30:F32)} -> 0.19604584
A32: 2017 | B32: Monday | C32: 3 | D32: ='Events - Berlin'!B32 -> 14000 | E32: {='Events - Berlin'!N32} -> 74900 | F32: {=IFERROR(D32/E32,"")} -> 0.18691589 | G32: {=AVERAGE(F31:F33)} -> 0.17881085
A33: 2018 | B33: Tuesday | D33: ='Events - Berlin'!B33 -> 9500 | E33: {='Events - Berlin'!N33} -> 77480 | F33: {=IFERROR(D33/E33,"")} -> 0.12261229 | G33: {=AVERAGE(F32:F34)} -> 0.16239483
A34: 2019 | B34: Wednesday | D34: ='Events - Berlin'!B34 -> 13000 | E34: {='Events - Berlin'!N34} -> 73175 | F34: {=IFERROR(D34/E34,"")} -> 0.1776563
C36: Average | D36: {=AVERAGE(D5:D34)} -> 13997.5
C37: Median | D37: {=MEDIAN(D5:D34)} -> 12812.5
C38: Maximum | D38: {=MAX(D5:D34)} -> 56666.667
C39: Minimum | D39: {=MIN(D5:D34)} -> 6000

Sheet Weather
A1: Weather on 1 May - Warsaw and Berlin, 1990-2019
A2: LEGACY ESTIMATE - see note below. Not sourced from Open-Meteo.
A3: Source: https://archive-api.open-meteo.com/
A10: Year | B10: Warsaw - morning temp (C, legacy) | C10: Warsaw - precipitation (mm, legacy) | D10: Berlin - morning temp (C, legacy) | E10: Berlin - precipitation (mm, legacy)
A11: 1990 | B11: 11.1 | C11: 0 | D11: 13.2 | E11: 0
A12: 1991 | B12: 8.8 | C12: 0 | D12: 6.7 | E12: 3.2
A13: 1992 | B13: 10.5 | C13: 0 | D13: 12.6 | E13: 0
A14: 1993 | B14: 16.9 | C14: 0 | D14: 18.8 | E14: 0
A15: 1994 | B15: 10 | C15: 0.1 | D15: 7.8 | E15: 0
A16: 1995 | B16: 8.2 | C16: 0 | D16: 11.2 | E16: 0
A17: 1996 | B17: 13.4 | C17: 0.6 | D17: 11.6 | E17: 0
A18: 1997 | B18: 9.2 | C18: 0 | D18: 10.3 | E18: 0.1
A19: 1998 | B19: 15.2 | C19: 0 | D19: 15.8 | E19: 0
A20: 1999 | B20: 10.8 | C20: 0 | D20: 9.1 | E20: 0
A21: 2000 | B21: 19.9 | C21: 0 | D21: 18.1 | E21: 0
A22: 2001 | B22: 18.9 | C22: 0 | D22: 16.3 | E22: 0
... A40: 2019 | B40: 13.9 | C40: 0 | D40: 11.8 | E40: 0.1

Sheet Events - Warsaw
A1: 1 May events - detailed breakdown, Warsaw
A2: Attendance by individual event/march making up 1 May each year
A4: Year | B4: OPZZ / trade unions (main march) | C4: PPS | D4: Alternative Left (W4) | E4: Anarchists (W8) | F4: Right-wing / Nationalists | G4: Equality Parade | H4: Solidarity mass (1990-1994) | I4: UPR rally (1995, one-off) | J4: Total | K4: Total-trade union
A5: 1990 | B5: ='Sources - Averages (Warsaw)'!D5 -> 14250 | D5: 250 | E5: 50 | H5: 3000 | J5: {=SUM(B5:I5)} -> 17550 | K5: =J5-B5 -> 3300
A6: 1991 | B6: ='Sources - Averages (Warsaw)'!D6 -> 12500 | C6: 200 | E6: 30 | H6: 300 | J6: {=SUM(B6:I6)} -> 13030 | K6: =J6-B6 -> 530
A7: 1992 | B7: ='Sources - Averages (Warsaw)'!D7 -> 24000 | C7: 200 | H7: 300 | J7: {=SUM(B7:I7)} -> 24500 | K7: =J7-B7 -> 500
A8: 1993 | B8: ='Sources - Averages (Warsaw)'!D8 -> 6166.6667 | H8: 300 | J8: {=SUM(B8:I8)} -> 6466.6667 | K8: =J8-B8 -> 300
A9: 1994 | B9: ='Sources - Averages (Warsaw)'!D9 -> 3000 | C9: 100 | H9: 300 | J9: {=SUM(B9:I9)} -> 3400 | K9: =J9-B9 -> 400
A10: 1995 | B10: ='Sources - Averages (Warsaw)'!D10 -> 4500 | C10: 80 | E10: 400 | F10: 100 | I10: 200 | J10: {=SUM(B10:I10)} -> 5280 | K10: =J10-B10 -> 780
A11: 1996 | B11: ='Sources - Averages (Warsaw)'!D11 -> 4500 | C11: 100 | E11: 500 | J11: {=SUM(B11:I11)} -> 5100 | K11: =J11-B11 -> 600
A12: 1997 | B12: ='Sources - Averages (Warsaw)'!D12 -> 2500 | C12: 150 | J12: {=SUM(B12:I12)} -> 2650 | K12: =J12-B12 -> 150
A13: 1998 | B13: ='Sources - Averages (Warsaw)'!D13 -> 4000 | C13: 150 | J13: {=SUM(B13:I13)} -> 4150 | K13: =J13-B13 -> 150
A14: 1999 | B14: ='Sources - Averages (Warsaw)'!D14 -> 9200 | C14: 150 | J14: {=SUM(B14:I14)} -> 9350 | K14: =J14-B14 -> 150
A15: 2000 | B15: ='Sources - Averages (Warsaw)'!D15 -> 2250 | C15: 150 | F15: 50 | J15: {=SUM(B15:I15)} -> 2450 | K15: =J15-B15 -> 200
A16: 2001 | B16: ='Sources - Averages (Warsaw)'!D16 -> 7500 | C16: 150 | E16: 300 | G16: 200 | J16: {=SUM(B16:I16)} -> 8150 | K16: =J16-B16 -> 650
A17: 2002 | B17: ='Sources - Averages (Warsaw)'!D17 -> 2100 | D17: 200 | G17: 1500 | J17: {=SUM(B17:I17)} -> 3800 | K17: =J17-B17 -> 1700
A18: 2003 | B18: ='Sources - Averages (Warsaw)'!D18 -> 3333.3333 | D18: 500 | E18: 300 | G18: 3500 | J18: {=SUM(B18:I18)} -> 7633.3333 | K18: =J18-B18 -> 4300
A19: 2004 | B19: ='Sources - Averages (Warsaw)'!D19 -> 666.66667 | D19: 200 | F19: 2000 | J19: {=SUM(B19:I19)} -> 2866.6667 | K19: =J19-B19 -> 2200
A20: 2005 | B20: ='Sources - Averages (Warsaw)'!D20 -> 633.33333 | D20: 300 | J20: {=SUM(B20:I20)} -> 933.33333 | K20: =J20-B20 -> 300
A21: 2006 | B21: ='Sources - Averages (Warsaw)'!D21 -> 1520 | D21: 250 | J21: {=SUM(B21:I21)} -> 1770 | K21: =J21-B21 -> 250
A22: 2007 | B22: ='Sources - Averages (Warsaw)'!D22 -> 1400 | D22: 300 | E22: 80 | J22: {=SUM(B22:I22)} -> 1780 | K22: =J22-B22 -> 380
A23: 2008 | B23: ='Sources - Averages (Warsaw)'!D23 -> 2214.2857 | D23: 200 | E23: 200 | J23: {=SUM(B23:I23)} -> 2614.2857 | K23: =J23-B23 -> 400
A24: 2009 | B24: ='Sources - Averages (Warsaw)'!D24 -> 1357.1429 | D24: 300 | E24: 40 | F24: 6 | J24: {=SUM(B24:I24)} -> 1703.1429 | K24: =J24-B24 -> 346
A25: 2010 | B25: ='Sources - Averages (Warsaw)'!D25 -> 440 | D25: 150 | J25: {=SUM(B25:I25)} -> 590 | K25: =J25-B25 -> 150
A26: 2011 | B26: ='Sources - Averages (Warsaw)'!D26 -> 133.33333 | D26: 150 | J26: {=SUM(B26:I26)} -> 283.33333 | K26: =J26-B26 -> 150
A27: 2012 | B27: ='Sources - Averages (Warsaw)'!D27 -> 11750 | E27: 150 | F27: 500 | J27: {=SUM(B27:I27)} -> 12400 | K27: =J27-B27 -> 650
A28: 2013 | B28: ='Sources - Averages (Warsaw)'!D28 -> 20000 | D28: 200 | F28: 500 | J28: {=SUM(B28:I28)} -> 20700 | K28: =J28-B28 -> 700 | O28: s
A29: 2014 | B29: ='Sources - Averages (Warsaw)'!D29 -> 7333.3333 | D29: 400 | F29: 450 | J29: {=SUM(B29:I29)} -> 8183.3333 | K29: =J29-B29 -> 850
A30: 2015 | B30: ='Sources - Averages (Warsaw)'!D30 -> 0 | D30: 450 | F30: 250 | J30: {=SUM(B30:I30)} -> 700 | K30: =J30-B30 -> 700
A31: 2016 | B31: ='Sources - Averages (Warsaw)'!D31 -> 5375 | D31: 400 | F31: 150 | J31: {=SUM(B31:I31)} -> 5925 | K31: =J31-B31 -> 550
A32: 2017 | B32: ='Sources - Averages (Warsaw)'!D32 -> 650 | D32: 400 | J32: {=SUM(B32:I32)} -> 1050 | K32: =J32-B32 -> 400
A33: 2018 | B33: ='Sources - Averages (Warsaw)'!D33 -> 775 | D33: 400 | F33: 50 | J33: {=SUM(B33:I33)} -> 1225 | K33: =J33-B33 -> 450
A34: 2019 | B34: ='Sources - Averages (Warsaw)'!D34 -> 0 | D34: 350 | F34: 3000 | J34: {=SUM(B34:I34)} -> 3350 | K34: =J34-B34 -> 3350
A36: Average attendance per event (years with data):
A37: OPZZ / trade unions (main march) | B37: {=IFERROR(AVERAGE(B5:B34),"-")} -> 5134.9365 | C37: {=COUNT(B5:B34)} -> 30 | D37: years with data
A38: PPS | B38: {=IFERROR(AVERAGE(C5:C34),"-")} -> 143 | C38: {=COUNT(C5:C34)} -> 10 | D38: years with data
A39: Alternative Left (W4) | B39: {=IFERROR(AVERAGE(D5:D34),"-")} -> 300 | C39: {=COUNT(D5:D34)} -> 18 | D39: years with data
A40: Anarchists (W8) | B40: {=IFERROR(AVERAGE(E5:E34),"-")} -> 205 | C40: {=COUNT(E5:E34)} -> 10 | D40: years with data
A41: Right-wing / Nationalists | B41: {=IFERROR(AVERAGE(F5:F34),"-")} -> 641.45455 | C41: {=COUNT(F5:F34)} -> 11 | D41: years with data
A42: Equality Parade | B42: {=IFERROR(AVERAGE(G5:G34),"-")} -> 1733.3333 | C42: {=COUNT(G5:G34)} -> 3 | D42: years with data
A43: Solidarity mass (1990-1994) | B43: {=IFERROR(AVERAGE(H5:H34),"-")} -> 840 | C43: {=COUNT(H5:H34)} -> 5 | D43: years with data
A44: UPR rally (1995, one-off) | B44: {=IFERROR(AVERAGE(I5:I34),"-")} -> 200 | C44: {=COUNT(I5:I34)} -> 1 | D44: years with data
A46: A blank cell = no data for that year. Columns marked '(no data yet)' are confirmed historical events without a collected attendance figure. The European Festival (2015, ~30,000) is intentionally excluded from this workbook - see Introduction.

Sheet Events - Berlin
A1: 1 May events - detailed breakdown, Berlin
A2: Attendance by individual event/march making up 1 May each year
A4: Year | B4: DGB Berlin (main trade-union rally) | C4: PDS/Ost (1990-1994) | D4: Revolutionary May 1st (joint march, 1990-1995) | E4: Revolutionary May 1st (18:00) | F4: Revolutionary May 1st (13:00) | G4: PDS/Ost (1995-2002) | H4: EuroMayDay | I4: Anti-Nazi counter-demonstration | J4: Neo-nazi/far right | K4: MyFest Kreuzberg (festival) | L4: Mariannenplatzfest (festival, since 2003 part of MyFest) | M4: MyGruni | N4: Total | O4: Total-trade union
A5: 1990 | B5: =IFERROR(__xludf.DUMMYFUNCTION("FILTER('Sources - Averages (Berlin)'!$G$5:$G$156,'Sources - Averages (Berlin)'!$A$5:$A$156=B$4,'Sources - Averages (Berlin)'!$B$5:$B$156=$A5)"),56666.666666666664) -> 56666.667 | C5: =IFERROR(__xludf.DUMMYFUNCTION("FILTER('Sources - Averages (Berlin)'!$G$5:$G$156,'Sources - Averages (Berlin)'!$A$5:$A$156=""PDS/Ost"",'Sources - Averages (Berlin)'!$B$5:$B$156=$A5)"),15500.0) -> 15500 | D5: =IFERROR(__xludf.DUMMYFUNCTION("FILTER('Sources - Averages (Berlin)'!$G$5:$G$156,'Sources - Averages (Berlin)'!$A$5:$A$156=D$4,'Sources - Averages (Berlin)'!$B$5:$B$156=$A5)"),12500.0) -> 12500 | N5: {=SUM(B5:M5)} -> 84666.667 | O5: =N5-B5 -> 28000
A6: 1991 | B6: =IFERROR(__xludf.DUMMYFUNCTION("FILTER('Sources - Averages (Berlin)'!$G$5:$G$156,'Sources - Averages (Berlin)'!$A$5:$A$156=B$4,'Sources - Averages (Berlin)'!$B$5:$B$156=A6)"),10000.0) -> 10000 | D6: =IFERROR(__xludf.DUMMYFUNCTION("FILTER('Sources - Averages (Berlin)'!$G$5:$G$156,'Sources - Averages (Berlin)'!$A$5:$A$156=D$4,'Sources - Averages (Berlin)'!$B$5:$B$156=$A6)"),12666.666666666666) -> 12666.667 | N6: {=SUM(B6:M6)} -> 22666.667 | O6: =N6-B6 -> 12666.667
A7: 1992 | B7: =IFERROR(__xludf.DUMMYFUNCTION("FILTER('Sources - Averages (Berlin)'!$G$5:$G$156,'Sources - Averages (Berlin)'!$A$5:$A$156=B$4,'Sources - Averages (Berlin)'!$B$5:$B$156=A7)"),23000.0) -> 23000 | C7: =IFERROR(__xludf.DUMMYFUNCTION("FILTER('Sources - Averages (Berlin)'!$G$5:$G$156,'Sources - Averages (Berlin)'!$A$5:$A$156=""PDS/Ost"",'Sources - Averages (Berlin)'!$B$5:$B$156=$A7)"),6000.0) -> 6000 | D7: =IFERROR(__xludf.DUMMYFUNCTION("FILTER('Sources - Averages (Berlin)'!$G$5:$G$156,'Sources - Averages (Berlin)'!$A$5:$A$156=D$4,'Sources - Averages (Berlin)'!$B$5:$B$156=$A7)"),12000.0) -> 12000 | I7: =IFERROR(__xludf.DUMMYFUNCTION("FILTER('Sources - Averages (Berlin)'!$G$5:$G$156,'Sources - Averages (Berlin)'!$A$5:$A$156=I$4,'Sources - Averages (Berlin)'!$B$5:$B$156=$A7)"),200.0) -> 200 | J7: =IFERROR(__xludf.DUMMYFUNCTION("FILTER('Sources - Averages (Berlin)'!$G$5:$G$156,'Sources - Averages (Berlin)'!$A$5:$A$156=J$4,'Sources - Averages (Berlin)'!$B$5:$B$156=$A7)"),50.0) -> 50 | N7: {=SUM(B7:M7)} -> 41250 | O7: =N7-B7 -> 18250
A8: 1993 | B8: =IFERROR(__xludf.DUMMYFUNCTION("FILTER('Sources - Averages (Berlin)'!$G$5:$G$156,'Sources - Averages (Berlin)'!$A$5:$A$156=B$4,'Sources - Averages (Berlin)'!$B$5:$B$156=A8)"),16666.666666666668) -> 16666.667 | C8: =IFERROR(__xludf.DUMMYFUNCTION("FILTER('Sources - Averages (Berlin)'!$G$5:$G$156,'Sources - Averages (Berlin)'!$A$5:$A$156=""PDS/Ost"",'Sources - Averages (Berlin)'!$B$5:$B$156=$A8)"),6000.0) -> 6000 | D8: =IFERROR(__xludf.DUMMYFUNCTION("FILTER('Sources - Averages (Berlin)'!$G$5:$G$156,'Sources - Averages (Berlin)'!$A$5:$A$156=D$4,'Sources - Averages (Berlin)'!$B$5:$B$156=$A8)"),7750.0) -> 7750 | J8: =IFERROR(__xludf.DUMMYFUNCTION("FILTER('Sources - Averages (Berlin)'!$G$5:$G$156,'Sources - Averages (Berlin)'!$A$5:$A$156=J$4,'Sources - Averages (Berlin)'!$B$5:$B$156=$A8)"),100.0) -> 100 | N8: {=SUM(B8:M8)} -> 30516.667 | O8: =N8-B8 -> 13850
A9: 1994 | B9: =IFERROR(__xludf.DUMMYFUNCTION("FILTER('Sources - Averages (Berlin)'!$G$5:$G$156,'Sources - Averages (Berlin)'!$A$5:$A$156=B$4,'Sources - Averages (Berlin)'!$B$5:$B$156=A9)"),6000.0) -> 6000 | C9: =IFERROR(__xludf.DUMMYFUNCTION("FILTER('Sources - Averages (Berlin)'!$G$5:$G$156,'Sources - Averages (Berlin)'!$A$5:$A$156=""PDS/Ost"",'Sources - Averages (Berlin)'!$B$5:$B$156=$A9)"),1000.0) -> 1000 | D9: =IFERROR(__xludf.DUMMYFUNCTION("FILTER('Sources - Averages (Berlin)'!$G$5:$G$156,'Sources - Averages (Berlin)'!$A$5:$A$156=D$4,'Sources - Averages (Berlin)'!$B$5:$B$156=$A9)"),900.0) -> 900 | I9: =IFERROR(__xludf.DUMMYFUNCTION("FILTER('Sources - Averages (Berlin)'!$G$5:$G$156,'Sources - Averages (Berlin)'!$A$5:$A$156=I$4,'Sources - Averages (Berlin)'!$B$5:$B$156=$A9)"),450.0) -> 450 | J9: =IFERROR(__xludf.DUMMYFUNCTION("FILTER('Sources - Averages (Berlin)'!$G$5:$G$156,'Sources - Averages (Berlin)'!$A$5:$A$156=J$4,'Sources - Averages (Berlin)'!$B$5:$B$156=$A9)"),5.0) -> 5 | N9: {=SUM(B9:M9)} -> 8355 | O9: =N9-B9 -> 2355
A10: 1995 | B10: =IFERROR(__xludf.DUMMYFUNCTION("FILTER('Sources - Averages (Berlin)'!$G$5:$G$156,'Sources - Averages (Berlin)'!$A$5:$A$156=B$4,'Sources - Averages (Berlin)'!$B$5:$B$156=A10)"),7400.0) -> 7400 | D10: =IFERROR(__xludf.DUMMYFUNCTION("FILTER('Sources - Averages (Berlin)'!$G$5:$G$156,'Sources - Averages (Berlin)'!$A$5:$A$156=D$4,'Sources - Averages (Berlin)'!$B$5:$B$156=$A10)"),2250.0) -> 2250 | G10: =IFERROR(__xludf.DUMMYFUNCTION("FILTER('Sources - Averages (Berlin)'!$G$5:$G$156,'Sources - Averages (Berlin)'!$A$5:$A$156=""PDS/Ost"",'Sources - Averages (Berlin)'!$B$5:$B$156=$A10)"),1600.0) -> 1600 | N10: {=SUM(B10:M10)} -> 11250 | O10: =N10-B10 -> 3850
A11: 1996 | B11: =IFERROR(__xludf.DUMMYFUNCTION("FILTER('Sources - Averages (Berlin)'!$G$5:$G$156,'Sources - Averages (Berlin)'!$A$5:$A$156=B$4,'Sources - Averages (Berlin)'!$B$5:$B$156=A11)"),16666.666666666668) -> 16666.667 | E11: =IFERROR(__xludf.DUMMYFUNCTION("FILTER('Sources - Averages (Berlin)'!$G$5:$G$156,'Sources - Averages (Berlin)'!$A$5:$A$156=E$4,'Sources - Averages (Berlin)'!$B$5:$B$156=$A11)"),10000.0) -> 10000 | F11: =IFERROR(__xludf.DUMMYFUNCTION("FILTER('Sources - Averages (Berlin)'!$G$5:$G$156,'Sources - Averages (Berlin)'!$A$5:$A$156=F$4,'Sources - Averages (Berlin)'!$B$5:$B$156=$A11)"),3000.0) -> 3000 | G11: =IFERROR(__xludf.DUMMYFUNCTION("FILTER('Sources - Averages (Berlin)'!$G$5:$G$156,'Sources - Averages (Berlin)'!$A$5:$A$156=""PDS/Ost"",'Sources - Averages (Berlin)'!$B$5:$B$156=$A11)"),2200.0) -> 2200 | I11: =IFERROR(__xludf.DUMMYFUNCTION("FILTER('Sources - Averages (Berlin)'!$G$5:$G$156,'Sources - Averages (Berlin)'!$A$5:$A$156=I$4,'Sources - Averages (Berlin)'!$B$5:$B$156=$A11)"),40.0) -> 40 | J11: =IFERROR(__xludf.DUMMYFUNCTION("FILTER('Sources - Averages (Berlin)'!$G$5:$G$156,'Sources - Averages (Berlin)'!$A$5:$A$156=J$4,'Sources - Averages (Berlin)'!$B$5:$B$156=$A11)"),350.0) -> 350 | N11: {=SUM(B11:M11)} -> 32256.667 | O11: =N11-B11 -> 15590
A12: 1997 | B12: =IFERROR(__xludf.DUMMYFUNCTION("FILTER('Sources - Averages (Berlin)'!$G$5:$G$156,'Sources - Averages (Berlin)'!$A$5:$A$156=B$4,'Sources - Averages (Berlin)'!$B$5:$B$156=A12)"),9500.0) -> 9500 | E12: =IFERROR(__xludf.DUMMYFUNCTION("FILTER('Sources - Averages (Berlin)'!$G$5:$G$156,'Sources - Averages (Berlin)'!$A$5:$A$156=E$4,'Sources - Averages (Berlin)'!$B$5:$B$156=$A12)"),9000.0) -> 9000 | F12: =IFERROR(__xludf.DUMMYFUNCTION("FILTER('Sources - Averages (Berlin)'!$G$5:$G$156,'Sources - Averages (Berlin)'!$A$5:$A$156=F$4,'Sources - Averages (Berlin)'!$B$5:$B$156=$A12)"),2000.0) -> 2000 | G12: =IFERROR(__xludf.DUMMYFUNCTION("FILTER('Sources - Averages (Berlin)'!$G$5:$G$156,'Sources - Averages (Berlin)'!$A$5:$A$156=""PDS/Ost"",'Sources - Averages (Berlin)'!$B$5:$B$156=$A12)"),7333.333333333333) -> 7333.3333 | N12: {=SUM(B12:M12)} -> 27833.333 | O12: =N12-B12 -> 18333.333
A13: 1998 | B13: =IFERROR(__xludf.DUMMYFUNCTION("FILTER('Sources - Averages (Berlin)'!$G$5:$G$156,'Sources - Averages (Berlin)'!$A$5:$A$156=B$4,'Sources - Averages (Berlin)'!$B$5:$B$156=A13)"),13875.0) -> 13875 | E13: =IFERROR(__xludf.DUMMYFUNCTION("FILTER('Sources - Averages (Berlin)'!$G$5:$G$156,'Sources - Averages (Berlin)'!$A$5:$A$156=E$4,'Sources - Averages (Berlin)'!$B$5:$B$156=$A13)"),6666.666666666667) -> 6666.6667 | F13: =IFERROR(__xludf.DUMMYFUNCTION("FILTER('Sources - Averages (Berlin)'!$G$5:$G$156,'Sources - Averages (Berlin)'!$A$5:$A$156=F$4,'Sources - Averages (Berlin)'!$B$5:$B$156=$A13)"),1750.0) -> 1750 | G13: =IFERROR(__xludf.DUMMYFUNCTION("FILTER('Sources - Averages (Berlin)'!$G$5:$G$156,'Sources - Averages (Berlin)'!$A$5:$A$156=""PDS/Ost"",'Sources - Averages (Berlin)'!$B$5:$B$156=$A13)"),6500.0) -> 6500 | L13: =IFERROR(__xludf.DUMMYFUNCTION("FILTER('Sources - Averages (Berlin)'!$G$5:$G$156,'Sources - Averages (Berlin)'!$A$5:$A$156=L$4,'Sources - Averages (Berlin)'!$B$5:$B$156=$A13)"),1500.0) -> 1500 | N13: {=SUM(B13:M13)} -> 30291.667 | O13: =N13-B13 -> 16416.667
A14: 1999 | B14: =IFERROR(__xludf.DUMMYFUNCTION("FILTER('Sources - Averages (Berlin)'!$G$5:$G$156,'Sources - Averages (Berlin)'!$A$5:$A$156=B$4,'Sources - Averages (Berlin)'!$B$5:$B$156=A14)"),10400.0) -> 10400 | E14: =IFERROR(__xludf.DUMMYFUNCTION("FILTER('Sources - Averages (Berlin)'!$G$5:$G$156,'Sources - Averages (Berlin)'!$A$5:$A$156=E$4,'Sources - Averages (Berlin)'!$B$5:$B$156=$A14)"),14000.0) -> 14000 | F14: =IFERROR(__xludf.DUMMYFUNCTION("FILTER('Sources - Averages (Berlin)'!$G$5:$G$156,'Sources - Averages (Berlin)'!$A$5:$A$156=F$4,'Sources - Averages (Berlin)'!$B$5:$B$156=$A14)"),1500.0) -> 1500 | G14: =IFERROR(__xludf.DUMMYFUNCTION("FILTER('Sources - Averages (Berlin)'!$G$5:$G$156,'Sources - Averages (Berlin)'!$A$5:$A$156=""PDS/Ost"",'Sources - Averages (Berlin)'!$B$5:$B$156=$A14)"),10000.0) -> 10000 | N14: {=SUM(B14:M14)} -> 35900 | O14: =N14-B14 -> 25500
A15: 2000 | B15: =IFERROR(__xludf.DUMMYFUNCTION("FILTER('Sources - Averages (Berlin)'!$G$5:$G$156,'Sources - Averages (Berlin)'!$A$5:$A$156=B$4,'Sources - Averages (Berlin)'!$B$5:$B$156=A15)"),11166.666666666666) -> 11166.667 | E15: =IFERROR(__xludf.DUMMYFUNCTION("FILTER('Sources - Averages (Berlin)'!$G$5:$G$156,'Sources - Averages (Berlin)'!$A$5:$A$156=E$4,'Sources - Averages (Berlin)'!$B$5:$B$156=$A15)"),13333.333333333334) -> 13333.333 | F15: =IFERROR(__xludf.DUMMYFUNCTION("FILTER('Sources - Averages (Berlin)'!$G$5:$G$156,'Sources - Averages (Berlin)'!$A$5:$A$156=F$4,'Sources - Averages (Berlin)'!$B$5:$B$156=$A15)"),1266.6666666666667) -> 1266.6667 | G15: =IFERROR(__xludf.DUMMYFUNCTION("FILTER('Sources - Averages (Berlin)'!$G$5:$G$156,'Sources - Averages (Berlin)'!$A$5:$A$156=""PDS/Ost"",'Sources - Averages (Berlin)'!$B$5:$B$156=$A15)"),3666.6666666666665) -> 3666.6667 | I15: =IFERROR(__xludf.DUMMYFUNCTION("FILTER('Sources - Averages (Berlin)'!$G$5:$G$156,'Sources - Averages (Berlin)'!$A$5:$A$156=I$4,'Sources - Averages (Berlin)'!$B$5:$B$156=$A15)"),10000.0) -> 10000 | J15: =IFERROR(__xludf.DUMMYFUNCTION("FILTER('Sources - Averages (Berlin)'!$G$5:$G$156,'Sources - Averages (Berlin)'!$A$5:$A$156=J$4,'Sources - Averages (Berlin)'!$B$5:$B$156=$A15)"),1000.0) -> 1000 | L15: =IFERROR(__xludf.DUMMYFUNCTION("FILTER('Sources - Averages (Berlin)'!$G$5:$G$156,'Sources - Averages (Berlin)'!$A$5:$A$156=L$4,'Sources - Averages (Berlin)'!$B$5:$B$156=$A15)"),5000.0) -> 5000 | N15: {=SUM(B15:M15)} -> 45433.333 | O15: =N15-B15 -> 34266.667
A16: 2001 | B16: =IFERROR(__xludf.DUMMYFUNCTION("FILTER('Sources - Averages (Berlin)'!$G$5:$G$156,'Sources - Averages (Berlin)'!$A$5:$A$156=B$4,'Sources - Averages (Berlin)'!$B$5:$B$156=A16)"),16833.333333333332) -> 16833.333 | E16: =IFERROR(__xludf.DUMMYFUNCTION("FILTER('Sources - Averages (Berlin)'!$G$5:$G$156,'Sources - Averages (Berlin)'!$A$5:$A$156=E$4,'Sources - Averages (Berlin)'!$B$5:$B$156=$A16)"),5500.0) -> 5500 | F16: =IFERROR(__xludf.DUMMYFUNCTION("FILTER('Sources - Averages (Berlin)'!$G$5:$G$156,'Sources - Averages (Berlin)'!$A$5:$A$156=F$4,'Sources - Averages (Berlin)'!$B$5:$B$156=$A16)"),2250.0) -> 2250 | G16: =IFERROR(__xludf.DUMMYFUNCTION("FILTER('Sources - Averages (Berlin)'!$G$5:$G$156,'Sources - Averages (Berlin)'!$A$5:$A$156=""PDS/Ost"",'Sources - Averages (Berlin)'!$B$5:$B$156=$A16)"),7250.0) -> 7250 | I16: =IFERROR(__xludf.DUMMYFUNCTION("FILTER('Sources - Averages (Berlin)'!$G$5:$G$156,'Sources - Averages (Berlin)'!$A$5:$A$156=I$4,'Sources - Averages (Berlin)'!$B$5:$B$156=$A16)"),475.0) -> 475 | J16: =IFERROR(__xludf.DUMMYFUNCTION("FILTER('Sources - Averages (Berlin)'!$G$5:$G$156,'Sources - Averages (Berlin)'!$A$5:$A$156=J$4,'Sources - Averages (Berlin)'!$B$5:$B$156=$A16)"),100.0) -> 100 | L16: =IFERROR(__xludf.DUMMYFUNCTION("FILTER('Sources - Averages (Berlin)'!$G$5:$G$156,'Sources - Averages (Berlin)'!$A$5:$A$156=L$4,'Sources - Averages (Berlin)'!$B$5:$B$156=$A16)"),5000.0) -> 5000 | N16: {=SUM(B16:M16)} -> 37408.333 | O16: =N16-B16 -> 20575
A17: 2002 | B17: =IFERROR(__xludf.DUMMYFUNCTION("FILTER('Sources - Averages (Berlin)'!$G$5:$G$156,'Sources - Averages (Berlin)'!$A$5:$A$156=B$4,'Sources - Averages (Berlin)'!$B$5:$B$156=A17)"),13500.0) -> 13500 | E17: =IFERROR(__xludf.DUMMYFUNCTION("FILTER('Sources - Averages (Berlin)'!$G$5:$G$156,'Sources - Averages (Berlin)'!$A$5:$A$156=E$4,'Sources - Averages (Berlin)'!$B$5:$B$156=$A17)"),9500.0) -> 9500 | F17: =IFERROR(__xludf.DUMMYFUNCTION("FILTER('Sources - Averages (Berlin)'!$G$5:$G$156,'Sources - Averages (Berlin)'!$A$5:$A$156=F$4,'Sources - Averages (Berlin)'!$B$5:$B$156=$A17)"),4000.0) -> 4000 | G17: =IFERROR(__xludf.DUMMYFUNCTION("FILTER('Sources - Averages (Berlin)'!$G$5:$G$156,'Sources - Averages (Berlin)'!$A$5:$A$156=""PDS/Ost"",'Sources - Averages (Berlin)'!$B$5:$B$156=$A17)"),2250.0) -> 2250 | I17: =IFERROR(__xludf.DUMMYFUNCTION("FILTER('Sources - Averages (Berlin)'!$G$5:$G$156,'Sources - Averages (Berlin)'!$A$5:$A$156=I$4,'Sources - Averages (Berlin)'!$B$5:$B$156=$A17)"),1000.0) -> 1000 | J17: =IFERROR(__xludf.DUMMYFUNCTION("FILTER('Sources - Averages (Berlin)'!$G$5:$G$156,'Sources - Averages (Berlin)'!$A$5:$A$156=J$4,'Sources - Averages (Berlin)'!$B$5:$B$156=$A17)"),700.0) -> 700 | N17: {=SUM(B17:M17)} -> 30950 | O17: =N17-B17 -> 17450
A18: 2003 | B18: =IFERROR(__xludf.DUMMYFUNCTION("FILTER('Sources - Averages (Berlin)'!$G$5:$G$156,'Sources - Averages (Berlin)'!$A$5:$A$156=B$4,'Sources - Averages (Berlin)'!$B$5:$B$156=A18)"),13500.0) -> 13500 | E18: =IFERROR(__xludf.DUMMYFUNCTION("FILTER('Sources - Averages (Berlin)'!$G$5:$G$156,'Sources - Averages (Berlin)'!$A$5:$A$156=E$4,'Sources - Averages (Berlin)'!$B$5:$B$156=$A18)"),3500.0) -> 3500 | F18: =IFERROR(__xludf.DUMMYFUNCTION("FILTER('Sources - Averages (Berlin)'!$G$5:$G$156,'Sources - Averages (Berlin)'!$A$5:$A$156=F$4,'Sources - Averages (Berlin)'!$B$5:$B$156=$A18)"),6750.0) -> 6750 | I18: =IFERROR(__xludf.DUMMYFUNCTION("FILTER('Sources - Averages (Berlin)'!$G$5:$G$156,'Sources - Averages (Berlin)'!$A$5:$A$156=I$4,'Sources - Averages (Berlin)'!$B$5:$B$156=$A18)"),250.0) -> 250 | J18: =IFERROR(__xludf.DUMMYFUNCTION("FILTER('Sources - Averages (Berlin)'!$G$5:$G$156,'Sources - Averages (Berlin)'!$A$5:$A$156=J$4,'Sources - Averages (Berlin)'!$B$5:$B$156=$A18)"),1675.0) -> 1675 | K18: =IFERROR(__xludf.DUMMYFUNCTION("FILTER('Sources - Averages (Berlin)'!$G$5:$G$156,'Sources - Averages (Berlin)'!$A$5:$A$156=K$4,'Sources - Averages (Berlin)'!$B$5:$B$156=$A18)"),20000.0) -> 20000 | L18: =IFERROR(__xludf.DUMMYFUNCTION("FILTER('Sources - Averages (Berlin)'!$G$5:$G$156,'Sources - Averages (Berlin)'!$A$5:$A$156=L$4,'Sources - Averages (Berlin)'!$B$5:$B$156=$A18)"),20000.0) -> 20000 | N18: {=SUM(B18:M18)} -> 65675 | O18: =N18-B18 -> 52175
A19: 2004 | B19: =IFERROR(__xludf.DUMMYFUNCTION("FILTER('Sources - Averages (Berlin)'!$G$5:$G$156,'Sources - Averages (Berlin)'!$A$5:$A$156=B$4,'Sources - Averages (Berlin)'!$B$5:$B$156=A19)"),18500.0) -> 18500 | E19: =IFERROR(__xludf.DUMMYFUNCTION("FILTER('Sources - Averages (Berlin)'!$G$5:$G$156,'Sources - Averages (Berlin)'!$A$5:$A$156=E$4,'Sources - Averages (Berlin)'!$B$5:$B$156=$A19)"),3500.0) -> 3500 | F19: =IFERROR(__xludf.DUMMYFUNCTION("FILTER('Sources - Averages (Berlin)'!$G$5:$G$156,'Sources - Averages (Berlin)'!$A$5:$A$156=F$4,'Sources - Averages (Berlin)'!$B$5:$B$156=$A19)"),5000.0) -> 5000 | I19: =IFERROR(__xludf.DUMMYFUNCTION("FILTER('Sources - Averages (Berlin)'!$G$5:$G$156,'Sources - Averages (Berlin)'!$A$5:$A$156=I$4,'Sources - Averages (Berlin)'!$B$5:$B$156=$A19)"),3400.0) -> 3400 | J19: =IFERROR(__xludf.DUMMYFUNCTION("FILTER('Sources - Averages (Berlin)'!$G$5:$G$156,'Sources - Averages (Berlin)'!$A$5:$A$156=J$4,'Sources - Averages (Berlin)'!$B$5:$B$156=$A19)"),2300.0) -> 2300 | K19: =IFERROR(__xludf.DUMMYFUNCTION("FILTER('Sources - Averages (Berlin)'!$G$5:$G$156,'Sources - Averages (Berlin)'!$A$5:$A$156=K$4,'Sources - Averages (Berlin)'!$B$5:$B$156=$A19)"),30000.0) -> 30000 | N19: {=SUM(B19:M19)} -> 62700 | O19: =N19-B19 -> 44200
A20: 2005 | B20: =IFERROR(__xludf.DUMMYFUNCTION("FILTER('Sources - Averages (Berlin)'!$G$5:$G$156,'Sources - Averages (Berlin)'!$A$5:$A$156=B$4,'Sources - Averages (Berlin)'!$B$5:$B$156=A20)"),10500.0) -> 10500 | E20: =IFERROR(__xludf.DUMMYFUNCTION("FILTER('Sources - Averages (Berlin)'!$G$5:$G$156,'Sources - Averages (Berlin)'!$A$5:$A$156=E$4,'Sources - Averages (Berlin)'!$B$5:$B$156=$A20)"),0.0) -> 0 | F20: =IFERROR(__xludf.DUMMYFUNCTION("FILTER('Sources - Averages (Berlin)'!$G$5:$G$156,'Sources - Averages (Berlin)'!$A$5:$A$156=F$4,'Sources - Averages (Berlin)'!$B$5:$B$156=$A20)"),500.0) -> 500 | K20: =IFERROR(__xludf.DUMMYFUNCTION("FILTER('Sources - Averages (Berlin)'!$G$5:$G$156,'Sources - Averages (Berlin)'!$A$5:$A$156=K$4,'Sources - Averages (Berlin)'!$B$5:$B$156=$A20)"),15000.0) -> 15000 | N20: {=SUM(B20:M20)} -> 26000 | O20: =N20-B20 -> 15500
A21: 2006 | B21: =IFERROR(__xludf.DUMMYFUNCTION("FILTER('Sources - Averages (Berlin)'!$G$5:$G$156,'Sources - Averages (Berlin)'!$A$5:$A$156=B$4,'Sources - Averages (Berlin)'!$B$5:$B$156=A21)"),13500.0) -> 13500 | E21: =IFERROR(__xludf.DUMMYFUNCTION("FILTER('Sources - Averages (Berlin)'!$G$5:$G$156,'Sources - Averages (Berlin)'!$A$5:$A$156=E$4,'Sources - Averages (Berlin)'!$B$5:$B$156=$A21)"),0.0) -> 0 | F21: =IFERROR(__xludf.DUMMYFUNCTION("FILTER('Sources - Averages (Berlin)'!$G$5:$G$156,'Sources - Averages (Berlin)'!$A$5:$A$156=F$4,'Sources - Averages (Berlin)'!$B$5:$B$156=$A21)"),50.0) -> 50 | H21: =IFERROR(__xludf.DUMMYFUNCTION("FILTER('Sources - Averages (Berlin)'!$G$5:$G$156,'Sources - Averages (Berlin)'!$A$5:$A$156=H$4,'Sources - Averages (Berlin)'!$B$5:$B$156=$A21)"),4000.0) -> 4000 | K21: =IFERROR(__xludf.DUMMYFUNCTION("FILTER('Sources - Averages (Berlin)'!$G$5:$G$156,'Sources - Averages (Berlin)'!$A$5:$A$156=K$4,'Sources - Averages (Berlin)'!$B$5:$B$156=$A21)"),11000.0) -> 11000 | N21: {=SUM(B21:M21)} -> 28550 | O21: =N21-B21 -> 15050
A22: 2007 | B22: =IFERROR(__xludf.DUMMYFUNCTION("FILTER('Sources - Averages (Berlin)'!$G$5:$G$156,'Sources - Averages (Berlin)'!$A$5:$A$156=B$4,'Sources - Averages (Berlin)'!$B$5:$B$156=A22)"),10500.0) -> 10500 | E22: =IFERROR(__xludf.DUMMYFUNCTION("FILTER('Sources - Averages (Berlin)'!$G$5:$G$156,'Sources - Averages (Berlin)'!$A$5:$A$156=E$4,'Sources - Averages (Berlin)'!$B$5:$B$156=$A22)"),7666.666666666667) -> 7666.6667 | F22: =IFERROR(__xludf.DUMMYFUNCTION("FILTER('Sources - Averages (Berlin)'!$G$5:$G$156,'Sources - Averages (Berlin)'!$A$5:$A$156=F$4,'Sources - Averages (Berlin)'!$B$5:$B$156=$A22)"),900.0) -> 900 | H22: =IFERROR(__xludf.DUMMYFUNCTION("FILTER('Sources - Averages (Berlin)'!$G$5:$G$156,'Sources - Averages (Berlin)'!$A$5:$A$156=H$4,'Sources - Averages (Berlin)'!$B$5:$B$156=$A22)"),7000.0) -> 7000 | K22: =IFERROR(__xludf.DUMMYFUNCTION("FILTER('Sources - Averages (Berlin)'!$G$5:$G$156,'Sources - Averages (Berlin)'!$A$5:$A$156=K$4,'Sources - Averages (Berlin)'!$B$5:$B$156=$A22)"),42000.0) -> 42000 | N22: {=SUM(B22:M22)} -> 68066.667 | O22: =N22-B22 -> 57566.667
A23: 2008 | B23: =IFERROR(__xludf.DUMMYFUNCTION("FILTER('Sources - Averages (Berlin)'!$G$5:$G$156,'Sources - Averages (Berlin)'!$A$5:$A$156=B$4,'Sources - Averages (Berlin)'!$B$5:$B$156=A23)"),9125.0) -> 9125 | E23: =IFERROR(__xludf.DUMMYFUNCTION("FILTER('Sources - Averages (Berlin)'!$G$5:$G$156,'Sources - Averages (Berlin)'!$A$5:$A$156=E$4,'Sources - Averages (Berlin)'!$B$5:$B$156=$A23)"),11000.0) -> 11000 | F23: =IFERROR(__xludf.DUMMYFUNCTION("FILTER('Sources - Averages (Berlin)'!$G$5:$G$156,'Sources - Averages (Berlin)'!$A$5:$A$156=F$4,'Sources - Averages (Berlin)'!$B$5:$B$156=$A23)"),300.0) -> 300 | H23: =IFERROR(__xludf.DUMMYFUNCTION("FILTER('Sources - Averages (Berlin)'!$G$5:$G$156,'Sources - Averages (Berlin)'!$A$5:$A$156=H$4,'Sources - Averages (Berlin)'!$B$5:$B$156=$A23)"),6500.0) -> 6500 | K23: =IFERROR(__xludf.DUMMYFUNCTION("FILTER('Sources - Averages (Berlin)'!$G$5:$G$156,'Sources - Averages (Berlin)'!$A$5:$A$156=K$4,'Sources - Averages (Berlin)'!$B$5:$B$156=$A23)"),20000.0) -> 20000 | N23: {=SUM(B23:M23)} -> 46925 | O23: =N23-B23 -> 37800
A24: 2009 | B24: =IFERROR(__xludf.DUMMYFUNCTION("FILTER('Sources - Averages (Berlin)'!$G$5:$G$156,'Sources - Averages (Berlin)'!$A$5:$A$156=B$4,'Sources - Averages (Berlin)'!$B$5:$B$156=A24)"),13500.0) -> 13500 | E24: =IFERROR(__xludf.DUMMYFUNCTION("FILTER('Sources - Averages (Berlin)'!$G$5:$G$156,'Sources - Averages (Berlin)'!$A$5:$A$156=E$4,'Sources - Averages (Berlin)'!$B$5:$B$156=$A24)"),8500.0) -> 8500 | F24: =IFERROR(__xludf.DUMMYFUNCTION("FILTER('Sources - Averages (Berlin)'!$G$5:$G$156,'Sources - Averages (Berlin)'!$A$5:$A$156=F$4,'Sources - Averages (Berlin)'!$B$5:$B$156=$A24)"),300.0) -> 300 | H24: =IFERROR(__xludf.DUMMYFUNCTION("FILTER('Sources - Averages (Berlin)'!$G$5:$G$156,'Sources - Averages (Berlin)'!$A$5:$A$156=H$4,'Sources - Averages (Berlin)'!$B$5:$B$156=$A24)"),3500.0) -> 3500 | I24: =IFERROR(__xludf.DUMMYFUNCTION("FILTER('Sources - Averages (Berlin)'!$G$5:$G$156,'Sources - Averages (Berlin)'!$A$5:$A$156=I$4,'Sources - Averages (Berlin)'!$B$5:$B$156=$A24)"),3500.0) -> 3500 | J24: =IFERROR(__xludf.DUMMYFUNCTION("FILTER('Sources - Averages (Berlin)'!$G$5:$G$156,'Sources - Averages (Berlin)'!$A$5:$A$156=J$4,'Sources - Averages (Berlin)'!$B$5:$B$156=$A24)"),200.0) -> 200 | K24: =IFERROR(__xludf.DUMMYFUNCTION("FILTER('Sources - Averages (Berlin)'!$G$5:$G$156,'Sources - Averages (Berlin)'!$A$5:$A$156=K$4,'Sources - Averages (Berlin)'!$B$5:$B$156=$A24)"),35000.0) -> 35000 | N24: {=SUM(B24:M24)} -> 64500 | O24: =N24-B24 -> 51000
A25: 2010 | B25: =IFERROR(__xludf.DUMMYFUNCTION("FILTER('Sources - Averages (Berlin)'!$G$5:$G$156,'Sources - Averages (Berlin)'!$A$5:$A$156=B$4,'Sources - Averages (Berlin)'!$B$5:$B$156=A25)"),9750.0) -> 9750 | E25: =IFERROR(__xludf.DUMMYFUNCTION("FILTER('Sources - Averages (Berlin)'!$G$5:$G$156,'Sources - Averages (Berlin)'!$A$5:$A$156=E$4,'Sources - Averages (Berlin)'!$B$5:$B$156=$A25)"),12500.0) -> 12500 | F25: =IFERROR(__xludf.DUMMYFUNCTION("FILTER('Sources - Averages (Berlin)'!$G$5:$G$156,'Sources - Averages (Berlin)'!$A$5:$A$156=F$4,'Sources - Averages (Berlin)'!$B$5:$B$156=$A25)"),50.0) -> 50 | I25: =IFERROR(__xludf.DUMMYFUNCTION("FILTER('Sources - Averages (Berlin)'!$G$5:$G$156,'Sources - Averages (Berlin)'!$A$5:$A$156=I$4,'Sources - Averages (Berlin)'!$B$5:$B$156=$A25)"),10000.0) -> 10000 | J25: =IFERROR(__xludf.DUMMYFUNCTION("FILTER('Sources - Averages (Berlin)'!$G$5:$G$156,'Sources - Averages (Berlin)'!$A$5:$A$156=J$4,'Sources - Averages (Berlin)'!$B$5:$B$156=$A25)"),700.0) -> 700 | K25: =IFERROR(__xludf.DUMMYFUNCTION("FILTER('Sources - Averages (Berlin)'!$G$5:$G$156,'Sources - Averages (Berlin)'!$A$5:$A$156=K$4,'Sources - Averages (Berlin)'!$B$5:$B$156=$A25)"),29000.0) -> 29000 | N25: {=SUM(B25:M25)} -> 62000 | O25: =N25-B25 -> 52250
A26: 2011 | B26: =IFERROR(__xludf.DUMMYFUNCTION("FILTER('Sources - Averages (Berlin)'!$G$5:$G$156,'Sources - Averages (Berlin)'!$A$5:$A$156=B$4,'Sources - Averages (Berlin)'!$B$5:$B$156=A26)"),11500.0) -> 11500 | E26: =IFERROR(__xludf.DUMMYFUNCTION("FILTER('Sources - Averages (Berlin)'!$G$5:$G$156,'Sources - Averages (Berlin)'!$A$5:$A$156=E$4,'Sources - Averages (Berlin)'!$B$5:$B$156=$A26)"),11333.333333333334) -> 11333.333 | K26: =IFERROR(__xludf.DUMMYFUNCTION("FILTER('Sources - Averages (Berlin)'!$G$5:$G$156,'Sources - Averages (Berlin)'!$A$5:$A$156=K$4,'Sources - Averages (Berlin)'!$B$5:$B$156=$A26)"),27000.0) -> 27000 | N26: {=SUM(B26:M26)} -> 49833.333 | O26: =N26-B26 -> 38333.333
A27: 2012 | B27: =IFERROR(__xludf.DUMMYFUNCTION("FILTER('Sources - Averages (Berlin)'!$G$5:$G$156,'Sources - Averages (Berlin)'!$A$5:$A$156=B$4,'Sources - Averages (Berlin)'!$B$5:$B$156=A27)"),12625.0) -> 12625 | E27: =IFERROR(__xludf.DUMMYFUNCTION("FILTER('Sources - Averages (Berlin)'!$G$5:$G$156,'Sources - Averages (Berlin)'!$A$5:$A$156=E$4,'Sources - Averages (Berlin)'!$B$5:$B$156=$A27)"),18500.0) -> 18500 | K27: =IFERROR(__xludf.DUMMYFUNCTION("FILTER('Sources - Averages (Berlin)'!$G$5:$G$156,'Sources - Averages (Berlin)'!$A$5:$A$156=K$4,'Sources - Averages (Berlin)'!$B$5:$B$156=$A27)"),31333.333333333332) -> 31333.333 | N27: {=SUM(B27:M27)} -> 62458.333 | O27: =N27-B27 -> 49833.333
A28: 2013 | B28: =IFERROR(__xludf.DUMMYFUNCTION("FILTER('Sources - Averages (Berlin)'!$G$5:$G$156,'Sources - Averages (Berlin)'!$A$5:$A$156=B$4,'Sources - Averages (Berlin)'!$B$5:$B$156=A28)"),9750.0) -> 9750 | E28: =IFERROR(__xludf.DUMMYFUNCTION("FILTER('Sources - Averages (Berlin)'!$G$5:$G$156,'Sources - Averages (Berlin)'!$A$5:$A$156=E$4,'Sources - Averages (Berlin)'!$B$5:$B$156=$A28)"),11666.666666666666) -> 11666.667 | I28: =IFERROR(__xludf.DUMMYFUNCTION("FILTER('Sources - Averages (Berlin)'!$G$5:$G$156,'Sources - Averages (Berlin)'!$A$5:$A$156=I$4,'Sources - Averages (Berlin)'!$B$5:$B$156=$A28)"),2000.0) -> 2000 | J28: =IFERROR(__xludf.DUMMYFUNCTION("FILTER('Sources - Averages (Berlin)'!$G$5:$G$156,'Sources - Averages (Berlin)'!$A$5:$A$156=J$4,'Sources - Averages (Berlin)'!$B$5:$B$156=$A28)"),300.0) -> 300 | K28: =IFERROR(__xludf.DUMMYFUNCTION("FILTER('Sources - Averages (Berlin)'!$G$5:$G$156,'Sources - Averages (Berlin)'!$A$5:$A$156=K$4,'Sources - Averages (Berlin)'!$B$5:$B$156=$A28)"),40000.0) -> 40000 | N28: {=SUM(B28:M28)} -> 63716.667 | O28: =N28-B28 -> 53966.667
A29: 2014 | B29: =IFERROR(__xludf.DUMMYFUNCTION("FILTER('Sources - Averages (Berlin)'!$G$5:$G$156,'Sources - Averages (Berlin)'!$A$5:$A$156=B$4,'Sources - Averages (Berlin)'!$B$5:$B$156=A29)"),10000.0) -> 10000 | E29: =IFERROR(__xludf.DUMMYFUNCTION("FILTER('Sources - Averages (Berlin)'!$G$5:$G$156,'Sources - Averages (Berlin)'!$A$5:$A$156=E$4,'Sources - Averages (Berlin)'!$B$5:$B$156=$A29)"),22000.0) -> 22000 | K29: =IFERROR(__xludf.DUMMYFUNCTION("FILTER('Sources - Averages (Berlin)'!$G$5:$G$156,'Sources - Averages (Berlin)'!$A$5:$A$156=K$4,'Sources - Averages (Berlin)'!$B$5:$B$156=$A29)"),40000.0) -> 40000 | N29: {=SUM(B29:M29)} -> 72000 | O29: =N29-B29 -> 62000
A30: 2015 | B30: =IFERROR(__xludf.DUMMYFUNCTION("FILTER('Sources - Averages (Berlin)'!$G$5:$G$156,'Sources - Averages (Berlin)'!$A$5:$A$156=B$4,'Sources - Averages (Berlin)'!$B$5:$B$156=A30)"),15000.0) -> 15000 | E30: =IFERROR(__xludf.DUMMYFUNCTION("FILTER('Sources - Averages (Berlin)'!$G$5:$G$156,'Sources - Averages (Berlin)'!$A$5:$A$156=E$4,'Sources - Averages (Berlin)'!$B$5:$B$156=$A30)"),25500.0) -> 25500 | I30: =IFERROR(__xludf.DUMMYFUNCTION("FILTER('Sources - Averages (Berlin)'!$G$5:$G$156,'Sources - Averages (Berlin)'!$A$5:$A$156=I$4,'Sources - Averages (Berlin)'!$B$5:$B$156=$A30)"),500.0) -> 500 | J30: =IFERROR(__xludf.DUMMYFUNCTION("FILTER('Sources - Averages (Berlin)'!$G$5:$G$156,'Sources - Averages (Berlin)'!$A$5:$A$156=J$4,'Sources - Averages (Berlin)'!$B$5:$B$156=$A30)"),50.0) -> 50 | K30: =IFERROR(__xludf.DUMMYFUNCTION("FILTER('Sources - Averages (Berlin)'!$G$5:$G$156,'Sources - Averages (Berlin)'!$A$5:$A$156=K$4,'Sources - Averages (Berlin)'!$B$5:$B$156=$A30)"),45000.0) -> 45000 | N30: {=SUM(B30:M30)} -> 86050 | O30: =N30-B30 -> 71050
A31: 2016 | B31: =IFERROR(__xludf.DUMMYFUNCTION("FILTER('Sources - Averages (Berlin)'!$G$5:$G$156,'Sources - Averages (Berlin)'!$A$5:$A$156=B$4,'Sources - Averages (Berlin)'!$B$5:$B$156=A31)"),14000.0) -> 14000 | E31: =IFERROR(__xludf.DUMMYFUNCTION("FILTER('Sources - Averages (Berlin)'!$G$5:$G$156,'Sources - Averages (Berlin)'!$A$5:$A$156=E$4,'Sources - Averages (Berlin)'!$B$5:$B$156=$A31)"),16500.0) -> 16500 | F31: =IFERROR(__xludf.DUMMYFUNCTION("FILTER('Sources - Averages (Berlin)'!$G$5:$G$156,'Sources - Averages (Berlin)'!$A$5:$A$156=F$4,'Sources - Averages (Berlin)'!$B$5:$B$156=$A31)"),250.0) -> 250 | I31: =IFERROR(__xludf.DUMMYFUNCTION("FILTER('Sources - Averages (Berlin)'!$G$5:$G$156,'Sources - Averages (Berlin)'!$A$5:$A$156=I$4,'Sources - Averages (Berlin)'!$B$5:$B$156=$A31)"),900.0) -> 900 | J31: =IFERROR(__xludf.DUMMYFUNCTION("FILTER('Sources - Averages (Berlin)'!$G$5:$G$156,'Sources - Averages (Berlin)'!$A$5:$A$156=J$4,'Sources - Averages (Berlin)'!$B$5:$B$156=$A31)"),50.0) -> 50 | K31: =IFERROR(__xludf.DUMMYFUNCTION("FILTER('Sources - Averages (Berlin)'!$G$5:$G$156,'Sources - Averages (Berlin)'!$A$5:$A$156=K$4,'Sources - Averages (Berlin)'!$B$5:$B$156=$A31)"),30000.0) -> 30000 | N31: {=SUM(B31:M31)} -> 61700 | O31: =N31-B31 -> 47700
A32: 2017 | B32: =IFERROR(__xludf.DUMMYFUNCTION("FILTER('Sources - Averages (Berlin)'!$G$5:$G$156,'Sources - Averages (Berlin)'!$A$5:$A$156=B$4,'Sources - Averages (Berlin)'!$B$5:$B$156=A32)"),14000.0) -> 14000 | E32: =IFERROR(__xludf.DUMMYFUNCTION("FILTER('Sources - Averages (Berlin)'!$G$5:$G$156,'Sources - Averages (Berlin)'!$A$5:$A$156=E$4,'Sources - Averages (Berlin)'!$B$5:$B$156=$A32)"),15000.0) -> 15000 | F32: =IFERROR(__xludf.DUMMYFUNCTION("FILTER('Sources - Averages (Berlin)'!$G$5:$G$156,'Sources - Averages (Berlin)'!$A$5:$A$156=F$4,'Sources - Averages (Berlin)'!$B$5:$B$156=$A32)"),250.0) -> 250 | I32: =IFERROR(__xludf.DUMMYFUNCTION("FILTER('Sources - Averages (Berlin)'!$G$5:$G$156,'Sources - Averages (Berlin)'!$A$5:$A$156=I$4,'Sources - Averages (Berlin)'!$B$5:$B$156=$A32)"),600.0) -> 600 | J32: =IFERROR(__xludf.DUMMYFUNCTION("FILTER('Sources - Averages (Berlin)'!$G$5:$G$156,'Sources - Averages (Berlin)'!$A$5:$A$156=J$4,'Sources - Averages (Berlin)'!$B$5:$B$156=$A32)"),50.0) -> 50 | K32: =IFERROR(__xludf.DUMMYFUNCTION("FILTER('Sources - Averages (Berlin)'!$G$5:$G$156,'Sources - Averages (Berlin)'!$A$5:$A$156=K$4,'Sources - Averages (Berlin)'!$B$5:$B$156=$A32)"),45000.0) -> 45000 | N32: {=SUM(B32:M32)} -> 74900 | O32: =N32-B32 -> 60900
A33: 2018 | B33: =IFERROR(__xludf.DUMMYFUNCTION("FILTER('Sources - Averages (Berlin)'!$G$5:$G$156,'Sources - Averages (Berlin)'!$A$5:$A$156=B$4,'Sources - Averages (Berlin)'!$B$5:$B$156=A33)"),9500.0) -> 9500 | E33: =IFERROR(__xludf.DUMMYFUNCTION("FILTER('Sources - Averages (Berlin)'!$G$5:$G$156,'Sources - Averages (Berlin)'!$A$5:$A$156=E$4,'Sources - Averages (Berlin)'!$B$5:$B$156=$A33)"),12500.0) -> 12500 | F33: =IFERROR(__xludf.DUMMYFUNCTION("FILTER('Sources - Averages (Berlin)'!$G$5:$G$156,'Sources - Averages (Berlin)'!$A$5:$A$156=F$4,'Sources - Averages (Berlin)'!$B$5:$B$156=$A33)"),200.0) -> 200 | J33: =IFERROR(__xludf.DUMMYFUNCTION("FILTER('Sources - Averages (Berlin)'!$G$5:$G$156,'Sources - Averages (Berlin)'!$A$5:$A$156=J$4,'Sources - Averages (Berlin)'!$B$5:$B$156=$A33)"),30.0) -> 30 | K33: =IFERROR(__xludf.DUMMYFUNCTION("FILTER('Sources - Averages (Berlin)'!$G$5:$G$156,'Sources - Averages (Berlin)'!$A$5:$A$156=K$4,'Sources - Averages (Berlin)'!$B$5:$B$156=$A33)"),52000.0) -> 52000 | M33: =IFERROR(__xludf.DUMMYFUNCTION("FILTER('Sources - Averages (Berlin)'!$G$5:$G$156,'Sources - Averages (Berlin)'!$A$5:$A$156=M$4,'Sources - Averages (Berlin)'!$B$5:$B$156=$A33)"),3250.0) -> 3250 | N33: {=SUM(B33:M33)} -> 77480 | O33: =N33-B33 -> 67980
A34: 2019 | B34: =IFERROR(__xludf.DUMMYFUNCTION("FILTER('Sources - Averages (Berlin)'!$G$5:$G$156,'Sources - Averages (Berlin)'!$A$5:$A$156=B$4,'Sources - Averages (Berlin)'!$B$5:$B$156=A34)"),13000.0) -> 13000 | E34: =IFERROR(__xludf.DUMMYFUNCTION("FILTER('Sources - Averages (Berlin)'!$G$5:$G$156,'Sources - Averages (Berlin)'!$A$5:$A$156=E$4,'Sources - Averages (Berlin)'!$B$5:$B$156=$A34)"),10000.0) -> 10000 | F34: =IFERROR(__xludf.DUMMYFUNCTION("FILTER('Sources - Averages (Berlin)'!$G$5:$G$156,'Sources - Averages (Berlin)'!$A$5:$A$156=F$4,'Sources - Averages (Berlin)'!$B$5:$B$156=$A34)"),200.0) -> 200 | I34: =IFERROR(__xludf.DUMMYFUNCTION("FILTER('Sources - Averages (Berlin)'!$G$5:$G$156,'Sources - Averages (Berlin)'!$A$5:$A$156=I$4,'Sources - Averages (Berlin)'!$B$5:$B$156=$A34)"),500.0) -> 500 | J34: =IFERROR(__xludf.DUMMYFUNCTION("FILTER('Sources - Averages (Berlin)'!$G$5:$G$156,'Sources - Averages (Berlin)'!$A$5:$A$156=J$4,'Sources - Averages (Berlin)'!$B$5:$B$156=$A34)"),100.0) -> 100 | K34: =IFERROR(__xludf.DUMMYFUNCTION("FILTER('Sources - Averages (Berlin)'!$G$5:$G$156,'Sources - Averages (Berlin)'!$A$5:$A$156=K$4,'Sources - Averages (Berlin)'!$B$5:$B$156=$A34)"),45000.0) -> 45000 | M34: =IFERROR(__xludf.DUMMYFUNCTION("FILTER('Sources - Averages (Berlin)'!$G$5:$G$156,'Sources - Averages (Berlin)'!$A$5:$A$156=M$4,'Sources - Averages (Berlin)'!$B$5:$B$156=$A34)"),4375.0) -> 4375 | N34: {=SUM(B34:M34)} -> 73175 | O34: =N34-B34 -> 60175
A36: Average attendance per event (years with data):
A37: DGB Berlin (main trade-union rally) | B37: {=IFERROR(AVERAGE(B5:B34),"-")} -> 13997.5 | C37: {=COUNT(B5:B34)} -> 30 | D37: years with data
A38: PDS/Ost (1990-1994) | B38: {=IFERROR(AVERAGE(C5:C34),"-")} -> 7125 | C38: {=COUNT(C5:C34)} -> 4 | D38: years with data
A39: Revolutionary May 1st (joint march, 1990-1995) | B39: {=IFERROR(AVERAGE(D5:D34),"-")} -> 8011.1111 | C39: {=COUNT(D5:D34)} -> 6 | D39: years with data
A40: Revolutionary May 1st (18:00) | B40: {=IFERROR(AVERAGE(E5:E34),"-")} -> 10736.111 | C40: {=COUNT(E5:E34)} -> 24 | D40: years with data
A41: Revolutionary May 1st (13:00) | B41: {=IFERROR(AVERAGE(F5:F34),"-")} -> 1606.1404 | C41: {=COUNT(F5:F34)} -> 19 | D41: years with data
A42: PDS/Ost (1995-2002) | B42: {=IFERROR(AVERAGE(G5:G34),"-")} -> 5100 | C42: {=COUNT(G5:G34)} -> 8 | D42: years with data
A43: EuroMayDay | B43: {=IFERROR(AVERAGE(H5:H34),"-")} -> 5250 | C43: {=COUNT(H5:H34)} -> 4 | D43: years with data
A44: Anti-Nazi counter-demonstration | B44: {=IFERROR(AVERAGE(I5:I34),"-")} -> 2254.3333 | C44: {=COUNT(I5:I34)} -> 15 | D44: years with data
A45: Neo-Nazi march | B45: {=IFERROR(AVERAGE(J5:J34),"-")} -> 456.47059 | C45: {=COUNT(J5:J34)} -> 17 | D45: years with data
A46: MyFest Kreuzberg (festival) | B46: {=IFERROR(AVERAGE(K5:K34),"-")} -> 32784.314 | C46: {=COUNT(K5:K34)} -> 17 | D46: years with data
A47: Mariannenplatzfest (festival) | B47: {=IFERROR(AVERAGE(L5:L34),"-")} -> 7875 | C47: {=COUNT(L5:L34)} -> 4 | D47: years with data
A48: MyGruni | B48: {=IFERROR(AVERAGE(M5:M34),"-")} -> 3812.5 | C48: {=COUNT(M5:M34)} -> 2 | D48: years with data
A50: A blank cell = no data for that year. Columns marked '(no data yet)' are confirmed historical events without a collected attendance figure.

Sheet Event Types - Warsaw
A1: Event types per year - Warsaw, 1990-2019
A2: Counts by event type each year, plus descriptive statistics of how the mix changed over time (source: pipeline/output/pole_*.csv, plus flagged additions - see note)
A4: Year | B4: Total events | C4: Demonstrations | D4: Festivals | E4: Commemorations | F4: Rallies | G4: Counter-demonstrations | H4: Meetings | I4: Happenings | J4: Corsos (car parades) | K4: Mass (Solidarity) | L4: Main rally/festival location
A5: 1990 | B5: =SUM(C5:K5) -> 15 | C5: 5 | D5: 1 | E5: 4 | G5: 1 | H5: 3 | K5: 1 | L5: plac Teatralny
A6: 1991 | B6: =SUM(C6:K6) -> 10 | C6: 5 | E6: 3 | G6: 1 | K6: 1 | L6: plac Teatralny
A7: 1992 | B7: =SUM(C7:K7) -> 8 | C7: 3 | E7: 3 | G7: 1 | K7: 1 | L7: plac Teatralny
A8: 1993 | B8: =SUM(C8:K8) -> 10 | C8: 3 | D8: 1 | E8: 4 | G8: 1 | K8: 1 | L8: plac Teatralny
A9: 1994 | B9: =SUM(C9:K9) -> 12 | C9: 4 | D9: 1 | E9: 4 | G9: 1 | I9: 1 | K9: 1 | L9: plac Teatralny
A10: 1995 | B10: =SUM(C10:K10) -> 13 | C10: 4 | D10: 1 | E10: 4 | G10: 3 | K10: 1 | L10: plac Teatralny
A11: 1996 | B11: =SUM(C11:K11) -> 12 | C11: 5 | D11: 1 | E11: 4 | G11: 1 | K11: 1 | L11: plac Grzybowski
A12: 1997 | B12: =SUM(C12:K12) -> 13 | C12: 2 | D12: 2 | E12: 6 | G12: 3 | L12: plac Grzybowski
A13: 1998 | B13: =SUM(C13:K13) -> 11 | C13: 3 | D13: 1 | E13: 4 | G13: 1 | I13: 1 | K13: 1 | L13: plac Grzybowski
A14: 1999 | B14: =SUM(C14:K14) -> 10 | C14: 2 | D14: 1 | E14: 4 | G14: 2 | K14: 1 | L14: plac Grzybowski
A15: 2000 | B15: =SUM(C15:K15) -> 11 | C15: 3 | D15: 1 | E15: 4 | G15: 1 | I15: 1 | K15: 1 | L15: plac Grzybowski
A16: 2001 | B16: =SUM(C16:K16) -> 10 | C16: 4 | D16: 1 | E16: 3 | G16: 1 | K16: 1 | L16: plac Grzybowski
A17: 2002 | B17: =SUM(C17:K17) -> 9 | C17: 3 | D17: 1 | E17: 2 | G17: 2 | K17: 1 | L17: Sejm RP
A18: 2003 | B18: =SUM(C18:K18) -> 10 | C18: 5 | D18: 1 | E18: 2 | G18: 1 | K18: 1 | L18: Sejm RP
A19: 2004 | B19: =SUM(C19:K19) -> 7 | C19: 3 | D19: 1 | E19: 2 | K19: 1 | L19: Sejm RP
A20: 2005 | B20: =SUM(C20:K20) -> 8 | C20: 2 | D20: 2 | E20: 3 | K20: 1 | L20: Sejm RP
A21: 2006 | B21: =SUM(C21:K21) -> 6 | C21: 2 | E21: 3 | K21: 1 | L21: Sejm RP
A22: 2007 | B22: =SUM(C22:K22) -> 11 | C22: 4 | D22: 1 | E22: 3 | G22: 1 | I22: 1 | K22: 1 | L22: Sejm RP
A23: 2008 | B23: =SUM(C23:K23) -> 9 | C23: 4 | D23: 1 | E23: 3 | K23: 1 | L23: Sejm RP
A24: 2009 | B24: =SUM(C24:K24) -> 10 | C24: 4 | E24: 3 | G24: 2 | K24: 1 | L24: Sejm RP
A25: 2010 | B25: =SUM(C25:K25) -> 4 | C25: 2 | E25: 2 | L25: Sejm RP
A26: 2011 | B26: =SUM(C26:K26) -> 7 | C26: 3 | E26: 4 | L26: Wiec pod OPZZ
A27: 2012 | B27: =SUM(C27:K27) -> 7 | C27: 4 | E27: 2 | H27: 1 | L27: Park Rydza-Śmigłego
A28: 2013 | B28: =SUM(C28:K28) -> 7 | C28: 3 | D28: 1 | E28: 3 | L28: Park Rydza-Śmigłego
A29: 2014 | B29: =SUM(C29:K29) -> 9 | C29: 3 | D29: 1 | E29: 3 | I29: 2 | L29: Park Rydza-Śmigłego
A30: 2015 | B30: =SUM(C30:K30) -> 6 | C30: 3 | D30: 1 | E30: 2
A31: 2016 | B31: =SUM(C31:K31) -> 6 | C31: 3 | D31: 1 | E31: 2 | L31: Sejm RP
A32: 2017 | B32: =SUM(C32:K32) -> 7 | C32: 2 | D32: 2 | E32: 3 | L32: Krakowskie Przedmieście
A33: 2018 | B33: =SUM(C33:K33) -> 9 | C33: 4 | D33: 2 | E33: 2 | G33: 1 | L33: Krakowskie Przedmieście
A34: 2019 | B34: =SUM(C34:K34) -> 13 | C34: 3 | D34: 4 | E34: 6
A36: Totals, 1990-2019
A37: Event type | B37: Total count | C37: Avg. per year | D37: Years present | E37: Share of all events
A38: Demonstrations | B38: =SUM(C5:C34) -> 100 | C38: =IFERROR(AVERAGE(C5:C34),0) -> 3.3333333 | D38: =COUNT(C5:C34) -> 30 | E38: =IFERROR((B38/$B$46),"") -> 0.35714286
A39: Festivals | B39: =SUM(D5:D34) -> 30 | C39: =IFERROR(AVERAGE(D5:D34),0) -> 1.3043478 | D39: =COUNT(D5:D34) -> 23 | E39: =IFERROR((B39/$B$46),"") -> 0.10714286
A40: Commemorations | B40: =SUM(E5:E34) -> 97 | C40: =IFERROR(AVERAGE(E5:E34),0) -> 3.2333333 | D40: =COUNT(E5:E34) -> 30 | E40: =IFERROR((B40/$B$46),"") -> 0.34642857
A41: Counter-demonstrations | B41: =SUM(G5:G34) -> 24 | C41: =IFERROR(AVERAGE(G5:G34),0) -> 1.4117647 | D41: =COUNT(G5:G34) -> 17 | E41: =IFERROR((B41/$B$46),"") -> 0.085714286
A42: Meetings | B42: =SUM(H5:H34) -> 4 | C42: =IFERROR(AVERAGE(H5:H34),0) -> 2 | D42: =COUNT(H5:H34) -> 2 | E42: =IFERROR((B42/$B$46),"") -> 0.014285714
A43: Happenings | B43: =SUM(I5:I34) -> 6 | C43: =IFERROR(AVERAGE(I5:I34),0) -> 1.2 | D43: =COUNT(I5:I34) -> 5 | E43: =IFERROR((B43/$B$46),"") -> 0.021428571
A44: Corsos (car parades) | B44: =SUM(J5:J34) -> 0 | C44: =IFERROR(AVERAGE(J5:J34),0) -> 0 | D44: =COUNT(J5:J34) -> 0 | E44: =IFERROR((B44/$B$46),"") -> 0
A45: Mass (Solidarity) | B45: =SUM(K5:K34) -> 19 | C45: =IFERROR(AVERAGE(K5:K34),0) -> 1 | D45: =COUNT(K5:K34) -> 19 | E45: =IFERROR((B45/$B$46),"") -> 0.067857143
A46: All types | B46: =SUM(B38:B45) -> 280 | E46: =IFERROR((B46/$B$46),"") -> 1
A48: By decade (share of that decade's events, %)
A49: Event type | B49: 1990-1999 | C49: 2000-2009 | D49: 2010-2019
A50: Demonstrations | B50: =IFERROR(SUM(C5:C14)/SUM($C5:$K14),0) -> 0.31578947 | C50: =IFERROR(SUM(C15:C24)/SUM($C15:$K24),0) -> 0.37362637 | D50: =IFERROR(SUM(C25:C34)/SUM($C25:$K34),0) -> 0.4
A51: Festivals | B51: =IFERROR(SUM(D5:D14)/SUM($C5:$K14),0) -> 0.078947368 | C51: =IFERROR(SUM(D15:D24)/SUM($C15:$K24),0) -> 0.098901099 | D51: =IFERROR(SUM(D25:D34)/SUM($C25:$K34),0) -> 0.16
A52: Commemorations | B52: =IFERROR(SUM(E5:E14)/SUM($C5:$K14),0) -> 0.35087719 | C52: =IFERROR(SUM(E15:E24)/SUM($C15:$K24),0) -> 0.30769231 | D52: =IFERROR(SUM(E25:E34)/SUM($C25:$K34),0) -> 0.38666667
A53: Rallies | B53: =IFERROR(SUM(F5:F14)/SUM($C5:$K14),0) -> 0 | C53: =IFERROR(SUM(F15:F24)/SUM($C15:$K24),0) -> 0 | D53: =IFERROR(SUM(F25:F34)/SUM($C25:$K34),0) -> 0
A54: Counter-demonstrations | B54: =IFERROR(SUM(G5:G14)/SUM($C5:$K14),0) -> 0.13157895 | C54: =IFERROR(SUM(G15:G24)/SUM($C15:$K24),0) -> 0.087912088 | D54: =IFERROR(SUM(G25:G34)/SUM($C25:$K34),0) -> 0.013333333
A55: Meetings | B55: =IFERROR(SUM(H5:H14)/SUM($C5:$K14),0) -> 0.026315789 | C55: =IFERROR(SUM(H15:H24)/SUM($C15:$K24),0) -> 0 | D55: =IFERROR(SUM(H25:H34)/SUM($C25:$K34),0) -> 0.013333333
A56: Happenings | B56: =IFERROR(SUM(I5:I14)/SUM($C5:$K14),0) -> 0.01754386 | C56: =IFERROR(SUM(I15:I24)/SUM($C15:$K24),0) -> 0.021978022 | D56: =IFERROR(SUM(I25:I34)/SUM($C25:$K34),0) -> 0.026666667
A57: Corsos (car parades) | B57: =IFERROR(SUM(J5:J14)/SUM($C5:$K14),0) -> 0 | C57: =IFERROR(SUM(J15:J24)/SUM($C15:$K24),0) -> 0 | D57: =IFERROR(SUM(J25:J34)/SUM($C25:$K34),0) -> 0
A58: Mass (Solidarity) | B58: =IFERROR(SUM(K5:K14)/SUM($C5:$K14),0) -> 0.078947368 | C58: =IFERROR(SUM(K15:K24)/SUM($C15:$K24),0) -> 0.10989011 | D58: =IFERROR(SUM(K25:K34)/SUM($C25:$K34),0) -> 0
A60: Total events' counts every mapped event of any type in that year (from the project's event-mapping, PLUS the flagged additions below). Decade shares are of that decade's own total event count, so they show how the COMPOSITION changed even as the overall number of events varied. A blank cell = zero events of that type that year.
A62: PRELIMINARY, XLSX-ONLY ADDITION: 'Mass (Solidarity)' is not in pole_warszawa.csv. 1990-1996;1998;2000;2003;2007;2009 (bold) are confirmed by cited sources ('Warszawa1.xlsx', Solidarnosc sheet). others (red italic) are an ASSUMED continuation of the yearly mass, UNCONFIRMED - flagged for verification, not a sourced fact.
A63: SIGNAL FOR THE PIPELINE/DATABASE TASK: both corrections above are applied only in this workbook. They should be reviewed and, if confirmed, folded into pole_warszawa.csv / pole_berlin.csv (and the underlying event database) by whichever task maintains that pipeline.

Sheet Event Types - Berlin
A1: Event types per year - Berlin, 1990-2019
A2: Counts by event type each year, plus descriptive statistics of how the mix changed over time
A4: Year | B4: Total events | C4: Demonstrations | D4: Festivals* | E4: Commemorations | F4: Rallies | G4: Counter-demonstrations | H4: Meetings | I4: Happenings | J4: Corsos (car parades) | K4: Main rally/festival location
A5: 1990 | B5: =SUM(C5:J5) -> 13 | C5: 9 | D5: 4 | K5: Platz der Republik
A6: 1991 | B6: =SUM(C6:J6) -> 18 | C6: 7 | D6: 10 | H6: 1 | K6: Platz der Republik
A7: 1992 | B7: =SUM(C7:J7) -> 24 | C7: 10 | D7: 14 | K7: Lustgarten
A8: 1993 | B8: =SUM(C8:J8) -> 20 | C8: 10 | D8: 8 | G8: 1 | H8: 1 | K8: Lustgarten
A9: 1994 | B9: =SUM(C9:J9) -> 26 | C9: 13 | D9: 12 | G9: 1 | K9: Lustgarten
A10: 1995 | B10: =SUM(C10:J10) -> 19 | C10: 6 | D10: 12 | J10: 1 | K10: Köllnischer Park
A11: 1996 | B11: =SUM(C11:J11) -> 19 | C11: 13 | D11: 6 | K11: Rotes Rathaus
A12: 1997 | B12: =SUM(C12:J12) -> 18 | C12: 8 | D12: 10 | K12: Rotes Rathaus
A13: 1998 | B13: =SUM(C13:J13) -> 13 | C13: 10 | D13: 3 | K13: Rotes Rathaus
A14: 1999 | B14: =SUM(C14:J14) -> 14 | C14: 11 | D14: 3 | K14: Rotes Rathaus
A15: 2000 | B15: =SUM(C15:J15) -> 23 | C15: 10 | D15: 12 | J15: 1 | K15: Rotes Rathaus
A16: 2001 | B16: =SUM(C16:J16) -> 19 | C16: 14 | D16: 5 | K16: Rotes Rathaus
A17: 2002 | B17: =SUM(C17:J17) -> 24 | C17: 7 | D17: 13 | G17: 3 | I17: 1 | K17: Rotes Rathaus
A18: 2003 | B18: =SUM(C18:J18) -> 13 | C18: 5 | D18: 5 | G18: 2 | J18: 1 | K18: Rotes Rathaus
A19: 2004 | B19: =SUM(C19:J19) -> 12 | C19: 8 | D19: 3 | G19: 1 | K19: Rotes Rathaus
A20: 2005 | B20: =SUM(C20:J20) -> 19 | C20: 9 | D20: 8 | J20: 2 | K20: Rotes Rathaus
A21: 2006 | B21: =SUM(C21:J21) -> 15 | C21: 7 | D21: 4 | J21: 4 | K21: Brandenburger Tor
A22: 2007 | B22: =SUM(C22:J22) -> 16 | C22: 6 | D22: 6 | J22: 4 | K22: Brandenburger Tor
A23: 2008 | B23: =SUM(C23:J23) -> 11 | C23: 5 | D23: 4 | J23: 2 | K23: Brandenburger Tor
A24: 2009 | B24: =SUM(C24:J24) -> 15 | C24: 5 | D24: 6 | G24: 1 | J24: 3 | K24: Brandenburger Tor
A25: 2010 | B25: =SUM(C25:J25) -> 19 | C25: 8 | D25: 7 | G25: 2 | J25: 2 | K25: Brandenburger Tor
A26: 2011 | B26: =SUM(C26:J26) -> 14 | C26: 5 | D26: 6 | J26: 3 | K26: Brandenburger Tor
A27: 2012 | B27: =SUM(C27:J27) -> 15 | C27: 4 | D27: 8 | G27: 1 | J27: 2 | K27: Brandenburger Tor
A28: 2013 | B28: =SUM(C28:J28) -> 14 | C28: 6 | D28: 5 | G28: 1 | J28: 2 | K28: Brandenburger Tor
A29: 2014 | B29: =SUM(C29:J29) -> 11 | C29: 4 | D29: 5 | J29: 2 | K29: Brandenburger Tor
A30: 2015 | B30: =SUM(C30:J30) -> 17 | C30: 7 | D30: 7 | G30: 1 | J30: 2 | K30: Brandenburger Tor
A31: 2016 | B31: =SUM(C31:J31) -> 25 | C31: 8 | D31: 10 | G31: 5 | J31: 2 | K31: Brandenburger Tor
A32: 2017 | B32: =SUM(C32:J32) -> 21 | C32: 7 | D32: 11 | G32: 1 | J32: 2 | K32: Brandenburger Tor
A33: 2018 | B33: =SUM(C33:J33) -> 15 | C33: 4 | D33: 9 | J33: 2 | K33: Brandenburger Tor
A34: 2019 | B34: =SUM(C34:J34) -> 18 | C34: 7 | D34: 8 | E34: 1 | J34: 2 | K34: Brandenburger Tor
A35: *Does not include district level festivals
A36: Totals, 1990-2019
A37: Event type | B37: Total count | C37: Avg. per year | D37: Years present | E37: Share of all events
A38: Demonstrations | B38: =SUM(C5:C34) -> 233 | C38: =IFERROR(AVERAGE(C5:C34),0) -> 7.7666667 | D38: =COUNT(C5:C34) -> 30 | E38: =IFERROR((B38/$B$44),"") -> 0.44980695
A39: Festivals | B39: =SUM(D5:D34) -> 224 | C39: =IFERROR(AVERAGE(D5:D34),0) -> 7.4666667 | D39: =COUNT(D5:D34) -> 30 | E39: =IFERROR((B39/$B$44),"") -> 0.43243243
A40: Commemorations | B40: =SUM(E5:E34) -> 1 | C40: =IFERROR(AVERAGE(E5:E34),0) -> 1 | D40: =COUNT(E5:E34) -> 1 | E40: =IFERROR((B40/$B$44),"") -> 0.0019305019
A41: Counter-demonstrations | B41: =SUM(G5:G34) -> 20 | C41: =IFERROR(AVERAGE(G5:G34),0) -> 1.6666667 | D41: =COUNT(G5:G34) -> 12 | E41: =IFERROR((B41/$B$44),"") -> 0.038610039
A42: Happenings | B42: =SUM(I5:I34) -> 1 | C42: =IFERROR(AVERAGE(I5:I34),0) -> 1 | D42: =COUNT(I5:I34) -> 1 | E42: =IFERROR((B42/$B$44),"") -> 0.0019305019
A43: Corsos (car parades) | B43: =SUM(J5:J34) -> 39 | C43: =IFERROR(AVERAGE(J5:J34),0) -> 2.1666667 | D43: =COUNT(J5:J34) -> 18 | E43: =IFERROR((B43/$B$44),"") -> 0.075289575
A44: All types | B44: =SUM(B38:B43) -> 518 | E44: =IFERROR((B44/$B$44),"") -> 1
A46: By decade (share of that decade's events, %)
A47: Event type | B47: 1990-1999 | C47: 2000-2009 | D47: 2010-2019
A48: Demonstrations | B48: =IFERROR(SUM(C5:C14)/SUM($C5:$J14),0) -> 0.52717391 | C48: =IFERROR(SUM(C15:C24)/SUM($C15:$J24),0) -> 0.45508982 | D48: =IFERROR(SUM(C25:C34)/SUM($C25:$J34),0) -> 0.35502959
A49: Festivals | B49: =IFERROR(SUM(D5:D14)/SUM($C5:$J14),0) -> 0.44565217 | C49: =IFERROR(SUM(D15:D24)/SUM($C15:$J24),0) -> 0.39520958 | D49: =IFERROR(SUM(D25:D34)/SUM($C25:$J34),0) -> 0.44970414
A50: Commemorations | B50: =IFERROR(SUM(E5:E14)/SUM($C5:$J14),0) -> 0 | C50: =IFERROR(SUM(E15:E24)/SUM($C15:$J24),0) -> 0 | D50: =IFERROR(SUM(E25:E34)/SUM($C25:$J34),0) -> 0.0059171598
A51: Counter-demonstrations | B51: =IFERROR(SUM(G5:G14)/SUM($C5:$J14),0) -> 0.010869565 | C51: =IFERROR(SUM(G15:G24)/SUM($C15:$J24),0) -> 0.041916168 | D51: =IFERROR(SUM(G25:G34)/SUM($C25:$J34),0) -> 0.065088757
A52: Meetings | B52: =IFERROR(SUM(H5:H14)/SUM($C5:$J14),0) -> 0.010869565 | C52: =IFERROR(SUM(H15:H24)/SUM($C15:$J24),0) -> 0 | D52: =IFERROR(SUM(H25:H34)/SUM($C25:$J34),0) -> 0
A53: Happenings | B53: =IFERROR(SUM(I5:I14)/SUM($C5:$J14),0) -> 0 | C53: =IFERROR(SUM(I15:I24)/SUM($C15:$J24),0) -> 0.005988024 | D53: =IFERROR(SUM(I25:I34)/SUM($C25:$J34),0) -> 0
A54: Corsos (car parades) | B54: =IFERROR(SUM(J5:J14)/SUM($C5:$J14),0) -> 0.0054347826 | C54: =IFERROR(SUM(J15:J24)/SUM($C15:$J24),0) -> 0.10179641 | D54: =IFERROR(SUM(J25:J34)/SUM($C25:$J34),0) -> 0.12426036

Sheet Sources - Observations (Berlin)
A1: Source observations - attendance, Berlin
A2: Individual cited estimates (press / organisers / police) behind the yearly averages in the Attendance/Events sheets
A4: Event | B4: Year | C4: Attendance | D4: Source category | E4: Source / citation
A5: Anti-Nazi counter-demonstration | B5: 1992 | C5: 200 | D5: press | E5: Gluckspilz
A6: Anti-Nazi counter-demonstration | B6: 1994 | C6: 400 | D6: press | E6: taz
A7: Anti-Nazi counter-demonstration | B7: 1994 | C7: 500 | D7: press | E7: Gluckspilz
A8: Anti-Nazi counter-demonstration | B8: 1996 | C8: 40 | D8: organisers | E8: Breitenbach (JW 3.05)
A9: Anti-Nazi counter-demonstration | B9: 2000 | C9: 10000 | D9: press | E9: ND
A10: Anti-Nazi counter-demonstration | B10: 2001 | C10: 350 | D10: press | E10: taz
A11: Anti-Nazi counter-demonstration | B11: 2001 | C11: 600 | D11: press | E11: Tsg, s. 11
A12: Anti-Nazi counter-demonstration | B12: 2002 | C12: 1000 | D12: press | E12: taz
A13: Anti-Nazi counter-demonstration | B13: 2003 | C13: 200 | D13: press | E13: LÖPA
A14: Anti-Nazi counter-demonstration | B14: 2003 | C14: 300 | D14: press | E14: taz
A15: Anti-Nazi counter-demonstration | B15: 2004 | C15: 2300 | D15: press | E15: LÖPA
A16: Anti-Nazi counter-demonstration | B16: 2004 | C16: 4500 | D16: press | E16: Umbruch
... A314: Revolutionary May 1st (joint march, 1990-1995) | B314: 1995 | C314: 2000 | D314: press | E314: Gluckspilz
A316: Primary source: internal DGB Berlin research workbook ('FrekwencjaDGB16.xlsx', supplied by the user). Categories: press = media reports, organisers = DGB/organiser estimates, police = police figures. 2020: cancelled (pandemic); years beyond 2019 are shown for context and fall outside the 1990-2019 scope of the rest of the workbook.

Sheet Sources - Averages (Berlin)
A1: Averaging methodology - Berlin
A2: For each event and year: average by press / organisers / police, and the pooled average across all sources (this is the value used in the Attendance/Events sheets)
A4: Event | B4: Year | C4: Average - press | D4: Average - organisers | E4: Average - police | F4: Number of sources (n) | G4: Average across all sources | H4: Used in Attendance/Events
A5: Anti-Nazi counter-demonstration | B5: 1992 | C5: {=IFERROR(AVERAGEIFS('Sources - Observations (Berlin)'!$C$5:$C$314,'Sources - Observations (Berlin)'!$A$5:$A$314,$A5,'Sources - Observations (Berlin)'!$B$5:$B$314,$B5,'Sources - Observations (Berlin)'!$D$5:$D$314,"press"),"")} -> 200 | D5: {=IFERROR(AVERAGEIFS('Sources - Observations (Berlin)'!$C$5:$C$314,'Sources - Observations (Berlin)'!$A$5:$A$314,$A5,'Sources - Observations (Berlin)'!$B$5:$B$314,$B5,'Sources - Observations (Berlin)'!$D$5:$D$314,"organisers"),"")} | E5: {=IFERROR(AVERAGEIFS('Sources - Observations (Berlin)'!$C$5:$C$314,'Sources - Observations (Berlin)'!$A$5:$A$314,$A5,'Sources - Observations (Berlin)'!$B$5:$B$314,$B5,'Sources - Observations (Berlin)'!$D$5:$D$314,"police"),"")} | F5: {=COUNTIFS('Sources - Observations (Berlin)'!$A$5:$A$314,$A5,'Sources - Observations (Berlin)'!$B$5:$B$314,$B5)} -> 1 | G5: {=IFERROR(AVERAGEIFS('Sources - Observations (Berlin)'!$C$5:$C$314,'Sources - Observations (Berlin)'!$A$5:$A$314,$A5,'Sources - Observations (Berlin)'!$B$5:$B$314,$B5),"")} -> 200 | H5: Yes
A6: Anti-Nazi counter-demonstration | B6: 1994 | C6: {=IFERROR(AVERAGEIFS('Sources - Observations (Berlin)'!$C$5:$C$314,'Sources - Observations (Berlin)'!$A$5:$A$314,$A6,'Sources - Observations (Berlin)'!$B$5:$B$314,$B6,'Sources - Observations (Berlin)'!$D$5:$D$314,"press"),"")} -> 450 | D6: {=IFERROR(AVERAGEIFS('Sources - Observations (Berlin)'!$C$5:$C$314,'Sources - Observations (Berlin)'!$A$5:$A$314,$A6,'Sources - Observations (Berlin)'!$B$5:$B$314,$B6,'Sources - Observations (Berlin)'!$D$5:$D$314,"organisers"),"")} | E6: {=IFERROR(AVERAGEIFS('Sources - Observations (Berlin)'!$C$5:$C$314,'Sources - Observations (Berlin)'!$A$5:$A$314,$A6,'Sources - Observations (Berlin)'!$B$5:$B$314,$B6,'Sources - Observations (Berlin)'!$D$5:$D$314,"police"),"")} | F6: {=COUNTIFS('Sources - Observations (Berlin)'!$A$5:$A$314,$A6,'Sources - Observations (Berlin)'!$B$5:$B$314,$B6)} -> 2 | G6: {=IFERROR(AVERAGEIFS('Sources - Observations (Berlin)'!$C$5:$C$314,'Sources - Observations (Berlin)'!$A$5:$A$314,$A6,'Sources - Observations (Berlin)'!$B$5:$B$314,$B6),"")} -> 450 | H6: Yes
A7: Anti-Nazi counter-demonstration | B7: 1996 | C7: {=IFERROR(AVERAGEIFS('Sources - Observations (Berlin)'!$C$5:$C$314,'Sources - Observations (Berlin)'!$A$5:$A$314,$A7,'Sources - Observations (Berlin)'!$B$5:$B$314,$B7,'Sources - Observations (Berlin)'!$D$5:$D$314,"press"),"")} | D7: {=IFERROR(AVERAGEIFS('Sources - Observations (Berlin)'!$C$5:$C$314,'Sources - Observations (Berlin)'!$A$5:$A$314,$A7,'Sources - Observations (Berlin)'!$B$5:$B$314,$B7,'Sources - Observations (Berlin)'!$D$5:$D$314,"organisers"),"")} -> 40 | E7: {=IFERROR(AVERAGEIFS('Sources - Observations (Berlin)'!$C$5:$C$314,'Sources - Observations (Berlin)'!$A$5:$A$314,$A7,'Sources - Observations (Berlin)'!$B$5:$B$314,$B7,'Sources - Observations (Berlin)'!$D$5:$D$314,"police"),"")} | F7: {=COUNTIFS('Sources - Observations (Berlin)'!$A$5:$A$314,$A7,'Sources - Observations (Berlin)'!$B$5:$B$314,$B7)} -> 1 | G7: {=IFERROR(AVERAGEIFS('Sources - Observations (Berlin)'!$C$5:$C$314,'Sources - Observations (Berlin)'!$A$5:$A$314,$A7,'Sources - Observations (Berlin)'!$B$5:$B$314,$B7),"")} -> 40 | H7: Yes
A8: Anti-Nazi counter-demonstration | B8: 2000 | C8: {=IFERROR(AVERAGEIFS('Sources - Observations (Berlin)'!$C$5:$C$314,'Sources - Observations (Berlin)'!$A$5:$A$314,$A8,'Sources - Observations (Berlin)'!$B$5:$B$314,$B8,'Sources - Observations (Berlin)'!$D$5:$D$314,"press"),"")} -> 10000 | D8: {=IFERROR(AVERAGEIFS('Sources - Observations (Berlin)'!$C$5:$C$314,'Sources - Observations (Berlin)'!$A$5:$A$314,$A8,'Sources - Observations (Berlin)'!$B$5:$B$314,$B8,'Sources - Observations (Berlin)'!$D$5:$D$314,"organisers"),"")} | E8: {=IFERROR(AVERAGEIFS('Sources - Observations (Berlin)'!$C$5:$C$314,'Sources - Observations (Berlin)'!$A$5:$A$314,$A8,'Sources - Observations (Berlin)'!$B$5:$B$314,$B8,'Sources - Observations (Berlin)'!$D$5:$D$314,"police"),"")} | F8: {=COUNTIFS('Sources - Observations (Berlin)'!$A$5:$A$314,$A8,'Sources - Observations (Berlin)'!$B$5:$B$314,$B8)} -> 1 | G8: {=IFERROR(AVERAGEIFS('Sources - Observations (Berlin)'!$C$5:$C$314,'Sources - Observations (Berlin)'!$A$5:$A$314,$A8,'Sources - Observations (Berlin)'!$B$5:$B$314,$B8),"")} -> 10000 | H8: Yes
A9: Anti-Nazi counter-demonstration | B9: 2001 | C9: {=IFERROR(AVERAGEIFS('Sources - Observations (Berlin)'!$C$5:$C$314,'Sources - Observations (Berlin)'!$A$5:$A$314,$A9,'Sources - Observations (Berlin)'!$B$5:$B$314,$B9,'Sources - Observations (Berlin)'!$D$5:$D$314,"press"),"")} -> 475 | D9: {=IFERROR(AVERAGEIFS('Sources - Observations (Berlin)'!$C$5:$C$314,'Sources - Observations (Berlin)'!$A$5:$A$314,$A9,'Sources - Observations (Berlin)'!$B$5:$B$314,$B9,'Sources - Observations (Berlin)'!$D$5:$D$314,"organisers"),"")} | E9: {=IFERROR(AVERAGEIFS('Sources - Observations (Berlin)'!$C$5:$C$314,'Sources - Observations (Berlin)'!$A$5:$A$314,$A9,'Sources - Observations (Berlin)'!$B$5:$B$314,$B9,'Sources - Observations (Berlin)'!$D$5:$D$314,"police"),"")} | F9: {=COUNTIFS('Sources - Observations (Berlin)'!$A$5:$A$314,$A9,'Sources - Observations (Berlin)'!$B$5:$B$314,$B9)} -> 2 | G9: {=IFERROR(AVERAGEIFS('Sources - Observations (Berlin)'!$C$5:$C$314,'Sources - Observations (Berlin)'!$A$5:$A$314,$A9,'Sources - Observations (Berlin)'!$B$5:$B$314,$B9),"")} -> 475 | H9: Yes
A10: Anti-Nazi counter-demonstration | B10: 2002 | C10: {=IFERROR(AVERAGEIFS('Sources - Observations (Berlin)'!$C$5:$C$314,'Sources - Observations (Berlin)'!$A$5:$A$314,$A10,'Sources - Observations (Berlin)'!$B$5:$B$314,$B10,'Sources - Observations (Berlin)'!$D$5:$D$314,"press"),"")} -> 1000 | D10: {=IFERROR(AVERAGEIFS('Sources - Observations (Berlin)'!$C$5:$C$314,'Sources - Observations (Berlin)'!$A$5:$A$314,$A10,'Sources - Observations (Berlin)'!$B$5:$B$314,$B10,'Sources - Observations (Berlin)'!$D$5:$D$314,"organisers"),"")} | E10: {=IFERROR(AVERAGEIFS('Sources - Observations (Berlin)'!$C$5:$C$314,'Sources - Observations (Berlin)'!$A$5:$A$314,$A10,'Sources - Observations (Berlin)'!$B$5:$B$314,$B10,'Sources - Observations (Berlin)'!$D$5:$D$314,"police"),"")} | F10: {=COUNTIFS('Sources - Observations (Berlin)'!$A$5:$A$314,$A10,'Sources - Observations (Berlin)'!$B$5:$B$314,$B10)} -> 1 | G10: {=IFERROR(AVERAGEIFS('Sources - Observations (Berlin)'!$C$5:$C$314,'Sources - Observations (Berlin)'!$A$5:$A$314,$A10,'Sources - Observations (Berlin)'!$B$5:$B$314,$B10),"")} -> 1000 | H10: Yes
A11: Anti-Nazi counter-demonstration | B11: 2003 | C11: {=IFERROR(AVERAGEIFS('Sources - Observations (Berlin)'!$C$5:$C$314,'Sources - Observations (Berlin)'!$A$5:$A$314,$A11,'Sources - Observations (Berlin)'!$B$5:$B$314,$B11,'Sources - Observations (Berlin)'!$D$5:$D$314,"press"),"")} -> 250 | D11: {=IFERROR(AVERAGEIFS('Sources - Observations (Berlin)'!$C$5:$C$314,'Sources - Observations (Berlin)'!$A$5:$A$314,$A11,'Sources - Observations (Berlin)'!$B$5:$B$314,$B11,'Sources - Observations (Berlin)'!$D$5:$D$314,"organisers"),"")} | E11: {=IFERROR(AVERAGEIFS('Sources - Observations (Berlin)'!$C$5:$C$314,'Sources - Observations (Berlin)'!$A$5:$A$314,$A11,'Sources - Observations (Berlin)'!$B$5:$B$314,$B11,'Sources - Observations (Berlin)'!$D$5:$D$314,"police"),"")} | F11: {=COUNTIFS('Sources - Observations (Berlin)'!$A$5:$A$314,$A11,'Sources - Observations (Berlin)'!$B$5:$B$314,$B11)} -> 2 | G11: {=IFERROR(AVERAGEIFS('Sources - Observations (Berlin)'!$C$5:$C$314,'Sources - Observations (Berlin)'!$A$5:$A$314,$A11,'Sources - Observations (Berlin)'!$B$5:$B$314,$B11),"")} -> 250 | H11: Yes
A12: Anti-Nazi counter-demonstration | B12: 2004 | C12: {=IFERROR(AVERAGEIFS('Sources - Observations (Berlin)'!$C$5:$C$314,'Sources - Observations (Berlin)'!$A$5:$A$314,$A12,'Sources - Observations (Berlin)'!$B$5:$B$314,$B12,'Sources - Observations (Berlin)'!$D$5:$D$314,"press"),"")} -> 3400 | D12: {=IFERROR(AVERAGEIFS('Sources - Observations (Berlin)'!$C$5:$C$314,'Sources - Observations (Berlin)'!$A$5:$A$314,$A12,'Sources - Observations (Berlin)'!$B$5:$B$314,$B12,'Sources - Observations (Berlin)'!$D$5:$D$314,"organisers"),"")} | E12: {=IFERROR(AVERAGEIFS('Sources - Observations (Berlin)'!$C$5:$C$314,'Sources - Observations (Berlin)'!$A$5:$A$314,$A12,'Sources - Observations (Berlin)'!$B$5:$B$314,$B12,'Sources - Observations (Berlin)'!$D$5:$D$314,"police"),"")} | F12: {=COUNTIFS('Sources - Observations (Berlin)'!$A$5:$A$314,$A12,'Sources - Observations (Berlin)'!$B$5:$B$314,$B12)} -> 2 | G12: {=IFERROR(AVERAGEIFS('Sources - Observations (Berlin)'!$C$5:$C$314,'Sources - Observations (Berlin)'!$A$5:$A$314,$A12,'Sources - Observations (Berlin)'!$B$5:$B$314,$B12),"")} -> 3400 | H12: Yes
A13: Anti-Nazi counter-demonstration | B13: 2009 | C13: {=IFERROR(AVERAGEIFS('Sources - Observations (Berlin)'!$C$5:$C$314,'Sources - Observations (Berlin)'!$A$5:$A$314,$A13,'Sources - Observations (Berlin)'!$B$5:$B$314,$B13,'Sources - Observations (Berlin)'!$D$5:$D$314,"press"),"")} | D13: {=IFERROR(AVERAGEIFS('Sources - Observations (Berlin)'!$C$5:$C$314,'Sources - Observations (Berlin)'!$A$5:$A$314,$A13,'Sources - Observations (Berlin)'!$B$5:$B$314,$B13,'Sources - Observations (Berlin)'!$D$5:$D$314,"organisers"),"")} | E13: {=IFERROR(AVERAGEIFS('Sources - Observations (Berlin)'!$C$5:$C$314,'Sources - Observations (Berlin)'!$A$5:$A$314,$A13,'Sources - Observations (Berlin)'!$B$5:$B$314,$B13,'Sources - Observations (Berlin)'!$D$5:$D$314,"police"),"")} -> 3500 | F13: {=COUNTIFS('Sources - Observations (Berlin)'!$A$5:$A$314,$A13,'Sources - Observations (Berlin)'!$B$5:$B$314,$B13)} -> 1 | G13: {=IFERROR(AVERAGEIFS('Sources - Observations (Berlin)'!$C$5:$C$314,'Sources - Observations (Berlin)'!$A$5:$A$314,$A13,'Sources - Observations (Berlin)'!$B$5:$B$314,$B13),"")} -> 3500 | H13: Yes
A14: Anti-Nazi counter-demonstration | B14: 2010 | C14: {=IFERROR(AVERAGEIFS('Sources - Observations (Berlin)'!$C$5:$C$314,'Sources - Observations (Berlin)'!$A$5:$A$314,$A14,'Sources - Observations (Berlin)'!$B$5:$B$314,$B14,'Sources - Observations (Berlin)'!$D$5:$D$314,"press"),"")} -> 10000 | D14: {=IFERROR(AVERAGEIFS('Sources - Observations (Berlin)'!$C$5:$C$314,'Sources - Observations (Berlin)'!$A$5:$A$314,$A14,'Sources - Observations (Berlin)'!$B$5:$B$314,$B14,'Sources - Observations (Berlin)'!$D$5:$D$314,"organisers"),"")} | E14: {=IFERROR(AVERAGEIFS('Sources - Observations (Berlin)'!$C$5:$C$314,'Sources - Observations (Berlin)'!$A$5:$A$314,$A14,'Sources - Observations (Berlin)'!$B$5:$B$314,$B14,'Sources - Observations (Berlin)'!$D$5:$D$314,"police"),"")} | F14: {=COUNTIFS('Sources - Observations (Berlin)'!$A$5:$A$314,$A14,'Sources - Observations (Berlin)'!$B$5:$B$314,$B14)} -> 1 | G14: {=IFERROR(AVERAGEIFS('Sources - Observations (Berlin)'!$C$5:$C$314,'Sources - Observations (Berlin)'!$A$5:$A$314,$A14,'Sources - Observations (Berlin)'!$B$5:$B$314,$B14),"")} -> 10000 | H14: Yes
A15: Anti-Nazi counter-demonstration | B15: 2013 | C15: {=IFERROR(AVERAGEIFS('Sources - Observations (Berlin)'!$C$5:$C$314,'Sources - Observations (Berlin)'!$A$5:$A$314,$A15,'Sources - Observations (Berlin)'!$B$5:$B$314,$B15,'Sources - Observations (Berlin)'!$D$5:$D$314,"press"),"")} -> 2000 | D15: {=IFERROR(AVERAGEIFS('Sources - Observations (Berlin)'!$C$5:$C$314,'Sources - Observations (Berlin)'!$A$5:$A$314,$A15,'Sources - Observations (Berlin)'!$B$5:$B$314,$B15,'Sources - Observations (Berlin)'!$D$5:$D$314,"organisers"),"")} | E15: {=IFERROR(AVERAGEIFS('Sources - Observations (Berlin)'!$C$5:$C$314,'Sources - Observations (Berlin)'!$A$5:$A$314,$A15,'Sources - Observations (Berlin)'!$B$5:$B$314,$B15,'Sources - Observations (Berlin)'!$D$5:$D$314,"police"),"")} | F15: {=COUNTIFS('Sources - Observations (Berlin)'!$A$5:$A$314,$A15,'Sources - Observations (Berlin)'!$B$5:$B$314,$B15)} -> 1 | G15: {=IFERROR(AVERAGEIFS('Sources - Observations (Berlin)'!$C$5:$C$314,'Sources - Observations (Berlin)'!$A$5:$A$314,$A15,'Sources - Observations (Berlin)'!$B$5:$B$314,$B15),"")} -> 2000 | H15: Yes
A16: Anti-Nazi counter-demonstration | B16: 2015 | C16: {=IFERROR(AVERAGEIFS('Sources - Observations (Berlin)'!$C$5:$C$314,'Sources - Observations (Berlin)'!$A$5:$A$314,$A16,'Sources - Observations (Berlin)'!$B$5:$B$314,$B16,'Sources - Observations (Berlin)'!$D$5:$D$314,"press"),"")} -> 500 | D16: {=IFERROR(AVERAGEIFS('Sources - Observations (Berlin)'!$C$5:$C$314,'Sources - Observations (Berlin)'!$A$5:$A$314,$A16,'Sources - Observations (Berlin)'!$B$5:$B$314,$B16,'Sources - Observations (Berlin)'!$D$5:$D$314,"organisers"),"")} | E16: {=IFERROR(AVERAGEIFS('Sources - Observations (Berlin)'!$C$5:$C$314,'Sources - Observations (Berlin)'!$A$5:$A$314,$A16,'Sources - Observations (Berlin)'!$B$5:$B$314,$B16,'Sources - Observations (Berlin)'!$D$5:$D$314,"police"),"")} | F16: {=COUNTIFS('Sources - Observations (Berlin)'!$A$5:$A$314,$A16,'Sources - Observations (Berlin)'!$B$5:$B$314,$B16)} -> 1 | G16: {=IFERROR(AVERAGEIFS('Sources - Observations (Berlin)'!$C$5:$C$314,'Sources - Observations (Berlin)'!$A$5:$A$314,$A16,'Sources - Observations (Berlin)'!$B$5:$B$314,$B16),"")} -> 500 | H16: Yes
... A97: PDS/Ost | B97: 1994 | C97: {=IFERROR(AVERAGEIFS('Sources - Observations (Berlin)'!$C$5:$C$314,'Sources - Observations (Berlin)'!$A$5:$A$314,$A97,'Sources - Observations (Berlin)'!$B$5:$B$314,$B97,'Sources - Observations (Berlin)'!$D$5:$D$314,"press"),"")} -> 1000 | D97: {=IFERROR(AVERAGEIFS('Sources - Observations (Berlin)'!$C$5:$C$314,'Sources - Observations (Berlin)'!$A$5:$A$314,$A97,'Sources - Observations (Berlin)'!$B$5:$B$314,$B97,'Sources - Observations (Berlin)'!$D$5:$D$314,"organisers"),"")} | E97: {=IFERROR(AVERAGEIFS('Sources - Observations (Berlin)'!$C$5:$C$314,'Sources - Observations (Berlin)'!$A$5:$A$314,$A97,'Sources - Observations (Berlin)'!$B$5:$B$314,$B97,'Sources - Observations (Berlin)'!$D$5:$D$314,"police"),"")} | F97: {=COUNTIFS('Sources - Observations (Berlin)'!$A$5:$A$314,$A97,'Sources - Observations (Berlin)'!$B$5:$B$314,$B97)} -> 1 | G97: {=IFERROR(AVERAGEIFS('Sources - Observations (Berlin)'!$C$5:$C$314,'Sources - Observations (Berlin)'!$A$5:$A$314,$A97,'Sources - Observations (Berlin)'!$B$5:$B$314,$B97),"")} -> 1000 | H97: Yes
A98: PDS/Ost | B98: 1995 | F98: 0 (average year before and after) | G98: =AVERAGE(G97,G99) -> 1600 | H98: Yes
A99: PDS/Ost | B99: 1996 | C99: {=IFERROR(AVERAGEIFS('Sources - Observations (Berlin)'!$C$5:$C$314,'Sources - Observations (Berlin)'!$A$5:$A$314,$A99,'Sources - Observations (Berlin)'!$B$5:$B$314,$B99,'Sources - Observations (Berlin)'!$D$5:$D$314,"press"),"")} -> 2200 | D99: {=IFERROR(AVERAGEIFS('Sources - Observations (Berlin)'!$C$5:$C$314,'Sources - Observations (Berlin)'!$A$5:$A$314,$A99,'Sources - Observations (Berlin)'!$B$5:$B$314,$B99,'Sources - Observations (Berlin)'!$D$5:$D$314,"organisers"),"")} | E99: {=IFERROR(AVERAGEIFS('Sources - Observations (Berlin)'!$C$5:$C$314,'Sources - Observations (Berlin)'!$A$5:$A$314,$A99,'Sources - Observations (Berlin)'!$B$5:$B$314,$B99,'Sources - Observations (Berlin)'!$D$5:$D$314,"police"),"")} | F99: {=COUNTIFS('Sources - Observations (Berlin)'!$A$5:$A$314,$A99,'Sources - Observations (Berlin)'!$B$5:$B$314,$B99)} -> 2 | G99: {=IFERROR(AVERAGEIFS('Sources - Observations (Berlin)'!$C$5:$C$314,'Sources - Observations (Berlin)'!$A$5:$A$314,$A99,'Sources - Observations (Berlin)'!$B$5:$B$314,$B99),"")} -> 2200 | H99: Yes
A100: PDS/Ost | B100: 1997 | C100: {=IFERROR(AVERAGEIFS('Sources - Observations (Berlin)'!$C$5:$C$314,'Sources - Observations (Berlin)'!$A$5:$A$314,$A100,'Sources - Observations (Berlin)'!$B$5:$B$314,$B100,'Sources - Observations (Berlin)'!$D$5:$D$314,"press"),"")} -> 5000 | D100: {=IFERROR(AVERAGEIFS('Sources - Observations (Berlin)'!$C$5:$C$314,'Sources - Observations (Berlin)'!$A$5:$A$314,$A100,'Sources - Observations (Berlin)'!$B$5:$B$314,$B100,'Sources - Observations (Berlin)'!$D$5:$D$314,"organisers"),"")} -> 15000 | E100: {=IFERROR(AVERAGEIFS('Sources - Observations (Berlin)'!$C$5:$C$314,'Sources - Observations (Berlin)'!$A$5:$A$314,$A100,'Sources - Observations (Berlin)'!$B$5:$B$314,$B100,'Sources - Observations (Berlin)'!$D$5:$D$314,"police"),"")} -> 2000 | F100: {=COUNTIFS('Sources - Observations (Berlin)'!$A$5:$A$314,$A100,'Sources - Observations (Berlin)'!$B$5:$B$314,$B100)} -> 3 | G100: {=IFERROR(AVERAGEIFS('Sources - Observations (Berlin)'!$C$5:$C$314,'Sources - Observations (Berlin)'!$A$5:$A$314,$A100,'Sources - Observations (Berlin)'!$B$5:$B$314,$B100),"")} -> 7333.3333 | H100: Yes
A101: PDS/Ost | B101: 1998 | C101: {=IFERROR(AVERAGEIFS('Sources - Observations (Berlin)'!$C$5:$C$314,'Sources - Observations (Berlin)'!$A$5:$A$314,$A101,'Sources - Observations (Berlin)'!$B$5:$B$314,$B101,'Sources - Observations (Berlin)'!$D$5:$D$314,"press"),"")} -> 6500 | D101: {=IFERROR(AVERAGEIFS('Sources - Observations (Berlin)'!$C$5:$C$314,'Sources - Observations (Berlin)'!$A$5:$A$314,$A101,'Sources - Observations (Berlin)'!$B$5:$B$314,$B101,'Sources - Observations (Berlin)'!$D$5:$D$314,"organisers"),"")} | E101: {=IFERROR(AVERAGEIFS('Sources - Observations (Berlin)'!$C$5:$C$314,'Sources - Observations (Berlin)'!$A$5:$A$314,$A101,'Sources - Observations (Berlin)'!$B$5:$B$314,$B101,'Sources - Observations (Berlin)'!$D$5:$D$314,"police"),"")} | F101: {=COUNTIFS('Sources - Observations (Berlin)'!$A$5:$A$314,$A101,'Sources - Observations (Berlin)'!$B$5:$B$314,$B101)} -> 2 | G101: {=IFERROR(AVERAGEIFS('Sources - Observations (Berlin)'!$C$5:$C$314,'Sources - Observations (Berlin)'!$A$5:$A$314,$A101,'Sources - Observations (Berlin)'!$B$5:$B$314,$B101),"")} -> 6500 | H101: Yes
A102: PDS/Ost | B102: 1999 | C102: {=IFERROR(AVERAGEIFS('Sources - Observations (Berlin)'!$C$5:$C$314,'Sources - Observations (Berlin)'!$A$5:$A$314,$A102,'Sources - Observations (Berlin)'!$B$5:$B$314,$B102,'Sources - Observations (Berlin)'!$D$5:$D$314,"press"),"")} -> 10000 | D102: {=IFERROR(AVERAGEIFS('Sources - Observations (Berlin)'!$C$5:$C$314,'Sources - Observations (Berlin)'!$A$5:$A$314,$A102,'Sources - Observations (Berlin)'!$B$5:$B$314,$B102,'Sources - Observations (Berlin)'!$D$5:$D$314,"organisers"),"")} | E102: {=IFERROR(AVERAGEIFS('Sources - Observations (Berlin)'!$C$5:$C$314,'Sources - Observations (Berlin)'!$A$5:$A$314,$A102,'Sources - Observations (Berlin)'!$B$5:$B$314,$B102,'Sources - Observations (Berlin)'!$D$5:$D$314,"police"),"")} | F102: {=COUNTIFS('Sources - Observations (Berlin)'!$A$5:$A$314,$A102,'Sources - Observations (Berlin)'!$B$5:$B$314,$B102)} -> 1 | G102: {=IFERROR(AVERAGEIFS('Sources - Observations (Berlin)'!$C$5:$C$314,'Sources - Observations (Berlin)'!$A$5:$A$314,$A102,'Sources - Observations (Berlin)'!$B$5:$B$314,$B102),"")} -> 10000 | H102: Yes
A103: PDS/Ost | B103: 2000 | C103: {=IFERROR(AVERAGEIFS('Sources - Observations (Berlin)'!$C$5:$C$314,'Sources - Observations (Berlin)'!$A$5:$A$314,$A103,'Sources - Observations (Berlin)'!$B$5:$B$314,$B103,'Sources - Observations (Berlin)'!$D$5:$D$314,"press"),"")} -> 3666.6667 | D103: {=IFERROR(AVERAGEIFS('Sources - Observations (Berlin)'!$C$5:$C$314,'Sources - Observations (Berlin)'!$A$5:$A$314,$A103,'Sources - Observations (Berlin)'!$B$5:$B$314,$B103,'Sources - Observations (Berlin)'!$D$5:$D$314,"organisers"),"")} | E103: {=IFERROR(AVERAGEIFS('Sources - Observations (Berlin)'!$C$5:$C$314,'Sources - Observations (Berlin)'!$A$5:$A$314,$A103,'Sources - Observations (Berlin)'!$B$5:$B$314,$B103,'Sources - Observations (Berlin)'!$D$5:$D$314,"police"),"")} | F103: {=COUNTIFS('Sources - Observations (Berlin)'!$A$5:$A$314,$A103,'Sources - Observations (Berlin)'!$B$5:$B$314,$B103)} -> 3 | G103: {=IFERROR(AVERAGEIFS('Sources - Observations (Berlin)'!$C$5:$C$314,'Sources - Observations (Berlin)'!$A$5:$A$314,$A103,'Sources - Observations (Berlin)'!$B$5:$B$314,$B103),"")} -> 3666.6667 | H103: Yes
A104: PDS/Ost | B104: 2001 | C104: {=IFERROR(AVERAGEIFS('Sources - Observations (Berlin)'!$C$5:$C$314,'Sources - Observations (Berlin)'!$A$5:$A$314,$A104,'Sources - Observations (Berlin)'!$B$5:$B$314,$B104,'Sources - Observations (Berlin)'!$D$5:$D$314,"press"),"")} -> 7250 | D104: {=IFERROR(AVERAGEIFS('Sources - Observations (Berlin)'!$C$5:$C$314,'Sources - Observations (Berlin)'!$A$5:$A$314,$A104,'Sources - Observations (Berlin)'!$B$5:$B$314,$B104,'Sources - Observations (Berlin)'!$D$5:$D$314,"organisers"),"")} | E104: {=IFERROR(AVERAGEIFS('Sources - Observations (Berlin)'!$C$5:$C$314,'Sources - Observations (Berlin)'!$A$5:$A$314,$A104,'Sources - Observations (Berlin)'!$B$5:$B$314,$B104,'Sources - Observations (Berlin)'!$D$5:$D$314,"police"),"")} | F104: {=COUNTIFS('Sources - Observations (Berlin)'!$A$5:$A$314,$A104,'Sources - Observations (Berlin)'!$B$5:$B$314,$B104)} -> 2 | G104: {=IFERROR(AVERAGEIFS('Sources - Observations (Berlin)'!$C$5:$C$314,'Sources - Observations (Berlin)'!$A$5:$A$314,$A104,'Sources - Observations (Berlin)'!$B$5:$B$314,$B104),"")} -> 7250 | H104: Yes
A105: PDS/Ost | B105: 2002 | C105: {=IFERROR(AVERAGEIFS('Sources - Observations (Berlin)'!$C$5:$C$314,'Sources - Observations (Berlin)'!$A$5:$A$314,$A105,'Sources - Observations (Berlin)'!$B$5:$B$314,$B105,'Sources - Observations (Berlin)'!$D$5:$D$314,"press"),"")} -> 2250 | D105: {=IFERROR(AVERAGEIFS('Sources - Observations (Berlin)'!$C$5:$C$314,'Sources - Observations (Berlin)'!$A$5:$A$314,$A105,'Sources - Observations (Berlin)'!$B$5:$B$314,$B105,'Sources - Observations (Berlin)'!$D$5:$D$314,"organisers"),"")} | E105: {=IFERROR(AVERAGEIFS('Sources - Observations (Berlin)'!$C$5:$C$314,'Sources - Observations (Berlin)'!$A$5:$A$314,$A105,'Sources - Observations (Berlin)'!$B$5:$B$314,$B105,'Sources - Observations (Berlin)'!$D$5:$D$314,"police"),"")} | F105: {=COUNTIFS('Sources - Observations (Berlin)'!$A$5:$A$314,$A105,'Sources - Observations (Berlin)'!$B$5:$B$314,$B105)} -> 2 | G105: {=IFERROR(AVERAGEIFS('Sources - Observations (Berlin)'!$C$5:$C$314,'Sources - Observations (Berlin)'!$A$5:$A$314,$A105,'Sources - Observations (Berlin)'!$B$5:$B$314,$B105),"")} -> 2250 | H105: Yes
A106: Revolutionary May 1st (13:00) | B106: 1996 | C106: {=IFERROR(AVERAGEIFS('Sources - Observations (Berlin)'!$C$5:$C$314,'Sources - Observations (Berlin)'!$A$5:$A$314,$A106,'Sources - Observations (Berlin)'!$B$5:$B$314,$B106,'Sources - Observations (Berlin)'!$D$5:$D$314,"press"),"")} -> 3000 | D106: {=IFERROR(AVERAGEIFS('Sources - Observations (Berlin)'!$C$5:$C$314,'Sources - Observations (Berlin)'!$A$5:$A$314,$A106,'Sources - Observations (Berlin)'!$B$5:$B$314,$B106,'Sources - Observations (Berlin)'!$D$5:$D$314,"organisers"),"")} | E106: {=IFERROR(AVERAGEIFS('Sources - Observations (Berlin)'!$C$5:$C$314,'Sources - Observations (Berlin)'!$A$5:$A$314,$A106,'Sources - Observations (Berlin)'!$B$5:$B$314,$B106,'Sources - Observations (Berlin)'!$D$5:$D$314,"police"),"")} | F106: {=COUNTIFS('Sources - Observations (Berlin)'!$A$5:$A$314,$A106,'Sources - Observations (Berlin)'!$B$5:$B$314,$B106)} -> 1 | G106: {=IFERROR(AVERAGEIFS('Sources - Observations (Berlin)'!$C$5:$C$314,'Sources - Observations (Berlin)'!$A$5:$A$314,$A106,'Sources - Observations (Berlin)'!$B$5:$B$314,$B106),"")} -> 3000 | H106: Yes
A107: Revolutionary May 1st (13:00) | B107: 1997 | C107: {=IFERROR(AVERAGEIFS('Sources - Observations (Berlin)'!$C$5:$C$314,'Sources - Observations (Berlin)'!$A$5:$A$314,$A107,'Sources - Observations (Berlin)'!$B$5:$B$314,$B107,'Sources - Observations (Berlin)'!$D$5:$D$314,"press"),"")} -> 2000 | D107: {=IFERROR(AVERAGEIFS('Sources - Observations (Berlin)'!$C$5:$C$314,'Sources - Observations (Berlin)'!$A$5:$A$314,$A107,'Sources - Observations (Berlin)'!$B$5:$B$314,$B107,'Sources - Observations (Berlin)'!$D$5:$D$314,"organisers"),"")} | E107: {=IFERROR(AVERAGEIFS('Sources - Observations (Berlin)'!$C$5:$C$314,'Sources - Observations (Berlin)'!$A$5:$A$314,$A107,'Sources - Observations (Berlin)'!$B$5:$B$314,$B107,'Sources - Observations (Berlin)'!$D$5:$D$314,"police"),"")} | F107: {=COUNTIFS('Sources - Observations (Berlin)'!$A$5:$A$314,$A107,'Sources - Observations (Berlin)'!$B$5:$B$314,$B107)} -> 1 | G107: {=IFERROR(AVERAGEIFS('Sources - Observations (Berlin)'!$C$5:$C$314,'Sources - Observations (Berlin)'!$A$5:$A$314,$A107,'Sources - Observations (Berlin)'!$B$5:$B$314,$B107),"")} -> 2000 | H107: Yes
A108: Revolutionary May 1st (13:00) | B108: 1998 | C108: {=IFERROR(AVERAGEIFS('Sources - Observations (Berlin)'!$C$5:$C$314,'Sources - Observations (Berlin)'!$A$5:$A$314,$A108,'Sources - Observations (Berlin)'!$B$5:$B$314,$B108,'Sources - Observations (Berlin)'!$D$5:$D$314,"press"),"")} -> 1750 | D108: {=IFERROR(AVERAGEIFS('Sources - Observations (Berlin)'!$C$5:$C$314,'Sources - Observations (Berlin)'!$A$5:$A$314,$A108,'Sources - Observations (Berlin)'!$B$5:$B$314,$B108,'Sources - Observations (Berlin)'!$D$5:$D$314,"organisers"),"")} | E108: {=IFERROR(AVERAGEIFS('Sources - Observations (Berlin)'!$C$5:$C$314,'Sources - Observations (Berlin)'!$A$5:$A$314,$A108,'Sources - Observations (Berlin)'!$B$5:$B$314,$B108,'Sources - Observations (Berlin)'!$D$5:$D$314,"police"),"")} | F108: {=COUNTIFS('Sources - Observations (Berlin)'!$A$5:$A$314,$A108,'Sources - Observations (Berlin)'!$B$5:$B$314,$B108)} -> 1 | G108: {=IFERROR(AVERAGEIFS('Sources - Observations (Berlin)'!$C$5:$C$314,'Sources - Observations (Berlin)'!$A$5:$A$314,$A108,'Sources - Observations (Berlin)'!$B$5:$B$314,$B108),"")} -> 1750 | H108: Yes
A109: Revolutionary May 1st (13:00) | B109: 1999 | C109: {=IFERROR(AVERAGEIFS('Sources - Observations (Berlin)'!$C$5:$C$314,'Sources - Observations (Berlin)'!$A$5:$A$314,$A109,'Sources - Observations (Berlin)'!$B$5:$B$314,$B109,'Sources - Observations (Berlin)'!$D$5:$D$314,"press"),"")} -> 1500 | D109: {=IFERROR(AVERAGEIFS('Sources - Observations (Berlin)'!$C$5:$C$314,'Sources - Observations (Berlin)'!$A$5:$A$314,$A109,'Sources - Observations (Berlin)'!$B$5:$B$314,$B109,'Sources - Observations (Berlin)'!$D$5:$D$314,"organisers"),"")} | E109: {=IFERROR(AVERAGEIFS('Sources - Observations (Berlin)'!$C$5:$C$314,'Sources - Observations (Berlin)'!$A$5:$A$314,$A109,'Sources - Observations (Berlin)'!$B$5:$B$314,$B109,'Sources - Observations (Berlin)'!$D$5:$D$314,"police"),"")} | F109: {=COUNTIFS('Sources - Observations (Berlin)'!$A$5:$A$314,$A109,'Sources - Observations (Berlin)'!$B$5:$B$314,$B109)} -> 1 | G109: {=IFERROR(AVERAGEIFS('Sources - Observations (Berlin)'!$C$5:$C$314,'Sources - Observations (Berlin)'!$A$5:$A$314,$A109,'Sources - Observations (Berlin)'!$B$5:$B$314,$B109),"")} -> 1500 | H109: Yes
A110: Revolutionary May 1st (13:00) | B110: 2000 | C110: {=IFERROR(AVERAGEIFS('Sources - Observations (Berlin)'!$C$5:$C$314,'Sources - Observations (Berlin)'!$A$5:$A$314,$A110,'Sources - Observations (Berlin)'!$B$5:$B$314,$B110,'Sources - Observations (Berlin)'!$D$5:$D$314,"press"),"")} -> 1266.6667 | D110: {=IFERROR(AVERAGEIFS('Sources - Observations (Berlin)'!$C$5:$C$314,'Sources - Observations (Berlin)'!$A$5:$A$314,$A110,'Sources - Observations (Berlin)'!$B$5:$B$314,$B110,'Sources - Observations (Berlin)'!$D$5:$D$314,"organisers"),"")} | E110: {=IFERROR(AVERAGEIFS('Sources - Observations (Berlin)'!$C$5:$C$314,'Sources - Observations (Berlin)'!$A$5:$A$314,$A110,'Sources - Observations (Berlin)'!$B$5:$B$314,$B110,'Sources - Observations (Berlin)'!$D$5:$D$314,"police"),"")} | F110: {=COUNTIFS('Sources - Observations (Berlin)'!$A$5:$A$314,$A110,'Sources - Observations (Berlin)'!$B$5:$B$314,$B110)} -> 3 | G110: {=IFERROR(AVERAGEIFS('Sources - Observations (Berlin)'!$C$5:$C$314,'Sources - Observations (Berlin)'!$A$5:$A$314,$A110,'Sources - Observations (Berlin)'!$B$5:$B$314,$B110),"")} -> 1266.6667 | H110: Yes
... A156: Revolutionary May 1st (joint march, 1990-1995) | B156: 1995 | C156: {=IFERROR(AVERAGEIFS('Sources - Observations (Berlin)'!$C$5:$C$314,'Sources - Observations (Berlin)'!$A$5:$A$314,$A156,'Sources - Observations (Berlin)'!$B$5:$B$314,$B156,'Sources - Observations (Berlin)'!$D$5:$D$314,"press"),"")} -> 2250 | D156: {=IFERROR(AVERAGEIFS('Sources - Observations (Berlin)'!$C$5:$C$314,'Sources - Observations (Berlin)'!$A$5:$A$314,$A156,'Sources - Observations (Berlin)'!$B$5:$B$314,$B156,'Sources - Observations (Berlin)'!$D$5:$D$314,"organisers"),"")} | E156: {=IFERROR(AVERAGEIFS('Sources - Observations (Berlin)'!$C$5:$C$314,'Sources - Observations (Berlin)'!$A$5:$A$314,$A156,'Sources - Observations (Berlin)'!$B$5:$B$314,$B156,'Sources - Observations (Berlin)'!$D$5:$D$314,"police"),"")} | F156: {=COUNTIFS('Sources - Observations (Berlin)'!$A$5:$A$314,$A156,'Sources - Observations (Berlin)'!$B$5:$B$314,$B156)} -> 2 | G156: {=IFERROR(AVERAGEIFS('Sources - Observations (Berlin)'!$C$5:$C$314,'Sources - Observations (Berlin)'!$A$5:$A$314,$A156,'Sources - Observations (Berlin)'!$B$5:$B$314,$B156),"")} -> 2250 | H156: Yes
A158: 'Average across all sources' = simple mean of every cited estimate for that event/year regardless of category; this is the value feeding the Attendance and Events sheets. A blank category column = no source of that category that year.

Sheet Sources - Observations (Warsaw)
A1: Source observations - attendance, Warsaw
A2: Individual cited press estimates behind the yearly averages (no press/organiser/police split available for Warsaw)
A4: Event | B4: Year | C4: Attendance | D4: Source / citation
A5: OPZZ / trade unions (main march) | B5: 1990 | C5: 5000 | D5: Gazeta Wyborcza
A6: OPZZ / trade unions (main march) | B6: 1990 | C6: 12000 | D6: Rzeczpospolita
A7: OPZZ / trade unions (main march) | B7: 1990 | C7: 10000 | D7: TPZ
A8: OPZZ / trade unions (main march) | B8: 1990 | C8: 30000 | D8: Życie Warszawy
A9: OPZZ / trade unions (main march) | B9: 1991 | C9: 10000 | D9: Gazeta Wyborcza
A10: OPZZ / trade unions (main march) | B10: 1991 | C10: 15000 | D10: Życie Warszawy
A11: OPZZ / trade unions (main march) | B11: 1992 | C11: 15000 | D11: Gazeta Wyborcza
A12: OPZZ / trade unions (main march) | B12: 1992 | C12: 30000 | D12: TPZ
A13: OPZZ / trade unions (main march) | B13: 1992 | C13: 4000 | D13: Życie Warszawy
A14: OPZZ / trade unions (main march) | B14: 1992 | C14: 47000 | D14: Dziennik Trybuna
A15: OPZZ / trade unions (main march) | B15: 1993 | C15: 1500 | D15: Gazeta Wyborcza (dolna estymacja)
A16: OPZZ / trade unions (main march) | B16: 1993 | C16: 4000 | D16: Gazeta Wyborcza (górna estymacja)
... A122: Solidarity mass (1990-1994) | B122: 1994 | C122: 300 | D122: nagrania TVP –estymacja
A124: Primary source: user-supplied workbook 'Warszawa1.xlsx' (Polish press citations: Gazeta Wyborcza, Rzeczpospolita, Zycie Warszawy, Dziennik Trybuna, TPZ, and others). Unlike Berlin, sources are not split into press/organisers/police categories.

Sheet Sources - Averages (Warsaw)
A1: Averaging methodology - Warsaw
A2: For each event and year: pooled average across all cited sources (this is the value used in the Attendance/Events sheets)
A4: Event | B4: Year | C4: Number of sources (n) | D4: Average across all sources | E4: Used in Attendance/Events
A5: OPZZ / trade unions (main march) | B5: 1990 | C5: {=COUNTIFS('Sources - Observations (Warsaw)'!$A$5:$A$122,$A5,'Sources - Observations (Warsaw)'!$B$5:$B$122,$B5)} -> 4 | D5: {=IFERROR(AVERAGEIFS('Sources - Observations (Warsaw)'!$C$5:$C$140,'Sources - Observations (Warsaw)'!$A$5:$A$140,$A5,'Sources - Observations (Warsaw)'!$B$5:$B$140,$B5),"")} -> 14250 | E5: Yes
A6: OPZZ / trade unions (main march) | B6: 1991 | C6: {=COUNTIFS('Sources - Observations (Warsaw)'!$A$5:$A$122,$A6,'Sources - Observations (Warsaw)'!$B$5:$B$122,$B6)} -> 2 | D6: {=IFERROR(AVERAGEIFS('Sources - Observations (Warsaw)'!$C$5:$C$140,'Sources - Observations (Warsaw)'!$A$5:$A$140,$A6,'Sources - Observations (Warsaw)'!$B$5:$B$140,$B6),"")} -> 12500 | E6: Yes
A7: OPZZ / trade unions (main march) | B7: 1992 | C7: {=COUNTIFS('Sources - Observations (Warsaw)'!$A$5:$A$122,$A7,'Sources - Observations (Warsaw)'!$B$5:$B$122,$B7)} -> 4 | D7: {=IFERROR(AVERAGEIFS('Sources - Observations (Warsaw)'!$C$5:$C$140,'Sources - Observations (Warsaw)'!$A$5:$A$140,$A7,'Sources - Observations (Warsaw)'!$B$5:$B$140,$B7),"")} -> 24000 | E7: Yes
A8: OPZZ / trade unions (main march) | B8: 1993 | C8: {=COUNTIFS('Sources - Observations (Warsaw)'!$A$5:$A$122,$A8,'Sources - Observations (Warsaw)'!$B$5:$B$122,$B8)} -> 3 | D8: {=IFERROR(AVERAGEIFS('Sources - Observations (Warsaw)'!$C$5:$C$140,'Sources - Observations (Warsaw)'!$A$5:$A$140,$A8,'Sources - Observations (Warsaw)'!$B$5:$B$140,$B8),"")} -> 6166.6667 | E8: Yes
A9: OPZZ / trade unions (main march) | B9: 1994 | C9: {=COUNTIFS('Sources - Observations (Warsaw)'!$A$5:$A$122,$A9,'Sources - Observations (Warsaw)'!$B$5:$B$122,$B9)} -> 2 | D9: {=IFERROR(AVERAGEIFS('Sources - Observations (Warsaw)'!$C$5:$C$140,'Sources - Observations (Warsaw)'!$A$5:$A$140,$A9,'Sources - Observations (Warsaw)'!$B$5:$B$140,$B9),"")} -> 3000 | E9: Yes
A10: OPZZ / trade unions (main march) | B10: 1995 | C10: {=COUNTIFS('Sources - Observations (Warsaw)'!$A$5:$A$122,$A10,'Sources - Observations (Warsaw)'!$B$5:$B$122,$B10)} -> 4 | D10: {=IFERROR(AVERAGEIFS('Sources - Observations (Warsaw)'!$C$5:$C$140,'Sources - Observations (Warsaw)'!$A$5:$A$140,$A10,'Sources - Observations (Warsaw)'!$B$5:$B$140,$B10),"")} -> 4500 | E10: Yes
A11: OPZZ / trade unions (main march) | B11: 1996 | C11: {=COUNTIFS('Sources - Observations (Warsaw)'!$A$5:$A$122,$A11,'Sources - Observations (Warsaw)'!$B$5:$B$122,$B11)} -> 4 | D11: {=IFERROR(AVERAGEIFS('Sources - Observations (Warsaw)'!$C$5:$C$140,'Sources - Observations (Warsaw)'!$A$5:$A$140,$A11,'Sources - Observations (Warsaw)'!$B$5:$B$140,$B11),"")} -> 4500 | E11: Yes
A12: OPZZ / trade unions (main march) | B12: 1997 | C12: {=COUNTIFS('Sources - Observations (Warsaw)'!$A$5:$A$122,$A12,'Sources - Observations (Warsaw)'!$B$5:$B$122,$B12)} -> 4 | D12: {=IFERROR(AVERAGEIFS('Sources - Observations (Warsaw)'!$C$5:$C$140,'Sources - Observations (Warsaw)'!$A$5:$A$140,$A12,'Sources - Observations (Warsaw)'!$B$5:$B$140,$B12),"")} -> 2500 | E12: Yes
A13: OPZZ / trade unions (main march) | B13: 1998 | C13: {=COUNTIFS('Sources - Observations (Warsaw)'!$A$5:$A$122,$A13,'Sources - Observations (Warsaw)'!$B$5:$B$122,$B13)} -> 3 | D13: {=IFERROR(AVERAGEIFS('Sources - Observations (Warsaw)'!$C$5:$C$140,'Sources - Observations (Warsaw)'!$A$5:$A$140,$A13,'Sources - Observations (Warsaw)'!$B$5:$B$140,$B13),"")} -> 4000 | E13: Yes
A14: OPZZ / trade unions (main march) | B14: 1999 | C14: {=COUNTIFS('Sources - Observations (Warsaw)'!$A$5:$A$122,$A14,'Sources - Observations (Warsaw)'!$B$5:$B$122,$B14)} -> 5 | D14: {=IFERROR(AVERAGEIFS('Sources - Observations (Warsaw)'!$C$5:$C$140,'Sources - Observations (Warsaw)'!$A$5:$A$140,$A14,'Sources - Observations (Warsaw)'!$B$5:$B$140,$B14),"")} -> 9200 | E14: Yes
A15: OPZZ / trade unions (main march) | B15: 2000 | C15: {=COUNTIFS('Sources - Observations (Warsaw)'!$A$5:$A$122,$A15,'Sources - Observations (Warsaw)'!$B$5:$B$122,$B15)} -> 4 | D15: {=IFERROR(AVERAGEIFS('Sources - Observations (Warsaw)'!$C$5:$C$140,'Sources - Observations (Warsaw)'!$A$5:$A$140,$A15,'Sources - Observations (Warsaw)'!$B$5:$B$140,$B15),"")} -> 2250 | E15: Yes
A16: OPZZ / trade unions (main march) | B16: 2001 | C16: {=COUNTIFS('Sources - Observations (Warsaw)'!$A$5:$A$122,$A16,'Sources - Observations (Warsaw)'!$B$5:$B$122,$B16)} -> 4 | D16: {=IFERROR(AVERAGEIFS('Sources - Observations (Warsaw)'!$C$5:$C$140,'Sources - Observations (Warsaw)'!$A$5:$A$140,$A16,'Sources - Observations (Warsaw)'!$B$5:$B$140,$B16),"")} -> 7500 | E16: Yes
... A29: OPZZ / trade unions (main march) | B29: 2014 | C29: {=COUNTIFS('Sources - Observations (Warsaw)'!$A$5:$A$122,$A29,'Sources - Observations (Warsaw)'!$B$5:$B$122,$B29)} -> 3 | D29: {=IFERROR(AVERAGEIFS('Sources - Observations (Warsaw)'!$C$5:$C$140,'Sources - Observations (Warsaw)'!$A$5:$A$140,$A29,'Sources - Observations (Warsaw)'!$B$5:$B$140,$B29),"")} -> 7333.3333 | E29: Yes
A30: OPZZ / trade unions (main march) | B30: 2015 | D30: {=IFERROR(AVERAGEIFS('Sources - Observations (Warsaw)'!$C$5:$C$140,'Sources - Observations (Warsaw)'!$A$5:$A$140,$A30,'Sources - Observations (Warsaw)'!$B$5:$B$140,$B30),"")} -> 0 | E30: Yes
A31: OPZZ / trade unions (main march) | B31: 2016 | C31: {=COUNTIFS('Sources - Observations (Warsaw)'!$A$5:$A$122,$A31,'Sources - Observations (Warsaw)'!$B$5:$B$122,$B31)} -> 4 | D31: {=IFERROR(AVERAGEIFS('Sources - Observations (Warsaw)'!$C$5:$C$140,'Sources - Observations (Warsaw)'!$A$5:$A$140,$A31,'Sources - Observations (Warsaw)'!$B$5:$B$140,$B31),"")} -> 5375 | E31: Yes
A32: OPZZ / trade unions (main march) | B32: 2017 | C32: {=COUNTIFS('Sources - Observations (Warsaw)'!$A$5:$A$122,$A32,'Sources - Observations (Warsaw)'!$B$5:$B$122,$B32)} -> 2 | D32: {=IFERROR(AVERAGEIFS('Sources - Observations (Warsaw)'!$C$5:$C$140,'Sources - Observations (Warsaw)'!$A$5:$A$140,$A32,'Sources - Observations (Warsaw)'!$B$5:$B$140,$B32),"")} -> 650 | E32: Yes
A33: OPZZ / trade unions (main march) | B33: 2018 | C33: {=COUNTIFS('Sources - Observations (Warsaw)'!$A$5:$A$122,$A33,'Sources - Observations (Warsaw)'!$B$5:$B$122,$B33)} -> 4 | D33: {=IFERROR(AVERAGEIFS('Sources - Observations (Warsaw)'!$C$5:$C$140,'Sources - Observations (Warsaw)'!$A$5:$A$140,$A33,'Sources - Observations (Warsaw)'!$B$5:$B$140,$B33),"")} -> 775 | E33: Yes
A34: OPZZ / trade unions (main march) | B34: 2019 | D34: {=IFERROR(AVERAGEIFS('Sources - Observations (Warsaw)'!$C$5:$C$140,'Sources - Observations (Warsaw)'!$A$5:$A$140,$A34,'Sources - Observations (Warsaw)'!$B$5:$B$140,$B34),"")} -> 0 | E34: Yes
A35: Solidarity mass (1990-1994) | B35: 1990 | C35: {=COUNTIFS('Sources - Observations (Warsaw)'!$A$5:$A$122,$A35,'Sources - Observations (Warsaw)'!$B$5:$B$122,$B35)} -> 1 | D35: {=IFERROR(AVERAGEIFS('Sources - Observations (Warsaw)'!$C$5:$C$140,'Sources - Observations (Warsaw)'!$A$5:$A$140,$A35,'Sources - Observations (Warsaw)'!$B$5:$B$140,$B35),"")} -> 3000 | E35: Yes
A36: Solidarity mass (1990-1994) | B36: 1991 | C36: {=COUNTIFS('Sources - Observations (Warsaw)'!$A$5:$A$122,$A36,'Sources - Observations (Warsaw)'!$B$5:$B$122,$B36)} -> 1 | D36: {=IFERROR(AVERAGEIFS('Sources - Observations (Warsaw)'!$C$5:$C$140,'Sources - Observations (Warsaw)'!$A$5:$A$140,$A36,'Sources - Observations (Warsaw)'!$B$5:$B$140,$B36),"")} -> 300 | E36: Yes
A37: Solidarity mass (1990-1994) | B37: 1992 | C37: {=COUNTIFS('Sources - Observations (Warsaw)'!$A$5:$A$122,$A37,'Sources - Observations (Warsaw)'!$B$5:$B$122,$B37)} -> 1 | D37: {=IFERROR(AVERAGEIFS('Sources - Observations (Warsaw)'!$C$5:$C$140,'Sources - Observations (Warsaw)'!$A$5:$A$140,$A37,'Sources - Observations (Warsaw)'!$B$5:$B$140,$B37),"")} -> 300 | E37: Yes
A38: Solidarity mass (1990-1994) | B38: 1993 | C38: {=COUNTIFS('Sources - Observations (Warsaw)'!$A$5:$A$122,$A38,'Sources - Observations (Warsaw)'!$B$5:$B$122,$B38)} -> 1 | D38: {=IFERROR(AVERAGEIFS('Sources - Observations (Warsaw)'!$C$5:$C$140,'Sources - Observations (Warsaw)'!$A$5:$A$140,$A38,'Sources - Observations (Warsaw)'!$B$5:$B$140,$B38),"")} -> 300 | E38: Yes
A39: Solidarity mass (1990-1994) | B39: 1994 | C39: {=COUNTIFS('Sources - Observations (Warsaw)'!$A$5:$A$122,$A39,'Sources - Observations (Warsaw)'!$B$5:$B$122,$B39)} -> 1 | D39: {=IFERROR(AVERAGEIFS('Sources - Observations (Warsaw)'!$C$5:$C$140,'Sources - Observations (Warsaw)'!$A$5:$A$140,$A39,'Sources - Observations (Warsaw)'!$B$5:$B$140,$B39),"")} -> 300 | E39: Yes
A41: 'Average across all sources' = simple arithmetic mean of every cited press estimate for that event/year. These averages are more precise than the earlier dashboard figures for some years (e.g. 1993).

Sheet Berlin - Unrest vs Turnout
A1: Berlin: Riot Disturbance Index (RDI) vs. turnout, 1987-2026
A2: Source: Polizei Berlin press releases and press reports; turnout = organiser, press & police estimates
A4: Year | B4: Police deployed (Einsatz) | C4: Injured officers | D4: Arrests - May 1 | E4: Arrests - Walpurgisnacht | F4: Arrests - NPD/counter-protest | G4: Total arrests | H4: Injured (normalised 0-1) | I4: May 1st arrests (normalised 0-1) | J4: Total arrests (normalised 0-1) | K4: RDI (raw) | L4: RDI (3-yr moving avg) | M4: Attendance R1M demonstration | N4: Attendance R1M demonstration (3-yr moving average) | O4: Moving correlation r-pearson
A5: 1987 | B5: 400 | C5: 245 | D5: 56 | E5: 0 | F5: 0 | G5: =SUM(D5:F5) -> 56 | H5: =IFERROR((C5-MIN(C5:C44))/(MAX(C5:C44)-MIN(C5:C44)),"") -> 0.50528541 | I5: =IFERROR((D5-MIN(D5:D44))/(MAX(D5:D44)-MIN(D5:D44)),"") -> 0.060402685 | J5: =IFERROR((G5-MIN(G5:G44))/(MAX(G5:G44)-MIN(G5:G44)),"") -> 0.056603774 | K5: =0.5*H5+0.5*I5 -> 0.28284405
A6: 1988 | B6: 1500 | C6: 53 | D6: 134 | E6: 0 | F6: 0 | G6: =SUM(D6:F6) -> 134 | H6: =IFERROR((C6-MIN(C5:C44))/(MAX(C5:C44)-MIN(C5:C44)),"") -> 0.099365751 | I6: =IFERROR((D6-MIN(D6:D45))/(MAX(D6:D45)-MIN(D6:D45)),"") -> 0.19127517 | J6: =IFERROR((G6-MIN(G5:G44))/(MAX(G5:G44)-MIN(G5:G44)),"") -> 0.17924528 | K6: =0.5*H6+0.5*I6 -> 0.14532046 | L6: =AVERAGE(K5:K7) -> 0.26252418 | M6: 8000
A7: 1989 | B7: 1600 | C7: 346 | D7: 20 | E7: 0 | F7: 0 | G7: =SUM(D7:F7) -> 20 | H7: =IFERROR((C7-MIN(C5:C44))/(MAX(C5:C44)-MIN(C5:C44)),"") -> 0.71881607 | I7: =IFERROR((D7-MIN(D7:D46))/(MAX(D7:D46)-MIN(D7:D46)),"") -> 0 | J7: =IFERROR((G7-MIN(G5:G44))/(MAX(G5:G44)-MIN(G5:G44)),"") -> 0 | K7: =0.5*H7+0.5*I7 -> 0.35940803 | L7: =AVERAGE(K6:K8) -> 0.27937504 | M7: 10000 | N7: =AVERAGE(M6:M8) -> 10166.667
A8: 1990 | B8: 6000 | C8: 230 | D8: 140 | E8: 0 | F8: 0 | G8: =SUM(D8:F8) -> 140 | H8: =IFERROR((C8-MIN(C5:C44))/(MAX(C5:C44)-MIN(C5:C44)),"") -> 0.47357294 | I8: =IFERROR((D8-MIN(D8:D47))/(MAX(D8:D47)-MIN(D8:D47)),"") -> 0.19322034 | J8: =IFERROR((G8-MIN(G5:G44))/(MAX(G5:G44)-MIN(G5:G44)),"") -> 0.18867925 | K8: =0.5*H8+0.5*I8 -> 0.33339664 | L8: =AVERAGE(K7:K9) -> 0.30326143 | M8: 12500 | N8: =AVERAGE(M7:M9) -> 11722.333
A9: 1991 | B9: 4500 | C9: 87 | D9: 181 | E9: 0 | F9: 0 | G9: =SUM(D9:F9) -> 181 | H9: =IFERROR((C9-MIN(C5:C44))/(MAX(C5:C44)-MIN(C5:C44)),"") -> 0.17124736 | I9: =IFERROR((D9-MIN(D9:D48))/(MAX(D9:D48)-MIN(D9:D48)),"") -> 0.26271186 | J9: =IFERROR((G9-MIN(G5:G44))/(MAX(G5:G44)-MIN(G5:G44)),"") -> 0.25314465 | K9: =0.5*H9+0.5*I9 -> 0.21697961 | L9: =AVERAGE(K8:K10) -> 0.30180062 | M9: 12667 | N9: =AVERAGE(M8:M10) -> 12889 | O9: =CORREL(L7:L11,N7:N11) -> 0.81010029
A10: 1992 | B10: 5000 | C10: 127 | D10: 294 | E10: 0 | F10: 0 | G10: =SUM(D10:F10) -> 294 | H10: =IFERROR((C10-MIN(C5:C44))/(MAX(C5:C44)-MIN(C5:C44)),"") -> 0.25581395 | I10: =IFERROR((D10-MIN(D10:D49))/(MAX(D10:D49)-MIN(D10:D49)),"") -> 0.45423729 | J10: =IFERROR((G10-MIN(G5:G44))/(MAX(G5:G44)-MIN(G5:G44)),"") -> 0.43081761 | K10: =0.5*H10+0.5*I10 -> 0.35502562 | L10: =AVERAGE(K9:K11) -> 0.23564458 | M10: 13500 | N10: =AVERAGE(M9:M11) -> 11305.667 | O10: =CORREL(L8:L12,N8:N12) -> 0.95746249
A11: 1993 | B11: 4000 | C11: 19 | D11: 169 | E11: 0 | F11: 0 | G11: =SUM(D11:F11) -> 169 | H11: =IFERROR((C11-MIN(C5:C44))/(MAX(C5:C44)-MIN(C5:C44)),"") -> 0.027484144 | I11: =IFERROR((D11-MIN(D11:D50))/(MAX(D11:D50)-MIN(D11:D50)),"") -> 0.24237288 | J11: =IFERROR((G11-MIN(G5:G44))/(MAX(G5:G44)-MIN(G5:G44)),"") -> 0.23427673 | K11: =0.5*H11+0.5*I11 -> 0.13492851 | L11: =AVERAGE(K10:K12) -> 0.20510505 | M11: 7750 | N11: =AVERAGE(M10:M12) -> 7383.3333 | O11: =CORREL(L9:L13,N9:N13) -> 0.96823324
A12: 1994 | B12: 4000 | C12: 34 | D12: 139 | E12: 0 | F12: 0 | G12: =SUM(D12:F12) -> 139 | H12: =IFERROR((C12-MIN(C5:C44))/(MAX(C5:C44)-MIN(C5:C44)),"") -> 0.059196617 | I12: =IFERROR((D12-MIN(D12:D51))/(MAX(D12:D51)-MIN(D12:D51)),"") -> 0.19152542 | J12: =IFERROR((G12-MIN(G5:G44))/(MAX(G5:G44)-MIN(G5:G44)),"") -> 0.18710692 | K12: =0.5*H12+0.5*I12 -> 0.12536102 | L12: =AVERAGE(K11:K13) -> 0.11988509 | M12: 900 | N12: =AVERAGE(M11:M13) -> 3633.3333 | O12: =CORREL(L10:L14,N10:N14) -> 0.85630782
A13: 1995 | B13: 5500 | C13: 100 | D13: 26 | E13: 133 | F13: 0 | G13: =SUM(D13:F13) -> 159 | H13: =IFERROR((C13-MIN(C5:C44))/(MAX(C5:C44)-MIN(C5:C44)),"") -> 0.1987315 | I13: =IFERROR((D13-MIN(D13:D52))/(MAX(D13:D52)-MIN(D13:D52)),"") -> 0 | J13: =IFERROR((G13-MIN(G5:G44))/(MAX(G5:G44)-MIN(G5:G44)),"") -> 0.21855346 | K13: =0.5*H13+0.5*I13 -> 0.099365751 | L13: =AVERAGE(K12:K14) -> 0.13037245 | M13: 2250 | N13: =AVERAGE(M12:M14) -> 5383.3333 | O13: =CORREL(L11:L15,N11:N15) -> 0.8570362
A14: 1996 | B14: 4500 | C14: 48 | D14: 176 | E14: 25 | F14: 0 | G14: =SUM(D14:F14) -> 201 | H14: =IFERROR((C14-MIN(C5:C44))/(MAX(C5:C44)-MIN(C5:C44)),"") -> 0.088794926 | I14: =IFERROR((D14-MIN(D14:D53))/(MAX(D14:D53)-MIN(D14:D53)),"") -> 0.24398625 | J14: =IFERROR((G14-MIN(G5:G44))/(MAX(G5:G44)-MIN(G5:G44)),"") -> 0.2845912 | K14: =0.5*H14+0.5*I14 -> 0.16639059 | L14: =AVERAGE(K13:K15) -> 0.15537538 | M14: 13000 | N14: =AVERAGE(M13:M15) -> 8750 | O14: =CORREL(L12:L16,N12:N16) -> 0.92052611
A15: 1997 | B15: 5000 | C15: 7 | D15: 266 | E15: 59 | F15: 0 | G15: =SUM(D15:F15) -> 325 | H15: =IFERROR((C15-MIN(C5:C44))/(MAX(C5:C44)-MIN(C5:C44)),"") -> 0.0021141649 | I15: =IFERROR((D15-MIN(D15:D54))/(MAX(D15:D54)-MIN(D15:D54)),"") -> 0.39862543 | J15: =IFERROR((G15-MIN(G5:G44))/(MAX(G5:G44)-MIN(G5:G44)),"") -> 0.47955975 | K15: =0.5*H15+0.5*I15 -> 0.2003698 | L15: =AVERAGE(K14:K16) -> 0.27002887 | M15: 11000 | N15: =AVERAGE(M14:M16) -> 10805.667 | O15: =CORREL(L13:L17,N13:N17) -> 0.94656941
A16: 1998 | B16: 5000 | C16: 145 | D16: 379 | E16: 28 | F16: 0 | G16: =SUM(D16:F16) -> 407 | H16: =IFERROR((C16-MIN(C5:C44))/(MAX(C5:C44)-MIN(C5:C44)),"") -> 0.29386892 | I16: =IFERROR((D16-MIN(D16:D55))/(MAX(D16:D55)-MIN(D16:D55)),"") -> 0.59278351 | J16: =IFERROR((G16-MIN(G5:G44))/(MAX(G5:G44)-MIN(G5:G44)),"") -> 0.60849057 | K16: =0.5*H16+0.5*I16 -> 0.44332621 | L16: =AVERAGE(K15:K17) -> 0.28806163 | M16: 8417 | N16: =AVERAGE(M15:M17) -> 11639 | O16: =CORREL(L14:L18,N14:N18) -> 0.93999423
A17: 1999 | B17: 5000 | C17: 139 | D17: 127 | E17: 6 | F17: 0 | G17: =SUM(D17:F17) -> 133 | H17: =IFERROR((C17-MIN(C5:C44))/(MAX(C5:C44)-MIN(C5:C44)),"") -> 0.28118393 | I17: =IFERROR((D17-MIN(D17:D56))/(MAX(D17:D56)-MIN(D17:D56)),"") -> 0.15979381 | J17: =IFERROR((G17-MIN(G5:G44))/(MAX(G5:G44)-MIN(G5:G44)),"") -> 0.17767296 | K17: =0.5*H17+0.5*I17 -> 0.22048887 | L17: =AVERAGE(K16:K18) -> 0.35037621 | M17: 15500 | N17: =AVERAGE(M16:M18) -> 12916.667 | O17: =CORREL(L15:L19,N15:N19) -> 0.60614546
A18: 2000 | B18: 6765 | C18: 283 | D18: 144 | E18: 57 | F18: 200 | G18: =SUM(D18:F18) -> 401 | H18: =IFERROR((C18-MIN(C5:C44))/(MAX(C5:C44)-MIN(C5:C44)),"") -> 0.58562368 | I18: =IFERROR((D18-MIN(D18:D57))/(MAX(D18:D57)-MIN(D18:D57)),"") -> 0.18900344 | J18: =IFERROR((G18-MIN(G5:G44))/(MAX(G5:G44)-MIN(G5:G44)),"") -> 0.5990566 | K18: =0.5*H18+0.5*I18 -> 0.38731356 | L18: =AVERAGE(K17:K19) -> 0.42564521 | M18: 14833 | N18: =AVERAGE(M17:M19) -> 12694.333 | O18: =CORREL(L16:L20,N16:N20) -> -0.314255
A19: 2001 | B19: 9000 | C19: 166 | D19: 616 | E19: 40 | F19: 0 | G19: =SUM(D19:F19) -> 656 | H19: =IFERROR((C19-MIN(C5:C44))/(MAX(C5:C44)-MIN(C5:C44)),"") -> 0.33826638 | I19: =IFERROR((D19-MIN(D19:D58))/(MAX(D19:D58)-MIN(D19:D58)),"") -> 1 | J19: =IFERROR((G19-MIN(G5:G44))/(MAX(G5:G44)-MIN(G5:G44)),"") -> 1 | K19: =0.5*H19+0.5*I19 -> 0.66913319 | L19: =AVERAGE(K18:K20) -> 0.46322736 | M19: 7750 | N19: =AVERAGE(M18:M20) -> 12027.667 | O19: =CORREL(L17:L21,N17:N21) -> -0.39105199
A20: 2002 | B20: 5000 | C20: 101 | D20: 183 | E20: 34 | F20: 0 | G20: =SUM(D20:F20) -> 217 | H20: =IFERROR((C20-MIN(C5:C44))/(MAX(C5:C44)-MIN(C5:C44)),"") -> 0.20084567 | I20: =IFERROR((D20-MIN(D20:D59))/(MAX(D20:D59)-MIN(D20:D59)),"") -> 0.465625 | J20: =IFERROR((G20-MIN(G5:G44))/(MAX(G5:G44)-MIN(G5:G44)),"") -> 0.30974843 | K20: =0.5*H20+0.5*I20 -> 0.33323533 | L20: =AVERAGE(K19:K21) -> 0.47337474 | M20: 13500 | N20: =AVERAGE(M19:M21) -> 10500 | O20: =CORREL(L18:L22,N18:N22) -> 0.75834299
A21: 2003 | B21: 7500 | C21: 178 | D21: 185 | E21: 51 | F21: 0 | G21: =SUM(D21:F21) -> 236 | H21: =IFERROR((C21-MIN(C5:C44))/(MAX(C5:C44)-MIN(C5:C44)),"") -> 0.36363636 | I21: =IFERROR((D21-MIN(D21:D60))/(MAX(D21:D60)-MIN(D21:D60)),"") -> 0.471875 | J21: =IFERROR((G21-MIN(G5:G44))/(MAX(G5:G44)-MIN(G5:G44)),"") -> 0.33962264 | K21: =0.5*H21+0.5*I21 -> 0.41775568 | L21: =AVERAGE(K20:K22) -> 0.38077431 | M21: 10250 | N21: =AVERAGE(M20:M22) -> 10750 | O21: =CORREL(L19:L23,N19:N23) -> 0.93154968
A22: 2004 | B22: 8000 | C22: 187 | D22: 162 | E22: 114 | F22: 72 | G22: =SUM(D22:F22) -> 348 | H22: =IFERROR((C22-MIN(C5:C44))/(MAX(C5:C44)-MIN(C5:C44)),"") -> 0.38266385 | I22: =IFERROR((D22-MIN(D22:D61))/(MAX(D22:D61)-MIN(D22:D61)),"") -> 0.4 | J22: =IFERROR((G22-MIN(G5:G44))/(MAX(G5:G44)-MIN(G5:G44)),"") -> 0.51572327 | K22: =0.5*H22+0.5*I22 -> 0.39133192 | L22: =AVERAGE(K21:K23) -> 0.32521142 | M22: 8500 | N22: =AVERAGE(M21:M23) -> 6416.6667 | O22: =CORREL(L20:L24,N20:N24) -> 0.9295021
A23: 2005 | B23: 6150 | C23: 32 | D23: 123 | E23: 70 | F23: 0 | G23: =SUM(D23:F23) -> 193 | H23: =IFERROR((C23-MIN(C5:C44))/(MAX(C5:C44)-MIN(C5:C44)),"") -> 0.054968288 | I23: =IFERROR((D23-MIN(D23:D62))/(MAX(D23:D62)-MIN(D23:D62)),"") -> 0.278125 | J23: =IFERROR((G23-MIN(G5:G44))/(MAX(G5:G44)-MIN(G5:G44)),"") -> 0.27201258 | K23: =0.5*H23+0.5*I23 -> 0.16654664 | L23: =AVERAGE(K22:K24) -> 0.245122 | M23: 500 | N23: =AVERAGE(M22:M24) -> 3016.6667 | O23: =CORREL(L21:L25,N21:N25) -> 0.83089771
A24: 2006 | B24: 5101 | C24: 66 | D24: 107 | E24: 72 | F24: 0 | G24: =SUM(D24:F24) -> 179 | H24: =IFERROR((C24-MIN(C5:C44))/(MAX(C5:C44)-MIN(C5:C44)),"") -> 0.12684989 | I24: =IFERROR((D24-MIN(D24:D63))/(MAX(D24:D63)-MIN(D24:D63)),"") -> 0.228125 | J24: =IFERROR((G24-MIN(G5:G44))/(MAX(G5:G44)-MIN(G5:G44)),"") -> 0.25 | K24: =0.5*H24+0.5*I24 -> 0.17748745 | L24: =AVERAGE(K23:K25) -> 0.18646384 | M24: 50 | N24: =AVERAGE(M23:M25) -> 3039 | O24: =CORREL(L22:L26,N22:N26) -> 0.84371567
A25: 2007 | B25: 4724 | C25: 90 | D25: 115 | E25: 119 | F25: 0 | G25: =SUM(D25:F25) -> 234 | H25: =IFERROR((C25-MIN(C5:C44))/(MAX(C5:C44)-MIN(C5:C44)),"") -> 0.17758985 | I25: =IFERROR((D25-MIN(D25:D64))/(MAX(D25:D64)-MIN(D25:D64)),"") -> 0.253125 | J25: =IFERROR((G25-MIN(G5:G44))/(MAX(G5:G44)-MIN(G5:G44)),"") -> 0.33647799 | K25: =0.5*H25+0.5*I25 -> 0.21535743 | L25: =AVERAGE(K24:K26) -> 0.22298604 | M25: 8567 | N25: =AVERAGE(M24:M26) -> 6639 | O25: =CORREL(L23:L27,N23:N27) -> 0.90927871
A26: 2008 | B26: 4572 | C26: 112 | D26: 139 | E26: 24 | F26: 0 | G26: =SUM(D26:F26) -> 163 | H26: =IFERROR((C26-MIN(C5:C44))/(MAX(C5:C44)-MIN(C5:C44)),"") -> 0.22410148 | I26: =IFERROR((D26-MIN(D26:D65))/(MAX(D26:D65)-MIN(D26:D65)),"") -> 0.328125 | J26: =IFERROR((G26-MIN(G5:G44))/(MAX(G5:G44)-MIN(G5:G44)),"") -> 0.22484277 | K26: =0.5*H26+0.5*I26 -> 0.27611324 | L26: =AVERAGE(K25:K27) -> 0.46330272 | M26: 11300 | N26: =AVERAGE(M25:M27) -> 9555.6667 | O26: =CORREL(L24:L28,N24:N28) -> 0.94305003
A27: 2009 | B27: 5761 | C27: 479 | D27: 289 | E27: 57 | F27: 0 | G27: =SUM(D27:F27) -> 346 | H27: =IFERROR((C27-MIN(C5:C44))/(MAX(C5:C44)-MIN(C5:C44)),"") -> 1 | I27: =IFERROR((D27-MIN(D27:D66))/(MAX(D27:D66)-MIN(D27:D66)),"") -> 0.796875 | J27: =IFERROR((G27-MIN(G5:G44))/(MAX(G5:G44)-MIN(G5:G44)),"") -> 0.51257862 | K27: =0.5*H27+0.5*I27 -> 0.8984375 | L27: =AVERAGE(K26:K28) -> 0.49007994 | M27: 8800 | N27: =AVERAGE(M26:M28) -> 10883.333 | O27: =CORREL(L25:L29,N25:N29) -> 0.076582397
A28: 2010 | B28: 7400 | C28: 98 | D28: 161 | E28: 37 | F28: 289 | G28: =SUM(D28:F28) -> 487 | H28: =IFERROR((C28-MIN(C5:C44))/(MAX(C5:C44)-MIN(C5:C44)),"") -> 0.19450317 | I28: =IFERROR((D28-MIN(D28:D67))/(MAX(D28:D67)-MIN(D28:D67)),"") -> 0.396875 | J28: =IFERROR((G28-MIN(G5:G44))/(MAX(G5:G44)-MIN(G5:G44)),"") -> 0.73427673 | K28: =0.5*H28+0.5*I28 -> 0.29568909 | L28: =AVERAGE(K27:K29) -> 0.45829259 | M28: 12550 | N28: =AVERAGE(M27:M29) -> 10894.333 | O28: =CORREL(L26:L30,N26:N30) -> -0.93085554
A29: 2011 | B29: 7400 | C29: 75 | D29: 103 | E29: 58 | F29: 0 | G29: =SUM(D29:F29) -> 161 | H29: =IFERROR((C29-MIN(C5:C44))/(MAX(C5:C44)-MIN(C5:C44)),"") -> 0.14587738 | I29: =IFERROR((D29-MIN(D29:D68))/(MAX(D29:D68)-MIN(D29:D68)),"") -> 0.215625 | J29: =IFERROR((G29-MIN(G5:G44))/(MAX(G5:G44)-MIN(G5:G44)),"") -> 0.22169811 | K29: =0.5*H29+0.5*I29 -> 0.18075119 | L29: =AVERAGE(K28:K30) -> 0.24466283 | M29: 11333 | N29: =AVERAGE(M28:M30) -> 14127.667 | O29: =CORREL(L27:L31,N27:N31) -> -0.91263244
A30: 2012 | B30: 7000 | C30: 124 | D30: 119 | E30: 4 | F30: 0 | G30: =SUM(D30:F30) -> 123 | H30: =IFERROR((C30-MIN(C5:C44))/(MAX(C5:C44)-MIN(C5:C44)),"") -> 0.24947146 | I30: =IFERROR((D30-MIN(D30:D69))/(MAX(D30:D69)-MIN(D30:D69)),"") -> 0.265625 | J30: =IFERROR((G30-MIN(G5:G44))/(MAX(G5:G44)-MIN(G5:G44)),"") -> 0.16194969 | K30: =0.5*H30+0.5*I30 -> 0.25754823 | L30: =AVERAGE(K29:K31) -> 0.18384646 | M30: 18500 | N30: =AVERAGE(M29:M31) -> 13833.333 | O30: =CORREL(L28:L32,N28:N32) -> -0.90312465
A31: 2013 | B31: 7000 | C31: 54 | D31: 74 | E31: 20 | F31: 0 | G31: =SUM(D31:F31) -> 94 | H31: =IFERROR((C31-MIN(C5:C44))/(MAX(C5:C44)-MIN(C5:C44)),"") -> 0.10147992 | I31: =IFERROR((D31-MIN(D31:D70))/(MAX(D31:D70)-MIN(D31:D70)),"") -> 0.125 | J31: =IFERROR((G31-MIN(G5:G44))/(MAX(G5:G44)-MIN(G5:G44)),"") -> 0.1163522 | K31: =0.5*H31+0.5*I31 -> 0.11323996 | L31: =AVERAGE(K30:K32) -> 0.15216702 | M31: 11667 | N31: =AVERAGE(M30:M32) -> 17389 | O31: =CORREL(L29:L33,N29:N33) -> -0.93824418
A32: 2014 | B32: 6400 | C32: 59 | D32: 53 | E32: 15 | F32: 0 | G32: =SUM(D32:F32) -> 68 | H32: =IFERROR((C32-MIN(C5:C44))/(MAX(C5:C44)-MIN(C5:C44)),"") -> 0.11205074 | I32: =IFERROR((D32-MIN(D32:D71))/(MAX(D32:D71)-MIN(D32:D71)),"") -> 0.059375 | J32: =IFERROR((G32-MIN(G5:G44))/(MAX(G5:G44)-MIN(G5:G44)),"") -> 0.075471698 | K32: =0.5*H32+0.5*I32 -> 0.08571287 | L32: =AVERAGE(K31:K33) -> 0.084379405 | M32: 22000 | N32: =AVERAGE(M31:M33) -> 19722.333 | O32: =CORREL(L30:L34,N30:N34) -> -0.96472143
A33: 2015 | B33: 6554 | C33: 41 | D33: 45 | E33: 8 | F33: 0 | G33: =SUM(D33:F33) -> 53 | H33: =IFERROR((C33-MIN(C5:C44))/(MAX(C5:C44)-MIN(C5:C44)),"") -> 0.073995772 | I33: =IFERROR((D33-MIN(D33:D72))/(MAX(D33:D72)-MIN(D33:D72)),"") -> 0.034375 | J33: =IFERROR((G33-MIN(G5:G44))/(MAX(G5:G44)-MIN(G5:G44)),"") -> 0.051886792 | K33: =0.5*H33+0.5*I33 -> 0.054185386 | L33: =AVERAGE(K32:K34) -> 0.069474542 | M33: 25500 | N33: =AVERAGE(M32:M34) -> 21416.667 | O33: =CORREL(L31:L35,N31:N35) -> -0.70133841
A34: 2016 | B34: 6091 | C34: 59 | D34: 42 | E34: 0 | F34: 0 | G34: =SUM(D34:F34) -> 42 | H34: =IFERROR((C34-MIN(C5:C44))/(MAX(C5:C44)-MIN(C5:C44)),"") -> 0.11205074 | I34: =IFERROR((D34-MIN(D34:D73))/(MAX(D34:D73)-MIN(D34:D73)),"") -> 0.025 | J34: =IFERROR((G34-MIN(G5:G44))/(MAX(G5:G44)-MIN(G5:G44)),"") -> 0.034591195 | K34: =0.5*H34+0.5*I34 -> 0.06852537 | L34: =AVERAGE(K33:K35) -> 0.091731633 | M34: 16750 | N34: =AVERAGE(M33:M35) -> 19166.667 | O34: =CORREL(L32:L36,N32:N36) -> -0.9611526
A35: 2017 | B35: 6000 | C35: 32 | D35: 114 | E35: 0 | F35: 0 | G35: =SUM(D35:F35) -> 114 | H35: =IFERROR((C35-MIN(C5:C44))/(MAX(C5:C44)-MIN(C5:C44)),"") -> 0.054968288 | I35: =IFERROR((D35-MIN(D35:D74))/(MAX(D35:D74)-MIN(D35:D74)),"") -> 0.25 | J35: =IFERROR((G35-MIN(G5:G44))/(MAX(G5:G44)-MIN(G5:G44)),"") -> 0.14779874 | K35: =0.5*H35+0.5*I35 -> 0.15248414 | L35: =AVERAGE(K34:K36) -> 0.11454039 | M35: 15250 | N35: =AVERAGE(M34:M36) -> 14900 | O35: =CORREL(L33:L37,N33:N37) -> -0.93983388
A36: 2018 | B36: 5170 | C36: 20 | D36: 103 | E36: 0 | F36: 0 | G36: =SUM(D36:F36) -> 103 | H36: =IFERROR((C36-MIN(C5:C44))/(MAX(C5:C44)-MIN(C5:C44)),"") -> 0.029598309 | I36: =IFERROR((D36-MIN(D36:D75))/(MAX(D36:D75)-MIN(D36:D75)),"") -> 0.215625 | J36: =IFERROR((G36-MIN(G5:G44))/(MAX(G5:G44)-MIN(G5:G44)),"") -> 0.13050314 | K36: =0.5*H36+0.5*I36 -> 0.12261165 | L36: =AVERAGE(K35:K37) -> 0.16374317 | M36: 12700 | N36: =AVERAGE(M35:M37) -> 12716.667 | O36: =CORREL(L34:L38,N34:N38) -> -0.83330326
A37: 2019 | B37: 5500 | C37: 39 | D37: 150 | E37: 0 | F37: 0 | G37: =SUM(D37:F37) -> 150 | H37: =IFERROR((C37-MIN(C5:C44))/(MAX(C5:C44)-MIN(C5:C44)),"") -> 0.069767442 | I37: =IFERROR((D37-MIN(D37:D76))/(MAX(D37:D76)-MIN(D37:D76)),"") -> 0.3625 | J37: =IFERROR((G37-MIN(G5:G44))/(MAX(G5:G44)-MIN(G5:G44)),"") -> 0.20440252 | K37: =0.5*H37+0.5*I37 -> 0.21613372 | L37: =AVERAGE(K36:K38) -> 0.28172679 | M37: 10200 | N37: =AVERAGE(M36:M38) -> 8633.3333 | O37: =CORREL(L35:L39,N35:N39) -> -0.61285843
A38: 2020 | B38: 5000 | C38: 18 | D38: 350 | E38: 0 | F38: 0 | G38: =SUM(D38:F38) -> 350 | H38: =IFERROR((C38-MIN(C5:C44))/(MAX(C5:C44)-MIN(C5:C44)),"") -> 0.025369979 | I38: =IFERROR((D38-MIN(D38:D77))/(MAX(D38:D77)-MIN(D38:D77)),"") -> 0.9875 | J38: =IFERROR((G38-MIN(G5:G44))/(MAX(G5:G44)-MIN(G5:G44)),"") -> 0.51886792 | K38: =0.5*H38+0.5*I38 -> 0.50643499 | L38: =AVERAGE(K37:K39) -> 0.43817829 | M38: 3000 | N38: =AVERAGE(M37:M39) -> 9233.3333 | O38: =CORREL(L36:L40,N36:N40) -> 0.023446393
A39: 2021 | B39: 5600 | C39: 93 | D39: 354 | E39: 0 | F39: 0 | G39: =SUM(D39:F39) -> 354 | H39: =IFERROR((C39-MIN(C5:C44))/(MAX(C5:C44)-MIN(C5:C44)),"") -> 0.18393235 | I39: =IFERROR((D39-MIN(D39:D78))/(MAX(D39:D78)-MIN(D39:D78)),"") -> 1 | J39: =IFERROR((G39-MIN(G5:G44))/(MAX(G5:G44)-MIN(G5:G44)),"") -> 0.52515723 | K39: =0.5*H39+0.5*I39 -> 0.59196617 | L39: =AVERAGE(K38:K40) -> 0.50143363 | M39: 14500 | N39: =AVERAGE(M38:M40) -> 11500 | O39: =CORREL(L37:L41,N37:N41) -> -0.30064581
A40: 2022 | B40: 5500 | C40: 33 | D40: 74 | E40: 22 | F40: 0 | G40: =SUM(D40:F40) -> 96 | H40: =IFERROR((C40-MIN(C5:C44))/(MAX(C5:C44)-MIN(C5:C44)),"") -> 0.057082452 | I40: =IFERROR((D40-MIN(D40:D79))/(MAX(D40:D79)-MIN(D40:D79)),"") -> 0.75471698 | J40: =IFERROR((G40-MIN(G5:G44))/(MAX(G5:G44)-MIN(G5:G44)),"") -> 0.11949686 | K40: =0.5*H40+0.5*I40 -> 0.40589972 | L40: =AVERAGE(K39:K41) -> 0.41267435 | M40: 17000 | N40: =AVERAGE(M39:M41) -> 15833.333 | O40: =CORREL(L38:L42,N38:N42) -> -0.85860728
A41: 2023 | B41: 7100 | C41: 19 | D41: 58 | E41: 13 | F41: 0 | G41: =SUM(D41:F41) -> 71 | H41: =IFERROR((C41-MIN(C5:C44))/(MAX(C5:C44)-MIN(C5:C44)),"") -> 0.027484144 | I41: =IFERROR((D41-MIN(D41:D80))/(MAX(D41:D80)-MIN(D41:D80)),"") -> 0.45283019 | J41: =IFERROR((G41-MIN(G5:G44))/(MAX(G5:G44)-MIN(G5:G44)),"") -> 0.080188679 | K41: =0.5*H41+0.5*I41 -> 0.24015717 | L41: =AVERAGE(K40:K42) -> 0.21535229 | M41: 16000 | N41: =AVERAGE(M40:M42) -> 16755.667 | O41: =CORREL(L39:L43,N39:N43) -> -0.95793461
A42: 2024 | B42: 5600 | C42: 6 | D42: 34 | E42: 8 | F42: 0 | G42: =SUM(D42:F42) -> 42 | H42: =IFERROR((C42-MIN(C5:C44))/(MAX(C5:C44)-MIN(C5:C44)),"") -> 0 | I42: =IFERROR((D42-MIN(D42:D81))/(MAX(D42:D81)-MIN(D42:D81)),"") -> 0 | J42: =IFERROR((G42-MIN(G5:G44))/(MAX(G5:G44)-MIN(G5:G44)),"") -> 0.034591195 | K42: =0.5*H42+0.5*I42 -> 0 | L42: =AVERAGE(K41:K43) -> 0.082518914 | M42: 17267 | N42: =AVERAGE(M41:M43) -> 19755.667
A43: 2025 | B43: 5800 | C43: 13 | D43: 70 | E43: 3 | F43: 0 | G43: =SUM(D43:F43) -> 73 | H43: =IFERROR((C43-MIN(C5:C44))/(MAX(C5:C44)-MIN(C5:C44)),"") -> 0.014799154 | I43: =IFERROR((D43-MIN(D43:D82))/(MAX(D43:D82)-MIN(D43:D82)),"") -> 0 | J43: =IFERROR((G43-MIN(G5:G44))/(MAX(G5:G44)-MIN(G5:G44)),"") -> 0.083333333 | K43: =0.5*H43+0.5*I43 -> 0.0073995772 | L43: =AVERAGE(K42:K44) -> 0.0056377731 | M43: 26000 | N43: =AVERAGE(M42:M44) -> 21255.667
A44: 2026 | B44: 5300 | C44: 15 | D44: 87 | E44: 0 | F44: 0 | G44: =SUM(D44:F44) -> 87 | H44: =IFERROR((C44-MIN(C5:C44))/(MAX(C5:C44)-MIN(C5:C44)),"") -> 0.019027484 | I44: =IFERROR((D44-MIN(D44:D83))/(MAX(D44:D83)-MIN(D44:D83)),"") | J44: =IFERROR((G44-MIN(G5:G44))/(MAX(G5:G44)-MIN(G5:G44)),"") -> 0.10534591 | K44: =0.5*H44+0.5*I44 -> 0.0095137421 | M44: 20500
A48: RDI = 0.5 x injured_norm + 0.5 x total_arrests_norm, each min-max normalised to [0,1] over the full 1987-2026 range
A49: Total arrests = arrests (May 1) + arrests (Walpurgisnacht) + arrests (NPD/counter-protest) summed
A50: 1995 police-deployment (Einsatz) figure is missing in the source; imputed with the series median (5,500)
