Workbook

Sheet ToC
A2: Dane

Sheet Dane
A1: Rok | B1: Liczba uczestników | C1: Źródło | D1: Kategoria
A2: 1990 | B2: 60000 | C2: Junge Welt | D2: prasa
A3: 1990 | B3: 60000 | C3: Neues Deutschland | D3: prasa
A4: 1990 | B4: 50000 | C4: TAZ | D4: prasa
A5: 1990 | B5: - | C5: - | D5: organizatorzy
A6: 1990 | B6: - | C6: - | D6: organizatorzy
A7: 1991 | B7: 10000 | C7: rbb | D7: prasa
A8: 1991 | B8: 5000 | C8: "mehrere Tausend" (taz) | D8: prasa
A9: 1991 | B9: 15000 | C9: Christine Bretz, DGB Berlin (taz) | D9: organizatorzy
A10: 1992 | B10: 8000 | C10: Kronika Berlina | D10: policja
A11: 1992 | B11: 15000 | C11: Berliner Morgenpost DGBG657 | D11: prasa
A12: 1992 | B12: 40000 | C12: Neues Deutschland (Kritische Gewerkschaften s.71) | D12: prasa
A13: 1992 | B13: 25000 | C13: DGBG000656 | D13: organizatorzy
A14: 1992 | B14: 10000 | C14: rbb | D14: prasa
A15: 1992 | B15: 40000 | C15: Berliner Zeitung 2.05.1992 | D15: prasa
A16: 1993 | B16: 15000 | C16: Taz 3.05 | D16: prasa
A17: 1993 | B17: 30000 | C17: Neues Deutschland 3.05; Berliner Zeitung 3.05 za DGB | D17: organizatorzy
A18: 1993 | B18: 5000 | C18: rbb | D18: prasa
... A96: 2014 | B96: 10000 | C96: Neues Deutschland | D96: prasa
A97: 2015
A98: 2015 | B98: 15000 | C98: rbb za DGB | D98: organizatorzy
A99: 2015
A100: 2016 | B100: 14000 | C100: TAZ liveticker 1.05 za organizatorami | D100: organizatorzy
A101: 2017 | B101: 14000 | C101: BZ / DGB BB internet (za organizatorami) | D101: organizatorzy
A102: 2018 | B102: 14000 | C102: Neues Deutschland (za organizatorami) | D102: organizatorzy
A103: 2018 | B103: 5000 | C103: Policja | D103: policja
A104: 2019 | B104: 13000 | C104: DGB online | D104: organizatorzy
A105: 2020 | B105: 0 | C105: odwołano
A106: 2021 | B106: 300 | C106: Tylko na zaproszenie | D106: organizatorzy
A107: 2022 | B107: 7500 | C107: BM | D107: prasa
A108: 2022 | B108: 9500 | C108: polizei Meldung | D108: policja
A109: 2023 | B109: 6000 | C109: polizei Meldung | D109: policja
A110: 2024 | B110: 14000 | C110: polizei Meldung | D110: policja
A111: 2024 | B111: 7500 | C111: BZ | D111: prasa
A112: 2024 | B112: 12500 | C112: Naturfreunde | D112: prasa
A113: 2025 | B113: 6600 | C113: polizei Meldung | D113: policja
A114: 2025 | B114: 11000 | C114: rbb | D114: prasa
A115: 2026 | B115: 7100 | C115: polizei Meldung | D115: policja
A116: 2026 | B116: 12000 | C116: Naturfreunde | D116: organizatorzy

Sheet Średnie i wykres
A1: Rok | B1: Prasa | C1: Organizatorzy | D1: Policja | E1: Średnia ogólna | F1: średnia metoda alt | G1: Różnica % | H1: średnia ruchoma
A2: 1990 | B2: =IFERROR(AVERAGEIFS(Dane!$B$2:$B$116,Dane!$A$2:$A$116,$A2,Dane!$D$2:$D$116,"prasa"),"") -> 56666.667 | C2: =IFERROR(AVERAGEIFS(Dane!$B$2:$B$116,Dane!$A$2:$A$116,$A2,Dane!$D$2:$D$116,"organizatorzy"),"") | D2: =IFERROR(AVERAGEIFS(Dane!$B$2:$B$116,Dane!$A$2:$A$116,$A2,Dane!$D$2:$D$116,"policja"),"") | E2: =IFERROR((0.5*IF(B2<>"",B2,0) + 0.25*IF(C2<>"",C2,0) + 0.25*IF(D2<>"",D2,0))/(0.5*IF(B2<>"",1,0) + 0.25*IF(C2<>"",1,0) + 0.25*IF(D2<>"",1,0)),"") -> 56666.667 | F2: =IFERROR(AVERAGEIFS(Dane!$B$2:$B$116,Dane!$A$2:$A$116,$A2),"") -> 56666.667 | G2: =E2-F2 -> 0
A3: 1991 | B3: =IFERROR(AVERAGEIFS(Dane!$B$2:$B$116,Dane!$A$2:$A$116,$A3,Dane!$D$2:$D$116,"prasa"),"") -> 7500 | C3: =IFERROR(AVERAGEIFS(Dane!$B$2:$B$116,Dane!$A$2:$A$116,$A3,Dane!$D$2:$D$116,"organizatorzy"),"") -> 15000 | D3: =IFERROR(AVERAGEIFS(Dane!$B$2:$B$116,Dane!$A$2:$A$116,$A3,Dane!$D$2:$D$116,"policja"),"") | E3: =IFERROR((0.5*IF(B3<>"",B3,0) + 0.25*IF(C3<>"",C3,0) + 0.25*IF(D3<>"",D3,0))/(0.5*IF(B3<>"",1,0) + 0.25*IF(C3<>"",1,0) + 0.25*IF(D3<>"",1,0)),"") -> 10000 | F3: =IFERROR(AVERAGEIFS(Dane!$B$2:$B$116,Dane!$A$2:$A$116,$A3),"") -> 10000 | G3: =E3-F3 -> 0 | H3: =AVERAGE(F2:F4) -> 29888.889
A4: 1992 | B4: =IFERROR(AVERAGEIFS(Dane!$B$2:$B$116,Dane!$A$2:$A$116,$A4,Dane!$D$2:$D$116,"prasa"),"") -> 26250 | C4: =IFERROR(AVERAGEIFS(Dane!$B$2:$B$116,Dane!$A$2:$A$116,$A4,Dane!$D$2:$D$116,"organizatorzy"),"") -> 25000 | D4: =IFERROR(AVERAGEIFS(Dane!$B$2:$B$116,Dane!$A$2:$A$116,$A4,Dane!$D$2:$D$116,"policja"),"") -> 8000 | E4: =IFERROR((0.5*IF(B4<>"",B4,0) + 0.25*IF(C4<>"",C4,0) + 0.25*IF(D4<>"",D4,0))/(0.5*IF(B4<>"",1,0) + 0.25*IF(C4<>"",1,0) + 0.25*IF(D4<>"",1,0)),"") -> 21375 | F4: =IFERROR(AVERAGEIFS(Dane!$B$2:$B$116,Dane!$A$2:$A$116,$A4),"") -> 23000 | G4: =E4-F4 -> -1625 | H4: =AVERAGE(F3:F5) -> 16555.556
A5: 1993 | B5: =IFERROR(AVERAGEIFS(Dane!$B$2:$B$116,Dane!$A$2:$A$116,$A5,Dane!$D$2:$D$116,"prasa"),"") -> 10000 | C5: =IFERROR(AVERAGEIFS(Dane!$B$2:$B$116,Dane!$A$2:$A$116,$A5,Dane!$D$2:$D$116,"organizatorzy"),"") -> 30000 | D5: =IFERROR(AVERAGEIFS(Dane!$B$2:$B$116,Dane!$A$2:$A$116,$A5,Dane!$D$2:$D$116,"policja"),"") | E5: =IFERROR((0.5*IF(B5<>"",B5,0) + 0.25*IF(C5<>"",C5,0) + 0.25*IF(D5<>"",D5,0))/(0.5*IF(B5<>"",1,0) + 0.25*IF(C5<>"",1,0) + 0.25*IF(D5<>"",1,0)),"") -> 16666.667 | F5: =IFERROR(AVERAGEIFS(Dane!$B$2:$B$116,Dane!$A$2:$A$116,$A5),"") -> 16666.667 | G5: =E5-F5 -> 0 | H5: =AVERAGE(F4:F6) -> 15222.222
A6: 1994 | B6: =IFERROR(AVERAGEIFS(Dane!$B$2:$B$116,Dane!$A$2:$A$116,$A6,Dane!$D$2:$D$116,"prasa"),"") -> 5000 | C6: =IFERROR(AVERAGEIFS(Dane!$B$2:$B$116,Dane!$A$2:$A$116,$A6,Dane!$D$2:$D$116,"organizatorzy"),"") -> 8000 | D6: =IFERROR(AVERAGEIFS(Dane!$B$2:$B$116,Dane!$A$2:$A$116,$A6,Dane!$D$2:$D$116,"policja"),"") | E6: =IFERROR((0.5*IF(B6<>"",B6,0) + 0.25*IF(C6<>"",C6,0) + 0.25*IF(D6<>"",D6,0))/(0.5*IF(B6<>"",1,0) + 0.25*IF(C6<>"",1,0) + 0.25*IF(D6<>"",1,0)),"") -> 6000 | F6: =IFERROR(AVERAGEIFS(Dane!$B$2:$B$116,Dane!$A$2:$A$116,$A6),"") -> 6000 | G6: =E6-F6 -> 0 | H6: =AVERAGE(F5:F7) -> 10022.222
A7: 1995 | B7: =IFERROR(AVERAGEIFS(Dane!$B$2:$B$116,Dane!$A$2:$A$116,$A7,Dane!$D$2:$D$116,"prasa"),"") -> 6750 | C7: =IFERROR(AVERAGEIFS(Dane!$B$2:$B$116,Dane!$A$2:$A$116,$A7,Dane!$D$2:$D$116,"organizatorzy"),"") -> 10000 | D7: =IFERROR(AVERAGEIFS(Dane!$B$2:$B$116,Dane!$A$2:$A$116,$A7,Dane!$D$2:$D$116,"policja"),"") | E7: =IFERROR((0.5*IF(B7<>"",B7,0) + 0.25*IF(C7<>"",C7,0) + 0.25*IF(D7<>"",D7,0))/(0.5*IF(B7<>"",1,0) + 0.25*IF(C7<>"",1,0) + 0.25*IF(D7<>"",1,0)),"") -> 7833.3333 | F7: =IFERROR(AVERAGEIFS(Dane!$B$2:$B$116,Dane!$A$2:$A$116,$A7),"") -> 7400 | G7: =E7-F7 -> 433.33333 | H7: =AVERAGE(F6:F8) -> 10022.222
A8: 1996 | B8: =IFERROR(AVERAGEIFS(Dane!$B$2:$B$116,Dane!$A$2:$A$116,$A8,Dane!$D$2:$D$116,"prasa"),"") -> 16666.667 | C8: =IFERROR(AVERAGEIFS(Dane!$B$2:$B$116,Dane!$A$2:$A$116,$A8,Dane!$D$2:$D$116,"organizatorzy"),"") | D8: =IFERROR(AVERAGEIFS(Dane!$B$2:$B$116,Dane!$A$2:$A$116,$A8,Dane!$D$2:$D$116,"policja"),"") | E8: =IFERROR((0.5*IF(B8<>"",B8,0) + 0.25*IF(C8<>"",C8,0) + 0.25*IF(D8<>"",D8,0))/(0.5*IF(B8<>"",1,0) + 0.25*IF(C8<>"",1,0) + 0.25*IF(D8<>"",1,0)),"") -> 16666.667 | F8: =IFERROR(AVERAGEIFS(Dane!$B$2:$B$116,Dane!$A$2:$A$116,$A8),"") -> 16666.667 | G8: =E8-F8 -> 0 | H8: =AVERAGE(F7:F9) -> 11188.889
A9: 1997 | B9: =IFERROR(AVERAGEIFS(Dane!$B$2:$B$116,Dane!$A$2:$A$116,$A9,Dane!$D$2:$D$116,"prasa"),"") -> 5833.3333 | C9: =IFERROR(AVERAGEIFS(Dane!$B$2:$B$116,Dane!$A$2:$A$116,$A9,Dane!$D$2:$D$116,"organizatorzy"),"") -> 25000 | D9: =IFERROR(AVERAGEIFS(Dane!$B$2:$B$116,Dane!$A$2:$A$116,$A9,Dane!$D$2:$D$116,"policja"),"") -> 5000 | E9: =IFERROR((0.5*IF(B9<>"",B9,0) + 0.25*IF(C9<>"",C9,0) + 0.25*IF(D9<>"",D9,0))/(0.5*IF(B9<>"",1,0) + 0.25*IF(C9<>"",1,0) + 0.25*IF(D9<>"",1,0)),"") -> 10416.667 | F9: =IFERROR(AVERAGEIFS(Dane!$B$2:$B$116,Dane!$A$2:$A$116,$A9),"") -> 9500 | G9: =E9-F9 -> 916.66667 | H9: =AVERAGE(F8:F10) -> 13347.222
A10: 1998 | B10: =IFERROR(AVERAGEIFS(Dane!$B$2:$B$116,Dane!$A$2:$A$116,$A10,Dane!$D$2:$D$116,"prasa"),"") -> 12666.667 | C10: =IFERROR(AVERAGEIFS(Dane!$B$2:$B$116,Dane!$A$2:$A$116,$A10,Dane!$D$2:$D$116,"organizatorzy"),"") -> 17500 | D10: =IFERROR(AVERAGEIFS(Dane!$B$2:$B$116,Dane!$A$2:$A$116,$A10,Dane!$D$2:$D$116,"policja"),"") | E10: =IFERROR((0.5*IF(B10<>"",B10,0) + 0.25*IF(C10<>"",C10,0) + 0.25*IF(D10<>"",D10,0))/(0.5*IF(B10<>"",1,0) + 0.25*IF(C10<>"",1,0) + 0.25*IF(D10<>"",1,0)),"") -> 14277.778 | F10: =IFERROR(AVERAGEIFS(Dane!$B$2:$B$116,Dane!$A$2:$A$116,$A10),"") -> 13875 | G10: =E10-F10 -> 402.77778 | H10: =AVERAGE(F9:F11) -> 11258.333
A11: 1999 | B11: =IFERROR(AVERAGEIFS(Dane!$B$2:$B$116,Dane!$A$2:$A$116,$A11,Dane!$D$2:$D$116,"prasa"),"") -> 10000 | C11: =IFERROR(AVERAGEIFS(Dane!$B$2:$B$116,Dane!$A$2:$A$116,$A11,Dane!$D$2:$D$116,"organizatorzy"),"") -> 15000 | D11: =IFERROR(AVERAGEIFS(Dane!$B$2:$B$116,Dane!$A$2:$A$116,$A11,Dane!$D$2:$D$116,"policja"),"") -> 7000 | E11: =IFERROR((0.5*IF(B11<>"",B11,0) + 0.25*IF(C11<>"",C11,0) + 0.25*IF(D11<>"",D11,0))/(0.5*IF(B11<>"",1,0) + 0.25*IF(C11<>"",1,0) + 0.25*IF(D11<>"",1,0)),"") -> 10500 | F11: =IFERROR(AVERAGEIFS(Dane!$B$2:$B$116,Dane!$A$2:$A$116,$A11),"") -> 10400 | G11: =E11-F11 -> 100 | H11: =AVERAGE(F10:F12) -> 11813.889
A12: 2000 | B12: =IFERROR(AVERAGEIFS(Dane!$B$2:$B$116,Dane!$A$2:$A$116,$A12,Dane!$D$2:$D$116,"prasa"),"") -> 10000 | C12: =IFERROR(AVERAGEIFS(Dane!$B$2:$B$116,Dane!$A$2:$A$116,$A12,Dane!$D$2:$D$116,"organizatorzy"),"") -> 15000 | D12: =IFERROR(AVERAGEIFS(Dane!$B$2:$B$116,Dane!$A$2:$A$116,$A12,Dane!$D$2:$D$116,"policja"),"") -> 7000 | E12: =IFERROR((0.5*IF(B12<>"",B12,0) + 0.25*IF(C12<>"",C12,0) + 0.25*IF(D12<>"",D12,0))/(0.5*IF(B12<>"",1,0) + 0.25*IF(C12<>"",1,0) + 0.25*IF(D12<>"",1,0)),"") -> 10500 | F12: =IFERROR(AVERAGEIFS(Dane!$B$2:$B$116,Dane!$A$2:$A$116,$A12),"") -> 11166.667 | G12: =E12-F12 -> -666.66667 | H12: =AVERAGE(F11:F13) -> 12800
A13: 2001 | B13: =IFERROR(AVERAGEIFS(Dane!$B$2:$B$116,Dane!$A$2:$A$116,$A13,Dane!$D$2:$D$116,"prasa"),"") -> 16833.333 | C13: =IFERROR(AVERAGEIFS(Dane!$B$2:$B$116,Dane!$A$2:$A$116,$A13,Dane!$D$2:$D$116,"organizatorzy"),"") | D13: =IFERROR(AVERAGEIFS(Dane!$B$2:$B$116,Dane!$A$2:$A$116,$A13,Dane!$D$2:$D$116,"policja"),"") | E13: =IFERROR((0.5*IF(B13<>"",B13,0) + 0.25*IF(C13<>"",C13,0) + 0.25*IF(D13<>"",D13,0))/(0.5*IF(B13<>"",1,0) + 0.25*IF(C13<>"",1,0) + 0.25*IF(D13<>"",1,0)),"") -> 16833.333 | F13: =IFERROR(AVERAGEIFS(Dane!$B$2:$B$116,Dane!$A$2:$A$116,$A13),"") -> 16833.333 | G13: =E13-F13 -> 0 | H13: =AVERAGE(F12:F14) -> 13833.333
A14: 2002 | B14: =IFERROR(AVERAGEIFS(Dane!$B$2:$B$116,Dane!$A$2:$A$116,$A14,Dane!$D$2:$D$116,"prasa"),"") -> 11000 | C14: =IFERROR(AVERAGEIFS(Dane!$B$2:$B$116,Dane!$A$2:$A$116,$A14,Dane!$D$2:$D$116,"organizatorzy"),"") -> 25000 | D14: =IFERROR(AVERAGEIFS(Dane!$B$2:$B$116,Dane!$A$2:$A$116,$A14,Dane!$D$2:$D$116,"policja"),"") -> 7000 | E14: =IFERROR((0.5*IF(B14<>"",B14,0) + 0.25*IF(C14<>"",C14,0) + 0.25*IF(D14<>"",D14,0))/(0.5*IF(B14<>"",1,0) + 0.25*IF(C14<>"",1,0) + 0.25*IF(D14<>"",1,0)),"") -> 13500 | F14: =IFERROR(AVERAGEIFS(Dane!$B$2:$B$116,Dane!$A$2:$A$116,$A14),"") -> 13500 | G14: =E14-F14 -> 0 | H14: =AVERAGE(F13:F15) -> 14611.111
... A37: 2025 | B37: =IFERROR(AVERAGEIFS(Dane!$B$2:$B$116,Dane!$A$2:$A$116,$A37,Dane!$D$2:$D$116,"prasa"),"") -> 11000 | C37: =IFERROR(AVERAGEIFS(Dane!$B$2:$B$116,Dane!$A$2:$A$116,$A37,Dane!$D$2:$D$116,"organizatorzy"),"") | D37: =IFERROR(AVERAGEIFS(Dane!$B$2:$B$116,Dane!$A$2:$A$116,$A37,Dane!$D$2:$D$116,"policja"),"") -> 6600 | E37: =IFERROR((0.5*IF(B37<>"",B37,0) + 0.25*IF(C37<>"",C37,0) + 0.25*IF(D37<>"",D37,0))/(0.5*IF(B37<>"",1,0) + 0.25*IF(C37<>"",1,0) + 0.25*IF(D37<>"",1,0)),"") -> 9533.3333 | F37: =IFERROR(AVERAGEIFS(Dane!$B$2:$B$116,Dane!$A$2:$A$116,$A37),"") -> 8800 | G37: =E37-F37 -> 733.33333 | H37: =AVERAGE(F36:F38) -> 9894.4444
A38: 2026 | B38: =IFERROR(AVERAGEIFS(Dane!$B$2:$B$116,Dane!$A$2:$A$116,$A38,Dane!$D$2:$D$116,"prasa"),"") | C38: =IFERROR(AVERAGEIFS(Dane!$B$2:$B$116,Dane!$A$2:$A$116,$A38,Dane!$D$2:$D$116,"organizatorzy"),"") -> 12000 | D38: =IFERROR(AVERAGEIFS(Dane!$B$2:$B$116,Dane!$A$2:$A$116,$A38,Dane!$D$2:$D$116,"policja"),"") -> 7100 | E38: =IFERROR((0.5*IF(B38<>"",B38,0) + 0.25*IF(C38<>"",C38,0) + 0.25*IF(D38<>"",D38,0))/(0.5*IF(B38<>"",1,0) + 0.25*IF(C38<>"",1,0) + 0.25*IF(D38<>"",1,0)),"") -> 9550 | F38: =IFERROR(AVERAGEIFS(Dane!$B$2:$B$116,Dane!$A$2:$A$116,$A38),"") -> 9550 | G38: =E38-F38 -> 0
D40: =IFERROR(__xludf.DUMMYFUNCTION("ARRAYFORMULA(JOIN("", "", IF(F2:F31="""", ""null"", ROUND(F2:F31, 0))))"),"56667, 10000, 23000, 16667, 6000, 7400, 16667, 9500, 13875, 10400, 11167, 16833, 13500, 13500, 18500, 10500, 13500, 10500, 9125, 13500, 9750, 11500, 12625, 9750, 10000, 15000, 14000, 14000, 9500, 13000") -> 56667, 10000, 23000, 16667, 6000, 7400, 16667, 9500, 13875, 10400, 11167, 16833, 13500, 13500, 18500, 10500, 13500, 10500, 9125, 13500, 9750, 11500, 12625, 9750, 10000, 15000, 14000, 14000, 9500, 13000
C46: andere Gruppen
C47: Datum | D47: Titel | E47: Thema | F47: Dauer | G47: Archiv ID | H47: FIDOS
C48: 32994 | D48: 100 Jahre 1. Mai | E48: 100 Jahre 1. Mai | F48: 75'28" | G48: 216532 | H48: 73462
C49: 33725 | D49: Tag der Arbeit | E49: Sternmarsch des DGB in Berlin | F49: 28'47" | G49: 218577 | H49: 77480
C50: 34090 | D50: Abendschau | E50: 1.Mai 1993 - offizielle Demonstrationen in Berlin | F50: 2'36" | G50: 120363 | H50: 80233
C51: 34820 | D51: Abendschau | E51: 1.Mai 1995 - DGB-Kundgebung | F51: 1'28" | G51: 122296 | H51: 86482
C52: 35187 | D52: SpätAbendschau | E52: Bilanz 1.Mai 1996 / Aufschwung Ost | F52: 0'42" | G52: 123407 | H52: 89509
C53: 36280 | D53: SpätAbendschau | E53: Demonstrationen am Vorabend des 1. Mai | F53: 2'04" | G53: 126764 | H53: 99163
C54: 36647 | D54: SpätAbendschau | E54: DGB-Demonstration und -kundgebung zum 1. Mai | F54: 0'59" | G54: 128242 | H54: 102355
C55: 36647 | D55: SpätAbendschau | E55: Revolutionäre Mai-Demonstration in Kreuzberg | F55: 1'38" | G55: 128242 | H55: 102355
C56: 36647 | D56: SpätAbendschau | E56: NPD-Demonstration in Hellersdorf | F56: 2'45" | G56: 128242 | H56: 102355
C57: 37011 | D57: SpätAbendschau | E57: Walpurgisnacht und 1. Mai | F57: 1'18" | G57: 129710 | H57: 105171
C58: 37377 | D58: SpätAbendschau | E58: Aktuelle Abendereignisse am 1. Mai 2002 | F58: 1'45" | G58: 131170 | H58: 108353
C59: 37377 | D59: SpätAbendschau | E59: NPD-Demonstration | F59: 0'28" | G59: 131170 | H59: 108353
... C62: 37743 | D62: Abendschau | E62: Bilanz 1. Mai 2003 | F62: 2'15" | G62: 132634 | H62: 111306
C63: 39570 | D63: Abendschau | E63: Nachklapp 1. Mai | F63: 2'23" | G63: 2000144326 | H63: N/A
C64: 39934 | D64: Abendschau | E64: Off-Maz: 1. Mai in Berlin | F64: 0'28" | G64: 2000153239 | H64: N/A
C65: 40299 | D65: Abendschau | E65: Walpurgisnacht blieb eher ruhig | F65: 1'53" | G65: 6000000133 | H65: N/A
C66: 40663 | D66: Abendschau | E66: Liveschalte zur Walpurgisnacht im Mauerpark | F66: 4'33" | G66: 6000044022 | H66: N/A
C67: 40664 | D67: Abendschau | E67: Zusammenfassung Walpurgisnacht | F67: 1'28" | G67: 6000044116 | H67: N/A
C68: 41031 | D68: Abendschau | E68: Bilanz des 1. Mai | F68: 2'36" | G68: 6000058048 | H68: N/A
C69: 41394 | D69: Abendschau | E69: Anti-Nazi-Demo in Schöneweide | F69: 0'22" | G69: 6000072052 | H69: N/A
C70: 41761 | D70: Abendschau | E70: Nachklapp 1.Mai 2014 | F70: 1'34" | G70: 6000085766 | H70: N/A
C71: 42126 | D71: Abendschau | E71: Der Tag nach dem 1. Mai | F71: 2'06" | G71: 6000099157 | H71: N/A
C72: 42856 | D72: Abendschau | E72: DGB-Demo am Brandenburger Tor | F72: 0'58" | G72: 6000123916 | H72: N/A
D78: prasa | E78: organizatorzy | F78: policja | G78: średnia ogólna | J78: organizatorzy vs prasa | K78: organizatorzy vs policja
C79: 1990 | D79: 56666.667 | G79: 56666.667 | J79: =E79/D79 -> 0
C80: 1991 | D80: 7500 | E80: 15000 | G80: 10000 | J80: =E80/D80 -> 2 | K80: =E80/F80 -> #DIV/0!
C81: 1992 | D81: 26250 | E81: 25000 | F81: 8000 | G81: 25600 | J81: =E81/D81 -> 0.95238095 | K81: =E81/F81 -> 3.125
C82: 1993 | D82: 10000 | E82: 30000 | G82: 28333.333 | J82: =E82/D82 -> 3 | K82: =E82/F82 -> #DIV/0!
C83: 1994 | D83: 5000 | E83: 8000 | G83: 6000 | J83: =E83/D83 -> 1.6 | K83: =E83/F83 -> #DIV/0!
C84: 1995 | D84: 6750 | E84: 10000 | G84: 7400 | J84: =E84/D84 -> 1.4814815 | K84: =E84/F84 -> #DIV/0!
C85: 1996 | D85: 16666.667 | G85: 16666.667 | J85: =E85/D85 -> 0 | K85: =E85/F85 -> #DIV/0!
C86: 1997 | D86: 5833.3333 | E86: 25000 | F86: 5000 | G86: 9500 | J86: =E86/D86 -> 4.2857143 | K86: =E86/F86 -> 5
C87: 1998 | D87: 12666.667 | E87: 17500 | G87: 13875 | J87: =E87/D87 -> 1.3815789 | K87: =E87/F87 -> #DIV/0!
C88: 1999 | D88: 10000 | E88: 15000 | F88: 7000 | G88: 10400 | J88: =E88/D88 -> 1.5 | K88: =E88/F88 -> 2.1428571
C89: 2000 | D89: 10000 | E89: 15000 | F89: 7000 | G89: 11400 | J89: =E89/D89 -> 1.5 | K89: =E89/F89 -> 2.1428571
C90: 2001 | D90: 16833.333 | G90: 16833.333 | J90: =E90/D90 -> 0 | K90: =E90/F90 -> #DIV/0!
C91: 2002 | D91: 11000 | E91: 25000 | F91: 7000 | G91: 13500 | K91: =E91/F91 -> 3.5714286
C92: 2003 | E92: 20000 | F92: 7000 | G92: 13500 | K92: =E92/F92 -> 2.8571429
C93: 2004 | E93: 25000 | F93: 12000 | G93: 18500 | J93: =E93/D93 -> #DIV/0! | K93: =E93/F93 -> 2.0833333
C94: 2005 | D94: 10000 | E94: 12000 | G94: 10500 | J94: =E94/D94 -> 1.2 | K94: =E94/F94 -> #DIV/0!
C95: 2006 | D95: 9000 | E95: 21000 | F95: 7500 | G95: 10625 | J95: =E95/D95 -> 2.3333333 | K95: =E95/F95 -> 2.8
C96: 2007 | D96: 12000 | E96: 12000 | F96: 7500 | G96: 9750 | J96: =E96/D96 -> 1 | K96: =E96/F96 -> 1.6
C97: 2008 | D97: 5750 | E97: 20000 | F97: 5000 | G97: 5500 | K97: =E97/F97 -> 4
C98: 2009 | E98: 19000 | F98: 2500 | G98: 11250 | K98: =E98/F98 -> 7.6
C99: 2010 | E99: 12000 | F99: 7500 | G99: 9750 | J99: =E99/D99 -> #DIV/0! | K99: =E99/F99 -> 1.6
C100: 2011 | D100: 15000 | E100: 12500 | F100: 6000 | G100: 11500 | J100: =E100/D100 -> 0.83333333 | K100: =E100/F100 -> 2.0833333
C101: 2012 | D101: 11833.333 | E101: 15000 | G101: 12625 | J101: =E101/D101 -> 1.2676056 | K101: =E101/F101 -> #DIV/0!
C102: 2013 | D102: 9750 | G102: 9750 | J102: =E102/D102 -> 0 | K102: =E102/F102 -> #DIV/0!
C103: 2014 | D103: 10000 | F103: 6000 | G103: 10000 | J103: =E103/D103 -> 0 | K103: =E103/F103 -> 0
C104: 2015 | E104: 15000 | G104: 16333.333 | J104: =E104/D104 -> #DIV/0! | K104: =E104/F104 -> #DIV/0!
C105: 2016 | E105: 14000 | G105: 14000 | J105: =E105/D105 -> #DIV/0! | K105: =E105/F105 -> #DIV/0!
C106: 2017 | E106: 14000 | G106: 14000 | J106: =E106/D106 -> #DIV/0! | K106: =E106/F106 -> #DIV/0!
C107: 2018 | E107: 14000 | F107: 5000 | G107: 9500 | J107: =E107/D107 -> #DIV/0! | K107: =E107/F107 -> 2.8
C108: 2019 | E108: 13000 | G108: 13000 | J108: =E108/D108 -> #DIV/0! | K108: =E108/F108 -> #DIV/0!
C109: 2020 | G109: 0 | J109: =E109/D109 -> #DIV/0! | K109: =E109/F109 -> #DIV/0!
C110: 2021 | E110: 300 | G110: 300 | J110: =E110/D110 -> #DIV/0! | K110: =E110/F110 -> #DIV/0!
C111: 2022 | D111: 7500 | F111: 9500 | G111: 8500 | J111: =E111/D111 -> 0 | K111: =E111/F111 -> 0
C112: 2023 | F112: 6000 | G112: 6000 | J112: =E112/D112 -> #DIV/0! | K112: =E112/F112 -> 0
C113: 2024 | D113: 10000 | F113: 14000 | G113: 11333.333 | J113: =E113/D113 -> 0 | K113: =E113/F113 -> 0
C114: 2025 | D114: 11000 | F114: 6600 | G114: 8800 | J114: =E114/D114 -> 0 | K114: =E114/F114 -> 0
C115: 2026 | E115: 12000 | F115: 7100 | G115: 9550 | J115: =E115/D115 -> #DIV/0! | K115: =E115/F115 -> 1.6901408

Sheet Wykresy oddzielne prasa policja
A1: Rok | B1: Prasa | C1: Organizatorzy | D1: Policja | E1: Średnia ogólna | F1: średnia metoda alt | G1: Różnica % | H1: średnia ruchoma
A2: 1990 | B2: =IFERROR(AVERAGEIFS(Dane!$B$2:$B$116,Dane!$A$2:$A$116,$A2,Dane!$D$2:$D$116,"prasa"),"") -> 56666.667 | C2: =IFERROR(AVERAGEIFS(Dane!$B$2:$B$116,Dane!$A$2:$A$116,$A2,Dane!$D$2:$D$116,"organizatorzy"),"") | D2: =IFERROR(AVERAGEIFS(Dane!$B$2:$B$116,Dane!$A$2:$A$116,$A2,Dane!$D$2:$D$116,"policja"),"") | E2: =IFERROR((0.5*IF(B2<>"",B2,0) + 0.25*IF(C2<>"",C2,0) + 0.25*IF(D2<>"",D2,0))/(0.5*IF(B2<>"",1,0) + 0.25*IF(C2<>"",1,0) + 0.25*IF(D2<>"",1,0)),"") -> 56666.667 | F2: =IFERROR(AVERAGEIFS(Dane!$B$2:$B$116,Dane!$A$2:$A$116,$A2),"") -> 56666.667 | G2: =E2-F2 -> 0
A3: 1991 | B3: =IFERROR(AVERAGEIFS(Dane!$B$2:$B$116,Dane!$A$2:$A$116,$A3,Dane!$D$2:$D$116,"prasa"),"") -> 7500 | C3: =IFERROR(AVERAGEIFS(Dane!$B$2:$B$116,Dane!$A$2:$A$116,$A3,Dane!$D$2:$D$116,"organizatorzy"),"") -> 15000 | D3: =IFERROR(AVERAGEIFS(Dane!$B$2:$B$116,Dane!$A$2:$A$116,$A3,Dane!$D$2:$D$116,"policja"),"") | E3: =IFERROR((0.5*IF(B3<>"",B3,0) + 0.25*IF(C3<>"",C3,0) + 0.25*IF(D3<>"",D3,0))/(0.5*IF(B3<>"",1,0) + 0.25*IF(C3<>"",1,0) + 0.25*IF(D3<>"",1,0)),"") -> 10000 | F3: =IFERROR(AVERAGEIFS(Dane!$B$2:$B$116,Dane!$A$2:$A$116,$A3),"") -> 10000 | G3: =E3-F3 -> 0 | H3: =AVERAGE(F2:F4) -> 29888.889
A4: 1992 | B4: =IFERROR(AVERAGEIFS(Dane!$B$2:$B$116,Dane!$A$2:$A$116,$A4,Dane!$D$2:$D$116,"prasa"),"") -> 26250 | C4: =IFERROR(AVERAGEIFS(Dane!$B$2:$B$116,Dane!$A$2:$A$116,$A4,Dane!$D$2:$D$116,"organizatorzy"),"") -> 25000 | D4: =IFERROR(AVERAGEIFS(Dane!$B$2:$B$116,Dane!$A$2:$A$116,$A4,Dane!$D$2:$D$116,"policja"),"") -> 8000 | E4: =IFERROR((0.5*IF(B4<>"",B4,0) + 0.25*IF(C4<>"",C4,0) + 0.25*IF(D4<>"",D4,0))/(0.5*IF(B4<>"",1,0) + 0.25*IF(C4<>"",1,0) + 0.25*IF(D4<>"",1,0)),"") -> 21375 | F4: =IFERROR(AVERAGEIFS(Dane!$B$2:$B$116,Dane!$A$2:$A$116,$A4),"") -> 23000 | G4: =E4-F4 -> -1625 | H4: =AVERAGE(F3:F5) -> 16555.556
A5: 1993 | B5: =IFERROR(AVERAGEIFS(Dane!$B$2:$B$116,Dane!$A$2:$A$116,$A5,Dane!$D$2:$D$116,"prasa"),"") -> 10000 | C5: =IFERROR(AVERAGEIFS(Dane!$B$2:$B$116,Dane!$A$2:$A$116,$A5,Dane!$D$2:$D$116,"organizatorzy"),"") -> 30000 | D5: =IFERROR(AVERAGEIFS(Dane!$B$2:$B$116,Dane!$A$2:$A$116,$A5,Dane!$D$2:$D$116,"policja"),"") | E5: =IFERROR((0.5*IF(B5<>"",B5,0) + 0.25*IF(C5<>"",C5,0) + 0.25*IF(D5<>"",D5,0))/(0.5*IF(B5<>"",1,0) + 0.25*IF(C5<>"",1,0) + 0.25*IF(D5<>"",1,0)),"") -> 16666.667 | F5: =IFERROR(AVERAGEIFS(Dane!$B$2:$B$116,Dane!$A$2:$A$116,$A5),"") -> 16666.667 | G5: =E5-F5 -> 0 | H5: =AVERAGE(F4:F6) -> 15222.222
A6: 1994 | B6: =IFERROR(AVERAGEIFS(Dane!$B$2:$B$116,Dane!$A$2:$A$116,$A6,Dane!$D$2:$D$116,"prasa"),"") -> 5000 | C6: =IFERROR(AVERAGEIFS(Dane!$B$2:$B$116,Dane!$A$2:$A$116,$A6,Dane!$D$2:$D$116,"organizatorzy"),"") -> 8000 | D6: =IFERROR(AVERAGEIFS(Dane!$B$2:$B$116,Dane!$A$2:$A$116,$A6,Dane!$D$2:$D$116,"policja"),"") | E6: =IFERROR((0.5*IF(B6<>"",B6,0) + 0.25*IF(C6<>"",C6,0) + 0.25*IF(D6<>"",D6,0))/(0.5*IF(B6<>"",1,0) + 0.25*IF(C6<>"",1,0) + 0.25*IF(D6<>"",1,0)),"") -> 6000 | F6: =IFERROR(AVERAGEIFS(Dane!$B$2:$B$116,Dane!$A$2:$A$116,$A6),"") -> 6000 | G6: =E6-F6 -> 0 | H6: =AVERAGE(F5:F7) -> 10022.222
A7: 1995 | B7: =IFERROR(AVERAGEIFS(Dane!$B$2:$B$116,Dane!$A$2:$A$116,$A7,Dane!$D$2:$D$116,"prasa"),"") -> 6750 | C7: =IFERROR(AVERAGEIFS(Dane!$B$2:$B$116,Dane!$A$2:$A$116,$A7,Dane!$D$2:$D$116,"organizatorzy"),"") -> 10000 | D7: =IFERROR(AVERAGEIFS(Dane!$B$2:$B$116,Dane!$A$2:$A$116,$A7,Dane!$D$2:$D$116,"policja"),"") | E7: =IFERROR((0.5*IF(B7<>"",B7,0) + 0.25*IF(C7<>"",C7,0) + 0.25*IF(D7<>"",D7,0))/(0.5*IF(B7<>"",1,0) + 0.25*IF(C7<>"",1,0) + 0.25*IF(D7<>"",1,0)),"") -> 7833.3333 | F7: =IFERROR(AVERAGEIFS(Dane!$B$2:$B$116,Dane!$A$2:$A$116,$A7),"") -> 7400 | G7: =E7-F7 -> 433.33333 | H7: =AVERAGE(F6:F8) -> 10022.222
A8: 1996 | B8: =IFERROR(AVERAGEIFS(Dane!$B$2:$B$116,Dane!$A$2:$A$116,$A8,Dane!$D$2:$D$116,"prasa"),"") -> 16666.667 | C8: =AVERAGE(C7,C9) -> 17500 | D8: =IFERROR(AVERAGEIFS(Dane!$B$2:$B$116,Dane!$A$2:$A$116,$A8,Dane!$D$2:$D$116,"policja"),"") | E8: =IFERROR((0.5*IF(B8<>"",B8,0) + 0.25*IF(C8<>"",C8,0) + 0.25*IF(D8<>"",D8,0))/(0.5*IF(B8<>"",1,0) + 0.25*IF(C8<>"",1,0) + 0.25*IF(D8<>"",1,0)),"") -> 16944.444 | F8: =IFERROR(AVERAGEIFS(Dane!$B$2:$B$116,Dane!$A$2:$A$116,$A8),"") -> 16666.667 | G8: =E8-F8 -> 277.77778 | H8: =AVERAGE(F7:F9) -> 11188.889
A9: 1997 | B9: =IFERROR(AVERAGEIFS(Dane!$B$2:$B$116,Dane!$A$2:$A$116,$A9,Dane!$D$2:$D$116,"prasa"),"") -> 5833.3333 | C9: =IFERROR(AVERAGEIFS(Dane!$B$2:$B$116,Dane!$A$2:$A$116,$A9,Dane!$D$2:$D$116,"organizatorzy"),"") -> 25000 | D9: =IFERROR(AVERAGEIFS(Dane!$B$2:$B$116,Dane!$A$2:$A$116,$A9,Dane!$D$2:$D$116,"policja"),"") -> 5000 | E9: =IFERROR((0.5*IF(B9<>"",B9,0) + 0.25*IF(C9<>"",C9,0) + 0.25*IF(D9<>"",D9,0))/(0.5*IF(B9<>"",1,0) + 0.25*IF(C9<>"",1,0) + 0.25*IF(D9<>"",1,0)),"") -> 10416.667 | F9: =IFERROR(AVERAGEIFS(Dane!$B$2:$B$116,Dane!$A$2:$A$116,$A9),"") -> 9500 | G9: =E9-F9 -> 916.66667 | H9: =AVERAGE(F8:F10) -> 13347.222
A10: 1998 | B10: =IFERROR(AVERAGEIFS(Dane!$B$2:$B$116,Dane!$A$2:$A$116,$A10,Dane!$D$2:$D$116,"prasa"),"") -> 12666.667 | C10: =IFERROR(AVERAGEIFS(Dane!$B$2:$B$116,Dane!$A$2:$A$116,$A10,Dane!$D$2:$D$116,"organizatorzy"),"") -> 17500 | D10: =IFERROR(AVERAGEIFS(Dane!$B$2:$B$116,Dane!$A$2:$A$116,$A10,Dane!$D$2:$D$116,"policja"),"") | E10: =IFERROR((0.5*IF(B10<>"",B10,0) + 0.25*IF(C10<>"",C10,0) + 0.25*IF(D10<>"",D10,0))/(0.5*IF(B10<>"",1,0) + 0.25*IF(C10<>"",1,0) + 0.25*IF(D10<>"",1,0)),"") -> 14277.778 | F10: =IFERROR(AVERAGEIFS(Dane!$B$2:$B$116,Dane!$A$2:$A$116,$A10),"") -> 13875 | G10: =E10-F10 -> 402.77778 | H10: =AVERAGE(F9:F11) -> 11258.333
A11: 1999 | B11: =IFERROR(AVERAGEIFS(Dane!$B$2:$B$116,Dane!$A$2:$A$116,$A11,Dane!$D$2:$D$116,"prasa"),"") -> 10000 | C11: =IFERROR(AVERAGEIFS(Dane!$B$2:$B$116,Dane!$A$2:$A$116,$A11,Dane!$D$2:$D$116,"organizatorzy"),"") -> 15000 | D11: =IFERROR(AVERAGEIFS(Dane!$B$2:$B$116,Dane!$A$2:$A$116,$A11,Dane!$D$2:$D$116,"policja"),"") -> 7000 | E11: =IFERROR((0.5*IF(B11<>"",B11,0) + 0.25*IF(C11<>"",C11,0) + 0.25*IF(D11<>"",D11,0))/(0.5*IF(B11<>"",1,0) + 0.25*IF(C11<>"",1,0) + 0.25*IF(D11<>"",1,0)),"") -> 10500 | F11: =IFERROR(AVERAGEIFS(Dane!$B$2:$B$116,Dane!$A$2:$A$116,$A11),"") -> 10400 | G11: =E11-F11 -> 100 | H11: =AVERAGE(F10:F12) -> 11813.889
A12: 2000 | B12: =IFERROR(AVERAGEIFS(Dane!$B$2:$B$116,Dane!$A$2:$A$116,$A12,Dane!$D$2:$D$116,"prasa"),"") -> 10000 | C12: =IFERROR(AVERAGEIFS(Dane!$B$2:$B$116,Dane!$A$2:$A$116,$A12,Dane!$D$2:$D$116,"organizatorzy"),"") -> 15000 | D12: =IFERROR(AVERAGEIFS(Dane!$B$2:$B$116,Dane!$A$2:$A$116,$A12,Dane!$D$2:$D$116,"policja"),"") -> 7000 | E12: =IFERROR((0.5*IF(B12<>"",B12,0) + 0.25*IF(C12<>"",C12,0) + 0.25*IF(D12<>"",D12,0))/(0.5*IF(B12<>"",1,0) + 0.25*IF(C12<>"",1,0) + 0.25*IF(D12<>"",1,0)),"") -> 10500 | F12: =IFERROR(AVERAGEIFS(Dane!$B$2:$B$116,Dane!$A$2:$A$116,$A12),"") -> 11166.667 | G12: =E12-F12 -> -666.66667 | H12: =AVERAGE(F11:F13) -> 12800
A13: 2001 | B13: =IFERROR(AVERAGEIFS(Dane!$B$2:$B$116,Dane!$A$2:$A$116,$A13,Dane!$D$2:$D$116,"prasa"),"") -> 16833.333 | C13: =AVERAGE(C12,C14) -> 20000 | D13: =IFERROR(AVERAGEIFS(Dane!$B$2:$B$116,Dane!$A$2:$A$116,$A13,Dane!$D$2:$D$116,"policja"),"") | E13: =IFERROR((0.5*IF(B13<>"",B13,0) + 0.25*IF(C13<>"",C13,0) + 0.25*IF(D13<>"",D13,0))/(0.5*IF(B13<>"",1,0) + 0.25*IF(C13<>"",1,0) + 0.25*IF(D13<>"",1,0)),"") -> 17888.889 | F13: =IFERROR(AVERAGEIFS(Dane!$B$2:$B$116,Dane!$A$2:$A$116,$A13),"") -> 16833.333 | G13: =E13-F13 -> 1055.5556 | H13: =AVERAGE(F12:F14) -> 13833.333
A14: 2002 | B14: =IFERROR(AVERAGEIFS(Dane!$B$2:$B$116,Dane!$A$2:$A$116,$A14,Dane!$D$2:$D$116,"prasa"),"") -> 11000 | C14: =IFERROR(AVERAGEIFS(Dane!$B$2:$B$116,Dane!$A$2:$A$116,$A14,Dane!$D$2:$D$116,"organizatorzy"),"") -> 25000 | D14: =IFERROR(AVERAGEIFS(Dane!$B$2:$B$116,Dane!$A$2:$A$116,$A14,Dane!$D$2:$D$116,"policja"),"") -> 7000 | E14: =IFERROR((0.5*IF(B14<>"",B14,0) + 0.25*IF(C14<>"",C14,0) + 0.25*IF(D14<>"",D14,0))/(0.5*IF(B14<>"",1,0) + 0.25*IF(C14<>"",1,0) + 0.25*IF(D14<>"",1,0)),"") -> 13500 | F14: =IFERROR(AVERAGEIFS(Dane!$B$2:$B$116,Dane!$A$2:$A$116,$A14),"") -> 13500 | G14: =E14-F14 -> 0 | H14: =AVERAGE(F13:F15) -> 14611.111
A15: 2003 | B15: =IFERROR(AVERAGEIFS(Dane!$B$2:$B$116,Dane!$A$2:$A$116,$A15,Dane!$D$2:$D$116,"prasa"),"") | C15: =IFERROR(AVERAGEIFS(Dane!$B$2:$B$116,Dane!$A$2:$A$116,$A15,Dane!$D$2:$D$116,"organizatorzy"),"") -> 20000 | D15: =IFERROR(AVERAGEIFS(Dane!$B$2:$B$116,Dane!$A$2:$A$116,$A15,Dane!$D$2:$D$116,"policja"),"") -> 7000 | E15: =IFERROR((0.5*IF(B15<>"",B15,0) + 0.25*IF(C15<>"",C15,0) + 0.25*IF(D15<>"",D15,0))/(0.5*IF(B15<>"",1,0) + 0.25*IF(C15<>"",1,0) + 0.25*IF(D15<>"",1,0)),"") -> 13500 | F15: =IFERROR(AVERAGEIFS(Dane!$B$2:$B$116,Dane!$A$2:$A$116,$A15),"") -> 13500 | G15: =E15-F15 -> 0 | H15: =AVERAGE(F14:F16) -> 15166.667
A16: 2004 | B16: =IFERROR(AVERAGEIFS(Dane!$B$2:$B$116,Dane!$A$2:$A$116,$A16,Dane!$D$2:$D$116,"prasa"),"") | C16: =IFERROR(AVERAGEIFS(Dane!$B$2:$B$116,Dane!$A$2:$A$116,$A16,Dane!$D$2:$D$116,"organizatorzy"),"") -> 25000 | D16: =IFERROR(AVERAGEIFS(Dane!$B$2:$B$116,Dane!$A$2:$A$116,$A16,Dane!$D$2:$D$116,"policja"),"") -> 12000 | E16: =IFERROR((0.5*IF(B16<>"",B16,0) + 0.25*IF(C16<>"",C16,0) + 0.25*IF(D16<>"",D16,0))/(0.5*IF(B16<>"",1,0) + 0.25*IF(C16<>"",1,0) + 0.25*IF(D16<>"",1,0)),"") -> 18500 | F16: =IFERROR(AVERAGEIFS(Dane!$B$2:$B$116,Dane!$A$2:$A$116,$A16),"") -> 18500 | G16: =E16-F16 -> 0 | H16: =AVERAGE(F15:F17) -> 14166.667
A17: 2005 | B17: =IFERROR(AVERAGEIFS(Dane!$B$2:$B$116,Dane!$A$2:$A$116,$A17,Dane!$D$2:$D$116,"prasa"),"") -> 10000 | C17: =IFERROR(AVERAGEIFS(Dane!$B$2:$B$116,Dane!$A$2:$A$116,$A17,Dane!$D$2:$D$116,"organizatorzy"),"") -> 12000 | D17: =IFERROR(AVERAGEIFS(Dane!$B$2:$B$116,Dane!$A$2:$A$116,$A17,Dane!$D$2:$D$116,"policja"),"") | E17: =IFERROR((0.5*IF(B17<>"",B17,0) + 0.25*IF(C17<>"",C17,0) + 0.25*IF(D17<>"",D17,0))/(0.5*IF(B17<>"",1,0) + 0.25*IF(C17<>"",1,0) + 0.25*IF(D17<>"",1,0)),"") -> 10666.667 | F17: =IFERROR(AVERAGEIFS(Dane!$B$2:$B$116,Dane!$A$2:$A$116,$A17),"") -> 10500 | G17: =E17-F17 -> 166.66667 | H17: =AVERAGE(F16:F18) -> 14166.667
A18: 2006 | B18: =IFERROR(AVERAGEIFS(Dane!$B$2:$B$116,Dane!$A$2:$A$116,$A18,Dane!$D$2:$D$116,"prasa"),"") -> 9000 | C18: =IFERROR(AVERAGEIFS(Dane!$B$2:$B$116,Dane!$A$2:$A$116,$A18,Dane!$D$2:$D$116,"organizatorzy"),"") -> 21000 | D18: =IFERROR(AVERAGEIFS(Dane!$B$2:$B$116,Dane!$A$2:$A$116,$A18,Dane!$D$2:$D$116,"policja"),"") -> 7500 | E18: =IFERROR((0.5*IF(B18<>"",B18,0) + 0.25*IF(C18<>"",C18,0) + 0.25*IF(D18<>"",D18,0))/(0.5*IF(B18<>"",1,0) + 0.25*IF(C18<>"",1,0) + 0.25*IF(D18<>"",1,0)),"") -> 11625 | F18: =IFERROR(AVERAGEIFS(Dane!$B$2:$B$116,Dane!$A$2:$A$116,$A18),"") -> 13500 | G18: =E18-F18 -> -1875 | H18: =AVERAGE(F17:F19) -> 11500
A19: 2007 | B19: =IFERROR(AVERAGEIFS(Dane!$B$2:$B$116,Dane!$A$2:$A$116,$A19,Dane!$D$2:$D$116,"prasa"),"") -> 12000 | C19: =IFERROR(AVERAGEIFS(Dane!$B$2:$B$116,Dane!$A$2:$A$116,$A19,Dane!$D$2:$D$116,"organizatorzy"),"") -> 12000 | D19: =IFERROR(AVERAGEIFS(Dane!$B$2:$B$116,Dane!$A$2:$A$116,$A19,Dane!$D$2:$D$116,"policja"),"") -> 7500 | E19: =IFERROR((0.5*IF(B19<>"",B19,0) + 0.25*IF(C19<>"",C19,0) + 0.25*IF(D19<>"",D19,0))/(0.5*IF(B19<>"",1,0) + 0.25*IF(C19<>"",1,0) + 0.25*IF(D19<>"",1,0)),"") -> 10875 | F19: =IFERROR(AVERAGEIFS(Dane!$B$2:$B$116,Dane!$A$2:$A$116,$A19),"") -> 10500 | G19: =E19-F19 -> 375 | H19: =AVERAGE(F18:F20) -> 11041.667
A20: 2008 | B20: =IFERROR(AVERAGEIFS(Dane!$B$2:$B$116,Dane!$A$2:$A$116,$A20,Dane!$D$2:$D$116,"prasa"),"") -> 5750 | C20: =IFERROR(AVERAGEIFS(Dane!$B$2:$B$116,Dane!$A$2:$A$116,$A20,Dane!$D$2:$D$116,"organizatorzy"),"") -> 20000 | D20: =IFERROR(AVERAGEIFS(Dane!$B$2:$B$116,Dane!$A$2:$A$116,$A20,Dane!$D$2:$D$116,"policja"),"") -> 5000 | E20: =IFERROR((0.5*IF(B20<>"",B20,0) + 0.25*IF(C20<>"",C20,0) + 0.25*IF(D20<>"",D20,0))/(0.5*IF(B20<>"",1,0) + 0.25*IF(C20<>"",1,0) + 0.25*IF(D20<>"",1,0)),"") -> 9125 | F20: =IFERROR(AVERAGEIFS(Dane!$B$2:$B$116,Dane!$A$2:$A$116,$A20),"") -> 9125 | G20: =E20-F20 -> 0 | H20: =AVERAGE(F19:F21) -> 11041.667
A21: 2009 | B21: =IFERROR(AVERAGEIFS(Dane!$B$2:$B$116,Dane!$A$2:$A$116,$A21,Dane!$D$2:$D$116,"prasa"),"") | C21: =IFERROR(AVERAGEIFS(Dane!$B$2:$B$116,Dane!$A$2:$A$116,$A21,Dane!$D$2:$D$116,"organizatorzy"),"") -> 19000 | D21: =IFERROR(AVERAGEIFS(Dane!$B$2:$B$116,Dane!$A$2:$A$116,$A21,Dane!$D$2:$D$116,"policja"),"") -> 2500 | E21: =IFERROR((0.5*IF(B21<>"",B21,0) + 0.25*IF(C21<>"",C21,0) + 0.25*IF(D21<>"",D21,0))/(0.5*IF(B21<>"",1,0) + 0.25*IF(C21<>"",1,0) + 0.25*IF(D21<>"",1,0)),"") -> 10750 | F21: =IFERROR(AVERAGEIFS(Dane!$B$2:$B$116,Dane!$A$2:$A$116,$A21),"") -> 13500 | G21: =E21-F21 -> -2750 | H21: =AVERAGE(F20:F22) -> 10791.667
A22: 2010 | B22: =IFERROR(AVERAGEIFS(Dane!$B$2:$B$116,Dane!$A$2:$A$116,$A22,Dane!$D$2:$D$116,"prasa"),"") | C22: =IFERROR(AVERAGEIFS(Dane!$B$2:$B$116,Dane!$A$2:$A$116,$A22,Dane!$D$2:$D$116,"organizatorzy"),"") -> 12000 | D22: =IFERROR(AVERAGEIFS(Dane!$B$2:$B$116,Dane!$A$2:$A$116,$A22,Dane!$D$2:$D$116,"policja"),"") -> 7500 | E22: =IFERROR((0.5*IF(B22<>"",B22,0) + 0.25*IF(C22<>"",C22,0) + 0.25*IF(D22<>"",D22,0))/(0.5*IF(B22<>"",1,0) + 0.25*IF(C22<>"",1,0) + 0.25*IF(D22<>"",1,0)),"") -> 9750 | F22: =IFERROR(AVERAGEIFS(Dane!$B$2:$B$116,Dane!$A$2:$A$116,$A22),"") -> 9750 | G22: =E22-F22 -> 0 | H22: =AVERAGE(F21:F23) -> 11583.333
A23: 2011 | B23: =IFERROR(AVERAGEIFS(Dane!$B$2:$B$116,Dane!$A$2:$A$116,$A23,Dane!$D$2:$D$116,"prasa"),"") -> 15000 | C23: =IFERROR(AVERAGEIFS(Dane!$B$2:$B$116,Dane!$A$2:$A$116,$A23,Dane!$D$2:$D$116,"organizatorzy"),"") -> 12500 | D23: =IFERROR(AVERAGEIFS(Dane!$B$2:$B$116,Dane!$A$2:$A$116,$A23,Dane!$D$2:$D$116,"policja"),"") -> 6000 | E23: =IFERROR((0.5*IF(B23<>"",B23,0) + 0.25*IF(C23<>"",C23,0) + 0.25*IF(D23<>"",D23,0))/(0.5*IF(B23<>"",1,0) + 0.25*IF(C23<>"",1,0) + 0.25*IF(D23<>"",1,0)),"") -> 12125 | F23: =IFERROR(AVERAGEIFS(Dane!$B$2:$B$116,Dane!$A$2:$A$116,$A23),"") -> 11500 | G23: =E23-F23 -> 625 | H23: =AVERAGE(F22:F24) -> 11291.667
A24: 2012 | B24: =IFERROR(AVERAGEIFS(Dane!$B$2:$B$116,Dane!$A$2:$A$116,$A24,Dane!$D$2:$D$116,"prasa"),"") -> 11833.333 | C24: =IFERROR(AVERAGEIFS(Dane!$B$2:$B$116,Dane!$A$2:$A$116,$A24,Dane!$D$2:$D$116,"organizatorzy"),"") -> 15000 | D24: =IFERROR(AVERAGEIFS(Dane!$B$2:$B$116,Dane!$A$2:$A$116,$A24,Dane!$D$2:$D$116,"policja"),"") | E24: =IFERROR((0.5*IF(B24<>"",B24,0) + 0.25*IF(C24<>"",C24,0) + 0.25*IF(D24<>"",D24,0))/(0.5*IF(B24<>"",1,0) + 0.25*IF(C24<>"",1,0) + 0.25*IF(D24<>"",1,0)),"") -> 12888.889 | F24: =IFERROR(AVERAGEIFS(Dane!$B$2:$B$116,Dane!$A$2:$A$116,$A24),"") -> 12625 | G24: =E24-F24 -> 263.88889 | H24: =AVERAGE(F23:F25) -> 11291.667
A25: 2013 | B25: =IFERROR(AVERAGEIFS(Dane!$B$2:$B$116,Dane!$A$2:$A$116,$A25,Dane!$D$2:$D$116,"prasa"),"") -> 9750 | C25: =AVERAGE(C24,C26) -> 15000 | D25: =IFERROR(AVERAGEIFS(Dane!$B$2:$B$116,Dane!$A$2:$A$116,$A25,Dane!$D$2:$D$116,"policja"),"") | E25: =IFERROR((0.5*IF(B25<>"",B25,0) + 0.25*IF(C25<>"",C25,0) + 0.25*IF(D25<>"",D25,0))/(0.5*IF(B25<>"",1,0) + 0.25*IF(C25<>"",1,0) + 0.25*IF(D25<>"",1,0)),"") -> 11500 | F25: =IFERROR(AVERAGEIFS(Dane!$B$2:$B$116,Dane!$A$2:$A$116,$A25),"") -> 9750 | G25: =E25-F25 -> 1750 | H25: =AVERAGE(F24:F26) -> 10791.667
A26: 2014 | B26: =IFERROR(AVERAGEIFS(Dane!$B$2:$B$116,Dane!$A$2:$A$116,$A26,Dane!$D$2:$D$116,"prasa"),"") -> 10000 | C26: 15000 | D26: =IFERROR(AVERAGEIFS(Dane!$B$2:$B$116,Dane!$A$2:$A$116,$A26,Dane!$D$2:$D$116,"policja"),"") | E26: =IFERROR((0.5*IF(B26<>"",B26,0) + 0.25*IF(C26<>"",C26,0) + 0.25*IF(D26<>"",D26,0))/(0.5*IF(B26<>"",1,0) + 0.25*IF(C26<>"",1,0) + 0.25*IF(D26<>"",1,0)),"") -> 11666.667 | F26: =IFERROR(AVERAGEIFS(Dane!$B$2:$B$116,Dane!$A$2:$A$116,$A26),"") -> 10000 | G26: =E26-F26 -> 1666.6667 | H26: =AVERAGE(F25:F27) -> 11583.333
A27: 2015 | B27: =IFERROR(AVERAGEIFS(Dane!$B$2:$B$116,Dane!$A$2:$A$116,$A27,Dane!$D$2:$D$116,"prasa"),"") | C27: =IFERROR(AVERAGEIFS(Dane!$B$2:$B$116,Dane!$A$2:$A$116,$A27,Dane!$D$2:$D$116,"organizatorzy"),"") -> 15000 | D27: =IFERROR(AVERAGEIFS(Dane!$B$2:$B$116,Dane!$A$2:$A$116,$A27,Dane!$D$2:$D$116,"policja"),"") | E27: =IFERROR((0.5*IF(B27<>"",B27,0) + 0.25*IF(C27<>"",C27,0) + 0.25*IF(D27<>"",D27,0))/(0.5*IF(B27<>"",1,0) + 0.25*IF(C27<>"",1,0) + 0.25*IF(D27<>"",1,0)),"") -> 15000 | F27: =IFERROR(AVERAGEIFS(Dane!$B$2:$B$116,Dane!$A$2:$A$116,$A27),"") -> 15000 | G27: =E27-F27 -> 0 | H27: =AVERAGE(F26:F28) -> 13000
A28: 2016 | B28: =IFERROR(AVERAGEIFS(Dane!$B$2:$B$116,Dane!$A$2:$A$116,$A28,Dane!$D$2:$D$116,"prasa"),"") | C28: =IFERROR(AVERAGEIFS(Dane!$B$2:$B$116,Dane!$A$2:$A$116,$A28,Dane!$D$2:$D$116,"organizatorzy"),"") -> 14000 | D28: =IFERROR(AVERAGEIFS(Dane!$B$2:$B$116,Dane!$A$2:$A$116,$A28,Dane!$D$2:$D$116,"policja"),"") | E28: =IFERROR((0.5*IF(B28<>"",B28,0) + 0.25*IF(C28<>"",C28,0) + 0.25*IF(D28<>"",D28,0))/(0.5*IF(B28<>"",1,0) + 0.25*IF(C28<>"",1,0) + 0.25*IF(D28<>"",1,0)),"") -> 14000 | F28: =IFERROR(AVERAGEIFS(Dane!$B$2:$B$116,Dane!$A$2:$A$116,$A28),"") -> 14000 | G28: =E28-F28 -> 0 | H28: =AVERAGE(F27:F29) -> 14333.333
A29: 2017 | B29: =IFERROR(AVERAGEIFS(Dane!$B$2:$B$116,Dane!$A$2:$A$116,$A29,Dane!$D$2:$D$116,"prasa"),"") | C29: =IFERROR(AVERAGEIFS(Dane!$B$2:$B$116,Dane!$A$2:$A$116,$A29,Dane!$D$2:$D$116,"organizatorzy"),"") -> 14000 | D29: =IFERROR(AVERAGEIFS(Dane!$B$2:$B$116,Dane!$A$2:$A$116,$A29,Dane!$D$2:$D$116,"policja"),"") | E29: =IFERROR((0.5*IF(B29<>"",B29,0) + 0.25*IF(C29<>"",C29,0) + 0.25*IF(D29<>"",D29,0))/(0.5*IF(B29<>"",1,0) + 0.25*IF(C29<>"",1,0) + 0.25*IF(D29<>"",1,0)),"") -> 14000 | F29: =IFERROR(AVERAGEIFS(Dane!$B$2:$B$116,Dane!$A$2:$A$116,$A29),"") -> 14000 | G29: =E29-F29 -> 0 | H29: =AVERAGE(F28:F30) -> 12500
A30: 2018 | B30: =IFERROR(AVERAGEIFS(Dane!$B$2:$B$116,Dane!$A$2:$A$116,$A30,Dane!$D$2:$D$116,"prasa"),"") | C30: =IFERROR(AVERAGEIFS(Dane!$B$2:$B$116,Dane!$A$2:$A$116,$A30,Dane!$D$2:$D$116,"organizatorzy"),"") -> 14000 | D30: =IFERROR(AVERAGEIFS(Dane!$B$2:$B$116,Dane!$A$2:$A$116,$A30,Dane!$D$2:$D$116,"policja"),"") -> 5000 | E30: =IFERROR((0.5*IF(B30<>"",B30,0) + 0.25*IF(C30<>"",C30,0) + 0.25*IF(D30<>"",D30,0))/(0.5*IF(B30<>"",1,0) + 0.25*IF(C30<>"",1,0) + 0.25*IF(D30<>"",1,0)),"") -> 9500 | F30: =IFERROR(AVERAGEIFS(Dane!$B$2:$B$116,Dane!$A$2:$A$116,$A30),"") -> 9500 | G30: =E30-F30 -> 0 | H30: =AVERAGE(F29:F31) -> 12166.667
A31: 2019 | B31: =IFERROR(AVERAGEIFS(Dane!$B$2:$B$116,Dane!$A$2:$A$116,$A31,Dane!$D$2:$D$116,"prasa"),"") | C31: =IFERROR(AVERAGEIFS(Dane!$B$2:$B$116,Dane!$A$2:$A$116,$A31,Dane!$D$2:$D$116,"organizatorzy"),"") -> 13000 | D31: =IFERROR(AVERAGEIFS(Dane!$B$2:$B$116,Dane!$A$2:$A$116,$A31,Dane!$D$2:$D$116,"policja"),"") | E31: =IFERROR((0.5*IF(B31<>"",B31,0) + 0.25*IF(C31<>"",C31,0) + 0.25*IF(D31<>"",D31,0))/(0.5*IF(B31<>"",1,0) + 0.25*IF(C31<>"",1,0) + 0.25*IF(D31<>"",1,0)),"") -> 13000 | F31: =IFERROR(AVERAGEIFS(Dane!$B$2:$B$116,Dane!$A$2:$A$116,$A31),"") -> 13000 | G31: =E31-F31 -> 0 | H31: =AVERAGE(F30:F32) -> 7500
A32: 2020 | B32: =IFERROR(AVERAGEIFS(Dane!$B$2:$B$116,Dane!$A$2:$A$116,$A32,Dane!$D$2:$D$116,"prasa"),"") | C32: =IFERROR(AVERAGEIFS(Dane!$B$2:$B$116,Dane!$A$2:$A$116,$A32,Dane!$D$2:$D$116,"organizatorzy"),"") | D32: =IFERROR(AVERAGEIFS(Dane!$B$2:$B$116,Dane!$A$2:$A$116,$A32,Dane!$D$2:$D$116,"policja"),"") | E32: =IFERROR((0.5*IF(B32<>"",B32,0) + 0.25*IF(C32<>"",C32,0) + 0.25*IF(D32<>"",D32,0))/(0.5*IF(B32<>"",1,0) + 0.25*IF(C32<>"",1,0) + 0.25*IF(D32<>"",1,0)),"") | F32: =IFERROR(AVERAGEIFS(Dane!$B$2:$B$116,Dane!$A$2:$A$116,$A32),"") -> 0 | G32: =E32-F32 -> 0 | H32: =AVERAGE(F31:F33) -> 4433.3333
A33: 2021 | B33: =IFERROR(AVERAGEIFS(Dane!$B$2:$B$116,Dane!$A$2:$A$116,$A33,Dane!$D$2:$D$116,"prasa"),"") | C33: =IFERROR(AVERAGEIFS(Dane!$B$2:$B$116,Dane!$A$2:$A$116,$A33,Dane!$D$2:$D$116,"organizatorzy"),"") -> 300 | D33: =IFERROR(AVERAGEIFS(Dane!$B$2:$B$116,Dane!$A$2:$A$116,$A33,Dane!$D$2:$D$116,"policja"),"") | E33: =IFERROR((0.5*IF(B33<>"",B33,0) + 0.25*IF(C33<>"",C33,0) + 0.25*IF(D33<>"",D33,0))/(0.5*IF(B33<>"",1,0) + 0.25*IF(C33<>"",1,0) + 0.25*IF(D33<>"",1,0)),"") -> 300 | F33: =IFERROR(AVERAGEIFS(Dane!$B$2:$B$116,Dane!$A$2:$A$116,$A33),"") -> 300 | G33: =E33-F33 -> 0 | H33: =AVERAGE(F32:F34) -> 2933.3333
A34: 2022 | B34: =IFERROR(AVERAGEIFS(Dane!$B$2:$B$116,Dane!$A$2:$A$116,$A34,Dane!$D$2:$D$116,"prasa"),"") -> 7500 | C34: =IFERROR(AVERAGEIFS(Dane!$B$2:$B$116,Dane!$A$2:$A$116,$A34,Dane!$D$2:$D$116,"organizatorzy"),"") | D34: =IFERROR(AVERAGEIFS(Dane!$B$2:$B$116,Dane!$A$2:$A$116,$A34,Dane!$D$2:$D$116,"policja"),"") -> 9500 | E34: =IFERROR((0.5*IF(B34<>"",B34,0) + 0.25*IF(C34<>"",C34,0) + 0.25*IF(D34<>"",D34,0))/(0.5*IF(B34<>"",1,0) + 0.25*IF(C34<>"",1,0) + 0.25*IF(D34<>"",1,0)),"") -> 8166.6667 | F34: =IFERROR(AVERAGEIFS(Dane!$B$2:$B$116,Dane!$A$2:$A$116,$A34),"") -> 8500 | G34: =E34-F34 -> -333.33333 | H34: =AVERAGE(F33:F35) -> 4933.3333
A35: 2023 | B35: =IFERROR(AVERAGEIFS(Dane!$B$2:$B$116,Dane!$A$2:$A$116,$A35,Dane!$D$2:$D$116,"prasa"),"") | C35: =IFERROR(AVERAGEIFS(Dane!$B$2:$B$116,Dane!$A$2:$A$116,$A35,Dane!$D$2:$D$116,"organizatorzy"),"") | D35: =IFERROR(AVERAGEIFS(Dane!$B$2:$B$116,Dane!$A$2:$A$116,$A35,Dane!$D$2:$D$116,"policja"),"") -> 6000 | E35: =IFERROR((0.5*IF(B35<>"",B35,0) + 0.25*IF(C35<>"",C35,0) + 0.25*IF(D35<>"",D35,0))/(0.5*IF(B35<>"",1,0) + 0.25*IF(C35<>"",1,0) + 0.25*IF(D35<>"",1,0)),"") -> 6000 | F35: =IFERROR(AVERAGEIFS(Dane!$B$2:$B$116,Dane!$A$2:$A$116,$A35),"") -> 6000 | G35: =E35-F35 -> 0 | H35: =AVERAGE(F34:F36) -> 8611.1111
A36: 2024 | B36: =IFERROR(AVERAGEIFS(Dane!$B$2:$B$116,Dane!$A$2:$A$116,$A36,Dane!$D$2:$D$116,"prasa"),"") -> 10000 | C36: =IFERROR(AVERAGEIFS(Dane!$B$2:$B$116,Dane!$A$2:$A$116,$A36,Dane!$D$2:$D$116,"organizatorzy"),"") | D36: =IFERROR(AVERAGEIFS(Dane!$B$2:$B$116,Dane!$A$2:$A$116,$A36,Dane!$D$2:$D$116,"policja"),"") -> 14000 | E36: =IFERROR((0.5*IF(B36<>"",B36,0) + 0.25*IF(C36<>"",C36,0) + 0.25*IF(D36<>"",D36,0))/(0.5*IF(B36<>"",1,0) + 0.25*IF(C36<>"",1,0) + 0.25*IF(D36<>"",1,0)),"") -> 11333.333 | F36: =IFERROR(AVERAGEIFS(Dane!$B$2:$B$116,Dane!$A$2:$A$116,$A36),"") -> 11333.333 | G36: =E36-F36 -> 0 | H36: =AVERAGE(F35:F37) -> 8711.1111
A37: 2025 | B37: =IFERROR(AVERAGEIFS(Dane!$B$2:$B$116,Dane!$A$2:$A$116,$A37,Dane!$D$2:$D$116,"prasa"),"") -> 11000 | C37: =IFERROR(AVERAGEIFS(Dane!$B$2:$B$116,Dane!$A$2:$A$116,$A37,Dane!$D$2:$D$116,"organizatorzy"),"") | D37: =IFERROR(AVERAGEIFS(Dane!$B$2:$B$116,Dane!$A$2:$A$116,$A37,Dane!$D$2:$D$116,"policja"),"") -> 6600 | E37: =IFERROR((0.5*IF(B37<>"",B37,0) + 0.25*IF(C37<>"",C37,0) + 0.25*IF(D37<>"",D37,0))/(0.5*IF(B37<>"",1,0) + 0.25*IF(C37<>"",1,0) + 0.25*IF(D37<>"",1,0)),"") -> 9533.3333 | F37: =IFERROR(AVERAGEIFS(Dane!$B$2:$B$116,Dane!$A$2:$A$116,$A37),"") -> 8800 | G37: =E37-F37 -> 733.33333 | H37: =AVERAGE(F36:F38) -> 9894.4444
A38: 2026 | B38: =IFERROR(AVERAGEIFS(Dane!$B$2:$B$116,Dane!$A$2:$A$116,$A38,Dane!$D$2:$D$116,"prasa"),"") | C38: =IFERROR(AVERAGEIFS(Dane!$B$2:$B$116,Dane!$A$2:$A$116,$A38,Dane!$D$2:$D$116,"organizatorzy"),"") -> 12000 | D38: =IFERROR(AVERAGEIFS(Dane!$B$2:$B$116,Dane!$A$2:$A$116,$A38,Dane!$D$2:$D$116,"policja"),"") -> 7100 | E38: =IFERROR((0.5*IF(B38<>"",B38,0) + 0.25*IF(C38<>"",C38,0) + 0.25*IF(D38<>"",D38,0))/(0.5*IF(B38<>"",1,0) + 0.25*IF(C38<>"",1,0) + 0.25*IF(D38<>"",1,0)),"") -> 9550 | F38: =IFERROR(AVERAGEIFS(Dane!$B$2:$B$116,Dane!$A$2:$A$116,$A38),"") -> 9550 | G38: =E38-F38 -> 0

Sheet Dane_Revo
A1: Rok | B1: Liczba uczestników | C1: Źródło | D1: Kategoria | E1: Dane R1M 18
A2: 1996 | B2: 10000 | C2: Gluckspilz | D2: prasa
A3: 1997 | B3: 9000 | C3: Glückspilz | D3: prasa
A4: 1998 | B4: 3000 | C4: ND | D4: prasa
A5: 1998 | B5: 6000 | C5: Gluckspilz | D5: policja
A6: 1998 | B6: 11000 | C6: Gluckspilz | D6: organizatorzy
A7: 1999 | B7: 12000 | C7: Tagesspiegel | D7: prasa
A8: 1999 | B8: 15000 | C8: Gluckspilz | D8: prasa
A9: 1999 | B9: 15000 | C9: Beliner Zeitung | D9: prasa
A10: 2000 | B10: 5000 | C10: Gluckspilz | D10: policja
A11: 2000 | B11: 20000 | C11: Gluckspilz | D11: organizatorzy
A12: 2000 | B12: 15000 | C12: Gluckspilz | D12: prasa
A13: 2001 | B13: 6000 | C13: stressfaktor | D13: prasa
... A18: 2004 | B18: 3500 | C18: Umbruch | D18: prasa
A19: 2005 | B19: 0
A20: 2006 | B20: 0
A21: 2007 | B21: 3000 | C21: police | D21: policja
A22: 2007 | B22: 5000 | C22: Berliner Kurier | D22: prasa
A23: 2007 | B23: 15000 | C23: organisers via BZ | D23: organizatorzy
A24: 2008 | B24: 10000 | C24: police via taz | D24: policja
A25: 2008 | B25: 12000 | C25: "mehr als 10.000" ~ 12000 (Umbruch) | D25: organizatorzy
A26: 2009 | B26: 5000 | C26: police, via Tagesspiegel ticker 2010 | D26: policja
A27: 2009 | B27: 12000 | C27: "über 10.000 TeilnehmerInnen" ~ 12000 (Umbruch archiv) | D27: organizatorzy
A28: 2010 | B28: 10000 | C28: police, via Tagesspiegel ticker | D28: policja
A29: 2010 | B29: 15000 | C29: Umbruch Archiv | D29: organizatorzy
A30: 2011 | B30: 10000 | C30: taz | D30: prasa
A31: 2011 | B31: 9000 | C31: polica via BZ | D31: policja
A32: 2011 | B32: 15000 | C32: Umbruch | D32: organizatorzy
... A65: 2026 | B65: 11000 | C65: police | D65: policja

Sheet Średnie i wykres Revo
A1: Rok | B1: Prasa | C1: Organizatorzy | D1: Policja | E1: Średnia ogólna | F1: średnia metoda alt | G1: Różnica % | H1: średnia ruchoma
A2: 1996 | B2: =IFERROR(AVERAGEIFS(Dane_Revo!$B$2:$B$65,Dane_Revo!$A$2:$A$65,$A2,Dane_Revo!$D$2:$D$65,"prasa"),"") -> 10000 | C2: =IFERROR(AVERAGEIFS(Dane_Revo!$B$2:$B$65,Dane_Revo!$A$2:$A$65,$A2,Dane_Revo!$D$2:$D$65,"organizatorzy"),"") | D2: =IFERROR(AVERAGEIFS(Dane_Revo!$B$2:$B$65,Dane_Revo!$A$2:$A$65,$A2,Dane_Revo!$D$2:$D$65,"policja"),"") | E2: =IFERROR((0.5*IF(B2<>"",B2,0) + 0.25*IF(C2<>"",C2,0) + 0.25*IF(D2<>"",D2,0))/(0.5*IF(B2<>"",1,0) + 0.25*IF(C2<>"",1,0) + 0.25*IF(D2<>"",1,0)),"") -> 10000 | F2: =IFERROR(AVERAGEIFS(Dane_Revo!$B$2:$B$65,Dane_Revo!$A$2:$A$65,$A2),"") -> 10000 | G2: =E2-F2 -> 0
A3: 1997 | B3: =IFERROR(AVERAGEIFS(Dane_Revo!$B$2:$B$65,Dane_Revo!$A$2:$A$65,$A3,Dane_Revo!$D$2:$D$65,"prasa"),"") -> 9000 | C3: =IFERROR(AVERAGEIFS(Dane_Revo!$B$2:$B$65,Dane_Revo!$A$2:$A$65,$A3,Dane_Revo!$D$2:$D$65,"organizatorzy"),"") | D3: =IFERROR(AVERAGEIFS(Dane_Revo!$B$2:$B$65,Dane_Revo!$A$2:$A$65,$A3,Dane_Revo!$D$2:$D$65,"policja"),"") | E3: =IFERROR((0.5*IF(B3<>"",B3,0) + 0.25*IF(C3<>"",C3,0) + 0.25*IF(D3<>"",D3,0))/(0.5*IF(B3<>"",1,0) + 0.25*IF(C3<>"",1,0) + 0.25*IF(D3<>"",1,0)),"") -> 9000 | F3: =IFERROR(AVERAGEIFS(Dane_Revo!$B$2:$B$65,Dane_Revo!$A$2:$A$65,$A3),"") -> 9000 | G3: =E3-F3 -> 0 | H3: =AVERAGE(F2:F4) -> 8555.5556
A4: 1998 | B4: =IFERROR(AVERAGEIFS(Dane_Revo!$B$2:$B$65,Dane_Revo!$A$2:$A$65,$A4,Dane_Revo!$D$2:$D$65,"prasa"),"") -> 3000 | C4: =IFERROR(AVERAGEIFS(Dane_Revo!$B$2:$B$65,Dane_Revo!$A$2:$A$65,$A4,Dane_Revo!$D$2:$D$65,"organizatorzy"),"") -> 11000 | D4: =IFERROR(AVERAGEIFS(Dane_Revo!$B$2:$B$65,Dane_Revo!$A$2:$A$65,$A4,Dane_Revo!$D$2:$D$65,"policja"),"") -> 6000 | E4: =IFERROR((0.5*IF(B4<>"",B4,0) + 0.25*IF(C4<>"",C4,0) + 0.25*IF(D4<>"",D4,0))/(0.5*IF(B4<>"",1,0) + 0.25*IF(C4<>"",1,0) + 0.25*IF(D4<>"",1,0)),"") -> 5750 | F4: =IFERROR(AVERAGEIFS(Dane_Revo!$B$2:$B$65,Dane_Revo!$A$2:$A$65,$A4),"") -> 6666.6667 | G4: =E4-F4 -> -916.66667 | H4: =AVERAGE(F3:F5) -> 9888.8889
A5: 1999 | B5: =IFERROR(AVERAGEIFS(Dane_Revo!$B$2:$B$65,Dane_Revo!$A$2:$A$65,$A5,Dane_Revo!$D$2:$D$65,"prasa"),"") -> 14000 | C5: =IFERROR(AVERAGEIFS(Dane_Revo!$B$2:$B$65,Dane_Revo!$A$2:$A$65,$A5,Dane_Revo!$D$2:$D$65,"organizatorzy"),"") | D5: =IFERROR(AVERAGEIFS(Dane_Revo!$B$2:$B$65,Dane_Revo!$A$2:$A$65,$A5,Dane_Revo!$D$2:$D$65,"policja"),"") | E5: =IFERROR((0.5*IF(B5<>"",B5,0) + 0.25*IF(C5<>"",C5,0) + 0.25*IF(D5<>"",D5,0))/(0.5*IF(B5<>"",1,0) + 0.25*IF(C5<>"",1,0) + 0.25*IF(D5<>"",1,0)),"") -> 14000 | F5: =IFERROR(AVERAGEIFS(Dane_Revo!$B$2:$B$65,Dane_Revo!$A$2:$A$65,$A5),"") -> 14000 | G5: =E5-F5 -> 0 | H5: =AVERAGE(F4:F6) -> 11333.333
A6: 2000 | B6: =IFERROR(AVERAGEIFS(Dane_Revo!$B$2:$B$65,Dane_Revo!$A$2:$A$65,$A6,Dane_Revo!$D$2:$D$65,"prasa"),"") -> 15000 | C6: =IFERROR(AVERAGEIFS(Dane_Revo!$B$2:$B$65,Dane_Revo!$A$2:$A$65,$A6,Dane_Revo!$D$2:$D$65,"organizatorzy"),"") -> 20000 | D6: =IFERROR(AVERAGEIFS(Dane_Revo!$B$2:$B$65,Dane_Revo!$A$2:$A$65,$A6,Dane_Revo!$D$2:$D$65,"policja"),"") -> 5000 | E6: =IFERROR((0.5*IF(B6<>"",B6,0) + 0.25*IF(C6<>"",C6,0) + 0.25*IF(D6<>"",D6,0))/(0.5*IF(B6<>"",1,0) + 0.25*IF(C6<>"",1,0) + 0.25*IF(D6<>"",1,0)),"") -> 13750 | F6: =IFERROR(AVERAGEIFS(Dane_Revo!$B$2:$B$65,Dane_Revo!$A$2:$A$65,$A6),"") -> 13333.333 | G6: =E6-F6 -> 416.66667 | H6: =AVERAGE(F5:F7) -> 10944.444
A7: 2001 | B7: =IFERROR(AVERAGEIFS(Dane_Revo!$B$2:$B$65,Dane_Revo!$A$2:$A$65,$A7,Dane_Revo!$D$2:$D$65,"prasa"),"") -> 5500 | C7: =IFERROR(AVERAGEIFS(Dane_Revo!$B$2:$B$65,Dane_Revo!$A$2:$A$65,$A7,Dane_Revo!$D$2:$D$65,"organizatorzy"),"") | D7: =IFERROR(AVERAGEIFS(Dane_Revo!$B$2:$B$65,Dane_Revo!$A$2:$A$65,$A7,Dane_Revo!$D$2:$D$65,"policja"),"") | E7: =IFERROR((0.5*IF(B7<>"",B7,0) + 0.25*IF(C7<>"",C7,0) + 0.25*IF(D7<>"",D7,0))/(0.5*IF(B7<>"",1,0) + 0.25*IF(C7<>"",1,0) + 0.25*IF(D7<>"",1,0)),"") -> 5500 | F7: =IFERROR(AVERAGEIFS(Dane_Revo!$B$2:$B$65,Dane_Revo!$A$2:$A$65,$A7),"") -> 5500 | G7: =E7-F7 -> 0 | H7: =AVERAGE(F6:F8) -> 9444.4444
A8: 2002 | B8: =IFERROR(AVERAGEIFS(Dane_Revo!$B$2:$B$65,Dane_Revo!$A$2:$A$65,$A8,Dane_Revo!$D$2:$D$65,"prasa"),"") -> 9500 | C8: =IFERROR(AVERAGEIFS(Dane_Revo!$B$2:$B$65,Dane_Revo!$A$2:$A$65,$A8,Dane_Revo!$D$2:$D$65,"organizatorzy"),"") | D8: =IFERROR(AVERAGEIFS(Dane_Revo!$B$2:$B$65,Dane_Revo!$A$2:$A$65,$A8,Dane_Revo!$D$2:$D$65,"policja"),"") | E8: =IFERROR((0.5*IF(B8<>"",B8,0) + 0.25*IF(C8<>"",C8,0) + 0.25*IF(D8<>"",D8,0))/(0.5*IF(B8<>"",1,0) + 0.25*IF(C8<>"",1,0) + 0.25*IF(D8<>"",1,0)),"") -> 9500 | F8: =IFERROR(AVERAGEIFS(Dane_Revo!$B$2:$B$65,Dane_Revo!$A$2:$A$65,$A8),"") -> 9500 | G8: =E8-F8 -> 0 | H8: =AVERAGE(F7:F9) -> 6166.6667
A9: 2003 | B9: =IFERROR(AVERAGEIFS(Dane_Revo!$B$2:$B$65,Dane_Revo!$A$2:$A$65,$A9,Dane_Revo!$D$2:$D$65,"prasa"),"") -> 3500 | C9: =IFERROR(AVERAGEIFS(Dane_Revo!$B$2:$B$65,Dane_Revo!$A$2:$A$65,$A9,Dane_Revo!$D$2:$D$65,"organizatorzy"),"") | D9: =IFERROR(AVERAGEIFS(Dane_Revo!$B$2:$B$65,Dane_Revo!$A$2:$A$65,$A9,Dane_Revo!$D$2:$D$65,"policja"),"") | E9: =IFERROR((0.5*IF(B9<>"",B9,0) + 0.25*IF(C9<>"",C9,0) + 0.25*IF(D9<>"",D9,0))/(0.5*IF(B9<>"",1,0) + 0.25*IF(C9<>"",1,0) + 0.25*IF(D9<>"",1,0)),"") -> 3500 | F9: =IFERROR(AVERAGEIFS(Dane_Revo!$B$2:$B$65,Dane_Revo!$A$2:$A$65,$A9),"") -> 3500 | G9: =E9-F9 -> 0 | H9: =AVERAGE(F8:F10) -> 5500
A10: 2004 | B10: =IFERROR(AVERAGEIFS(Dane_Revo!$B$2:$B$65,Dane_Revo!$A$2:$A$65,$A10,Dane_Revo!$D$2:$D$65,"prasa"),"") -> 3500 | C10: =IFERROR(AVERAGEIFS(Dane_Revo!$B$2:$B$65,Dane_Revo!$A$2:$A$65,$A10,Dane_Revo!$D$2:$D$65,"organizatorzy"),"") | D10: =IFERROR(AVERAGEIFS(Dane_Revo!$B$2:$B$65,Dane_Revo!$A$2:$A$65,$A10,Dane_Revo!$D$2:$D$65,"policja"),"") | E10: =IFERROR((0.5*IF(B10<>"",B10,0) + 0.25*IF(C10<>"",C10,0) + 0.25*IF(D10<>"",D10,0))/(0.5*IF(B10<>"",1,0) + 0.25*IF(C10<>"",1,0) + 0.25*IF(D10<>"",1,0)),"") -> 3500 | F10: =IFERROR(AVERAGEIFS(Dane_Revo!$B$2:$B$65,Dane_Revo!$A$2:$A$65,$A10),"") -> 3500 | G10: =E10-F10 -> 0 | H10: =AVERAGE(F9:F11) -> 2333.3333
A11: 2005 | B11: =IFERROR(AVERAGEIFS(Dane_Revo!$B$2:$B$65,Dane_Revo!$A$2:$A$65,$A11,Dane_Revo!$D$2:$D$65,"prasa"),"") | C11: =IFERROR(AVERAGEIFS(Dane_Revo!$B$2:$B$65,Dane_Revo!$A$2:$A$65,$A11,Dane_Revo!$D$2:$D$65,"organizatorzy"),"") | D11: =IFERROR(AVERAGEIFS(Dane_Revo!$B$2:$B$65,Dane_Revo!$A$2:$A$65,$A11,Dane_Revo!$D$2:$D$65,"policja"),"") | E11: =IFERROR((0.5*IF(B11<>"",B11,0) + 0.25*IF(C11<>"",C11,0) + 0.25*IF(D11<>"",D11,0))/(0.5*IF(B11<>"",1,0) + 0.25*IF(C11<>"",1,0) + 0.25*IF(D11<>"",1,0)),"") | F11: =IFERROR(AVERAGEIFS(Dane_Revo!$B$2:$B$65,Dane_Revo!$A$2:$A$65,$A11),"") -> 0 | G11: =E11-F11 -> 0 | H11: =AVERAGE(F10:F12) -> 1166.6667
A12: 2006 | B12: =IFERROR(AVERAGEIFS(Dane_Revo!$B$2:$B$65,Dane_Revo!$A$2:$A$65,$A12,Dane_Revo!$D$2:$D$65,"prasa"),"") | C12: =IFERROR(AVERAGEIFS(Dane_Revo!$B$2:$B$65,Dane_Revo!$A$2:$A$65,$A12,Dane_Revo!$D$2:$D$65,"organizatorzy"),"") | D12: =IFERROR(AVERAGEIFS(Dane_Revo!$B$2:$B$65,Dane_Revo!$A$2:$A$65,$A12,Dane_Revo!$D$2:$D$65,"policja"),"") | E12: =IFERROR((0.5*IF(B12<>"",B12,0) + 0.25*IF(C12<>"",C12,0) + 0.25*IF(D12<>"",D12,0))/(0.5*IF(B12<>"",1,0) + 0.25*IF(C12<>"",1,0) + 0.25*IF(D12<>"",1,0)),"") | F12: =IFERROR(AVERAGEIFS(Dane_Revo!$B$2:$B$65,Dane_Revo!$A$2:$A$65,$A12),"") -> 0 | G12: =E12-F12 -> 0 | H12: =AVERAGE(F11:F13) -> 2555.5556
A13: 2007 | B13: =IFERROR(AVERAGEIFS(Dane_Revo!$B$2:$B$65,Dane_Revo!$A$2:$A$65,$A13,Dane_Revo!$D$2:$D$65,"prasa"),"") -> 5000 | C13: =IFERROR(AVERAGEIFS(Dane_Revo!$B$2:$B$65,Dane_Revo!$A$2:$A$65,$A13,Dane_Revo!$D$2:$D$65,"organizatorzy"),"") -> 15000 | D13: =IFERROR(AVERAGEIFS(Dane_Revo!$B$2:$B$65,Dane_Revo!$A$2:$A$65,$A13,Dane_Revo!$D$2:$D$65,"policja"),"") -> 3000 | E13: =IFERROR((0.5*IF(B13<>"",B13,0) + 0.25*IF(C13<>"",C13,0) + 0.25*IF(D13<>"",D13,0))/(0.5*IF(B13<>"",1,0) + 0.25*IF(C13<>"",1,0) + 0.25*IF(D13<>"",1,0)),"") -> 7000 | F13: =IFERROR(AVERAGEIFS(Dane_Revo!$B$2:$B$65,Dane_Revo!$A$2:$A$65,$A13),"") -> 7666.6667 | G13: =E13-F13 -> -666.66667 | H13: =AVERAGE(F12:F14) -> 6222.2222
A14: 2008 | B14: =IFERROR(AVERAGEIFS(Dane_Revo!$B$2:$B$65,Dane_Revo!$A$2:$A$65,$A14,Dane_Revo!$D$2:$D$65,"prasa"),"") | C14: =IFERROR(AVERAGEIFS(Dane_Revo!$B$2:$B$65,Dane_Revo!$A$2:$A$65,$A14,Dane_Revo!$D$2:$D$65,"organizatorzy"),"") -> 12000 | D14: =IFERROR(AVERAGEIFS(Dane_Revo!$B$2:$B$65,Dane_Revo!$A$2:$A$65,$A14,Dane_Revo!$D$2:$D$65,"policja"),"") -> 10000 | E14: =IFERROR((0.5*IF(B14<>"",B14,0) + 0.25*IF(C14<>"",C14,0) + 0.25*IF(D14<>"",D14,0))/(0.5*IF(B14<>"",1,0) + 0.25*IF(C14<>"",1,0) + 0.25*IF(D14<>"",1,0)),"") -> 11000 | F14: =IFERROR(AVERAGEIFS(Dane_Revo!$B$2:$B$65,Dane_Revo!$A$2:$A$65,$A14),"") -> 11000 | G14: =E14-F14 -> 0 | H14: =AVERAGE(F13:F15) -> 9055.5556
... A31: 2025 | B31: =IFERROR(AVERAGEIFS(Dane_Revo!$B$2:$B$65,Dane_Revo!$A$2:$A$65,$A31,Dane_Revo!$D$2:$D$65,"prasa"),"") | C31: =IFERROR(AVERAGEIFS(Dane_Revo!$B$2:$B$65,Dane_Revo!$A$2:$A$65,$A31,Dane_Revo!$D$2:$D$65,"organizatorzy"),"") -> 30000 | D31: =IFERROR(AVERAGEIFS(Dane_Revo!$B$2:$B$65,Dane_Revo!$A$2:$A$65,$A31,Dane_Revo!$D$2:$D$65,"policja"),"") -> 22000 | E31: =IFERROR((0.5*IF(B31<>"",B31,0) + 0.25*IF(C31<>"",C31,0) + 0.25*IF(D31<>"",D31,0))/(0.5*IF(B31<>"",1,0) + 0.25*IF(C31<>"",1,0) + 0.25*IF(D31<>"",1,0)),"") -> 26000 | F31: =IFERROR(AVERAGEIFS(Dane_Revo!$B$2:$B$65,Dane_Revo!$A$2:$A$65,$A31),"") -> 26000 | G31: =E31-F31 -> 0 | H31: =AVERAGE(F30:F32) -> 21255.556
A32: 2026 | B32: =IFERROR(AVERAGEIFS(Dane_Revo!$B$2:$B$65,Dane_Revo!$A$2:$A$65,$A32,Dane_Revo!$D$2:$D$65,"prasa"),"") | C32: =IFERROR(AVERAGEIFS(Dane_Revo!$B$2:$B$65,Dane_Revo!$A$2:$A$65,$A32,Dane_Revo!$D$2:$D$65,"organizatorzy"),"") -> 30000 | D32: =IFERROR(AVERAGEIFS(Dane_Revo!$B$2:$B$65,Dane_Revo!$A$2:$A$65,$A32,Dane_Revo!$D$2:$D$65,"policja"),"") -> 11000 | E32: =IFERROR((0.5*IF(B32<>"",B32,0) + 0.25*IF(C32<>"",C32,0) + 0.25*IF(D32<>"",D32,0))/(0.5*IF(B32<>"",1,0) + 0.25*IF(C32<>"",1,0) + 0.25*IF(D32<>"",1,0)),"") -> 20500 | F32: =IFERROR(AVERAGEIFS(Dane_Revo!$B$2:$B$65,Dane_Revo!$A$2:$A$65,$A32),"") -> 20500 | G32: =E32-F32 -> 0
D34: =IFERROR(__xludf.DUMMYFUNCTION("join("", "",F2:F32)"),"10000, 9000, 6667, 14000, 13333, 5500, 9500, 3500, 3500, 0, 0, 7667, 11000, 8500, 12500, 11333, 18500, 11667, 22000, 25500, 16500, 15000, 12500, 10000, 3000, 14500, 17000, 16000, 17267, 26000, 20500") -> 10000, 9000, 6667, 14000, 13333, 5500, 9500, 3500, 3500, 0, 0, 7667, 11000, 8500, 12500, 11333, 18500, 11667, 22000, 25500, 16500, 15000, 12500, 10000, 3000, 14500, 17000, 16000, 17267, 26000, 20500

Sheet Dane_Antinazi
A1: Rok | B1: Liczba uczestników | C1: Źródło | D1: Kategoria | E1: Dane Antinazi
A2: 1992 | B2: 200 | C2: Gluckspilz | D2: prasa
A3: 1993
A4: 1994 | B4: 400 | C4: taz | D4: prasa
A5: 1994 | B5: 500 | C5: Gluckspilz | D5: prasa
A6: 1996 | B6: 40 | C6: Breitenbach (JW 3.05) | D6: organizatorzy
A7: 2000 | B7: 10000 | C7: ND | D7: prasa
A8: 2001 | B8: 350 | C8: taz | D8: prasa
A9: 2001 | B9: 600 | C9: Tsg, s. 11 | D9: prasa
A10: 2002 | B10: 1000 | C10: taz | D10: prasa
A11: 2003 | B11: 200 | C11: LÖPA | D11: prasa
A12: 2003 | B12: 300 | C12: taz | D12: prasa
A13: 2004 | B13: 2300 | C13: LÖPA | D13: prasa
A14: 2004 | B14: 4500 | C14: Umbruch | D14: prasa
A15: 2009 | B15: 3500 | C15: Polizeiliche darstellung | D15: policja
... A20: 2017 | B20: 600 | C20: Berliner Bundnis gegen Rechts | D20: organizatorzy
A21: 2018
A22: 2019 | B22: 500 | C22: nd | D22: prasa

Sheet Średnie i wykres Antinazi
A1: Rok | B1: Prasa | C1: Organizatorzy | D1: Policja | E1: Średnia ogólna | F1: średnia metoda alt | G1: Różnica %
A2: 1990 | B2: =IFERROR(AVERAGEIFS(Dane_Antinazi!$B$2:$B$22,Dane_Antinazi!$A$2:$A$22,$A2,Dane_Antinazi!$D$2:$D$22,"prasa"),"") | C2: =IFERROR(AVERAGEIFS(Dane_Antinazi!$B$2:$B$22,Dane_Antinazi!$A$2:$A$22,$A2,Dane_Antinazi!$D$2:$D$22,"organizatorzy"),"") | D2: =IFERROR(AVERAGEIFS(Dane_Antinazi!$B$2:$B$22,Dane_Antinazi!$A$2:$A$22,$A2,Dane_Antinazi!$D$2:$D$22,"policja"),"") | E2: =IFERROR((0.5*IF(B2<>"",B2,0) + 0.25*IF(C2<>"",C2,0) + 0.25*IF(D2<>"",D2,0))/(0.5*IF(B2<>"",1,0) + 0.25*IF(C2<>"",1,0) + 0.25*IF(D2<>"",1,0)),"") | F2: =IFERROR(AVERAGEIFS(Dane_Antinazi!$B$2:$B$22,Dane_Antinazi!$A$2:$A$22,$A2),"") | G2: =E2-F2 -> 0
A3: 1991 | B3: =IFERROR(AVERAGEIFS(Dane_Antinazi!$B$2:$B$22,Dane_Antinazi!$A$2:$A$22,$A3,Dane_Antinazi!$D$2:$D$22,"prasa"),"") | C3: =IFERROR(AVERAGEIFS(Dane_Antinazi!$B$2:$B$22,Dane_Antinazi!$A$2:$A$22,$A3,Dane_Antinazi!$D$2:$D$22,"organizatorzy"),"") | D3: =IFERROR(AVERAGEIFS(Dane_Antinazi!$B$2:$B$22,Dane_Antinazi!$A$2:$A$22,$A3,Dane_Antinazi!$D$2:$D$22,"policja"),"") | E3: =IFERROR((0.5*IF(B3<>"",B3,0) + 0.25*IF(C3<>"",C3,0) + 0.25*IF(D3<>"",D3,0))/(0.5*IF(B3<>"",1,0) + 0.25*IF(C3<>"",1,0) + 0.25*IF(D3<>"",1,0)),"") | F3: =IFERROR(AVERAGEIFS(Dane_Antinazi!$B$2:$B$22,Dane_Antinazi!$A$2:$A$22,$A3),"") | G3: =E3-F3 -> 0
A4: 1992 | B4: =IFERROR(AVERAGEIFS(Dane_Antinazi!$B$2:$B$22,Dane_Antinazi!$A$2:$A$22,$A4,Dane_Antinazi!$D$2:$D$22,"prasa"),"") -> 200 | C4: =IFERROR(AVERAGEIFS(Dane_Antinazi!$B$2:$B$22,Dane_Antinazi!$A$2:$A$22,$A4,Dane_Antinazi!$D$2:$D$22,"organizatorzy"),"") | D4: =IFERROR(AVERAGEIFS(Dane_Antinazi!$B$2:$B$22,Dane_Antinazi!$A$2:$A$22,$A4,Dane_Antinazi!$D$2:$D$22,"policja"),"") | E4: =IFERROR((0.5*IF(B4<>"",B4,0) + 0.25*IF(C4<>"",C4,0) + 0.25*IF(D4<>"",D4,0))/(0.5*IF(B4<>"",1,0) + 0.25*IF(C4<>"",1,0) + 0.25*IF(D4<>"",1,0)),"") -> 200 | F4: =IFERROR(AVERAGEIFS(Dane_Antinazi!$B$2:$B$22,Dane_Antinazi!$A$2:$A$22,$A4),"") -> 200 | G4: =E4-F4 -> 0
A5: 1993 | B5: =IFERROR(AVERAGEIFS(Dane_Antinazi!$B$2:$B$22,Dane_Antinazi!$A$2:$A$22,$A5,Dane_Antinazi!$D$2:$D$22,"prasa"),"") | C5: =IFERROR(AVERAGEIFS(Dane_Antinazi!$B$2:$B$22,Dane_Antinazi!$A$2:$A$22,$A5,Dane_Antinazi!$D$2:$D$22,"organizatorzy"),"") | D5: =IFERROR(AVERAGEIFS(Dane_Antinazi!$B$2:$B$22,Dane_Antinazi!$A$2:$A$22,$A5,Dane_Antinazi!$D$2:$D$22,"policja"),"") | E5: =IFERROR((0.5*IF(B5<>"",B5,0) + 0.25*IF(C5<>"",C5,0) + 0.25*IF(D5<>"",D5,0))/(0.5*IF(B5<>"",1,0) + 0.25*IF(C5<>"",1,0) + 0.25*IF(D5<>"",1,0)),"") | F5: =IFERROR(AVERAGEIFS(Dane_Antinazi!$B$2:$B$22,Dane_Antinazi!$A$2:$A$22,$A5),"") | G5: =E5-F5 -> 0
A6: 1994 | B6: =IFERROR(AVERAGEIFS(Dane_Antinazi!$B$2:$B$22,Dane_Antinazi!$A$2:$A$22,$A6,Dane_Antinazi!$D$2:$D$22,"prasa"),"") -> 450 | C6: =IFERROR(AVERAGEIFS(Dane_Antinazi!$B$2:$B$22,Dane_Antinazi!$A$2:$A$22,$A6,Dane_Antinazi!$D$2:$D$22,"organizatorzy"),"") | D6: =IFERROR(AVERAGEIFS(Dane_Antinazi!$B$2:$B$22,Dane_Antinazi!$A$2:$A$22,$A6,Dane_Antinazi!$D$2:$D$22,"policja"),"") | E6: =IFERROR((0.5*IF(B6<>"",B6,0) + 0.25*IF(C6<>"",C6,0) + 0.25*IF(D6<>"",D6,0))/(0.5*IF(B6<>"",1,0) + 0.25*IF(C6<>"",1,0) + 0.25*IF(D6<>"",1,0)),"") -> 450 | F6: =IFERROR(AVERAGEIFS(Dane_Antinazi!$B$2:$B$22,Dane_Antinazi!$A$2:$A$22,$A6),"") -> 450 | G6: =E6-F6 -> 0
A7: 1995 | B7: =IFERROR(AVERAGEIFS(Dane_Antinazi!$B$2:$B$22,Dane_Antinazi!$A$2:$A$22,$A7,Dane_Antinazi!$D$2:$D$22,"prasa"),"") | C7: =IFERROR(AVERAGEIFS(Dane_Antinazi!$B$2:$B$22,Dane_Antinazi!$A$2:$A$22,$A7,Dane_Antinazi!$D$2:$D$22,"organizatorzy"),"") | D7: =IFERROR(AVERAGEIFS(Dane_Antinazi!$B$2:$B$22,Dane_Antinazi!$A$2:$A$22,$A7,Dane_Antinazi!$D$2:$D$22,"policja"),"") | E7: =IFERROR((0.5*IF(B7<>"",B7,0) + 0.25*IF(C7<>"",C7,0) + 0.25*IF(D7<>"",D7,0))/(0.5*IF(B7<>"",1,0) + 0.25*IF(C7<>"",1,0) + 0.25*IF(D7<>"",1,0)),"") | F7: =IFERROR(AVERAGEIFS(Dane_Antinazi!$B$2:$B$22,Dane_Antinazi!$A$2:$A$22,$A7),"") | G7: =E7-F7 -> 0
A8: 1996 | B8: =IFERROR(AVERAGEIFS(Dane_Antinazi!$B$2:$B$22,Dane_Antinazi!$A$2:$A$22,$A8,Dane_Antinazi!$D$2:$D$22,"prasa"),"") | C8: =IFERROR(AVERAGEIFS(Dane_Antinazi!$B$2:$B$22,Dane_Antinazi!$A$2:$A$22,$A8,Dane_Antinazi!$D$2:$D$22,"organizatorzy"),"") -> 40 | D8: =IFERROR(AVERAGEIFS(Dane_Antinazi!$B$2:$B$22,Dane_Antinazi!$A$2:$A$22,$A8,Dane_Antinazi!$D$2:$D$22,"policja"),"") | E8: =IFERROR((0.5*IF(B8<>"",B8,0) + 0.25*IF(C8<>"",C8,0) + 0.25*IF(D8<>"",D8,0))/(0.5*IF(B8<>"",1,0) + 0.25*IF(C8<>"",1,0) + 0.25*IF(D8<>"",1,0)),"") -> 40 | F8: =IFERROR(AVERAGEIFS(Dane_Antinazi!$B$2:$B$22,Dane_Antinazi!$A$2:$A$22,$A8),"") -> 40 | G8: =E8-F8 -> 0
A9: 1997 | B9: =IFERROR(AVERAGEIFS(Dane_Antinazi!$B$2:$B$22,Dane_Antinazi!$A$2:$A$22,$A9,Dane_Antinazi!$D$2:$D$22,"prasa"),"") | C9: =IFERROR(AVERAGEIFS(Dane_Antinazi!$B$2:$B$22,Dane_Antinazi!$A$2:$A$22,$A9,Dane_Antinazi!$D$2:$D$22,"organizatorzy"),"") | D9: =IFERROR(AVERAGEIFS(Dane_Antinazi!$B$2:$B$22,Dane_Antinazi!$A$2:$A$22,$A9,Dane_Antinazi!$D$2:$D$22,"policja"),"") | E9: =IFERROR((0.5*IF(B9<>"",B9,0) + 0.25*IF(C9<>"",C9,0) + 0.25*IF(D9<>"",D9,0))/(0.5*IF(B9<>"",1,0) + 0.25*IF(C9<>"",1,0) + 0.25*IF(D9<>"",1,0)),"") | F9: =IFERROR(AVERAGEIFS(Dane_Antinazi!$B$2:$B$22,Dane_Antinazi!$A$2:$A$22,$A9),"") | G9: =E9-F9 -> 0
A10: 1998 | B10: =IFERROR(AVERAGEIFS(Dane_Antinazi!$B$2:$B$22,Dane_Antinazi!$A$2:$A$22,$A10,Dane_Antinazi!$D$2:$D$22,"prasa"),"") | C10: =IFERROR(AVERAGEIFS(Dane_Antinazi!$B$2:$B$22,Dane_Antinazi!$A$2:$A$22,$A10,Dane_Antinazi!$D$2:$D$22,"organizatorzy"),"") | D10: =IFERROR(AVERAGEIFS(Dane_Antinazi!$B$2:$B$22,Dane_Antinazi!$A$2:$A$22,$A10,Dane_Antinazi!$D$2:$D$22,"policja"),"") | E10: =IFERROR((0.5*IF(B10<>"",B10,0) + 0.25*IF(C10<>"",C10,0) + 0.25*IF(D10<>"",D10,0))/(0.5*IF(B10<>"",1,0) + 0.25*IF(C10<>"",1,0) + 0.25*IF(D10<>"",1,0)),"") | F10: =IFERROR(AVERAGEIFS(Dane_Antinazi!$B$2:$B$22,Dane_Antinazi!$A$2:$A$22,$A10),"") | G10: =E10-F10 -> 0
A11: 1999 | B11: =IFERROR(AVERAGEIFS(Dane_Antinazi!$B$2:$B$22,Dane_Antinazi!$A$2:$A$22,$A11,Dane_Antinazi!$D$2:$D$22,"prasa"),"") | C11: =IFERROR(AVERAGEIFS(Dane_Antinazi!$B$2:$B$22,Dane_Antinazi!$A$2:$A$22,$A11,Dane_Antinazi!$D$2:$D$22,"organizatorzy"),"") | D11: =IFERROR(AVERAGEIFS(Dane_Antinazi!$B$2:$B$22,Dane_Antinazi!$A$2:$A$22,$A11,Dane_Antinazi!$D$2:$D$22,"policja"),"") | E11: =IFERROR((0.5*IF(B11<>"",B11,0) + 0.25*IF(C11<>"",C11,0) + 0.25*IF(D11<>"",D11,0))/(0.5*IF(B11<>"",1,0) + 0.25*IF(C11<>"",1,0) + 0.25*IF(D11<>"",1,0)),"") | F11: =IFERROR(AVERAGEIFS(Dane_Antinazi!$B$2:$B$22,Dane_Antinazi!$A$2:$A$22,$A11),"") | G11: =E11-F11 -> 0
A12: 2000 | B12: =IFERROR(AVERAGEIFS(Dane_Antinazi!$B$2:$B$22,Dane_Antinazi!$A$2:$A$22,$A12,Dane_Antinazi!$D$2:$D$22,"prasa"),"") -> 10000 | C12: =IFERROR(AVERAGEIFS(Dane_Antinazi!$B$2:$B$22,Dane_Antinazi!$A$2:$A$22,$A12,Dane_Antinazi!$D$2:$D$22,"organizatorzy"),"") | D12: =IFERROR(AVERAGEIFS(Dane_Antinazi!$B$2:$B$22,Dane_Antinazi!$A$2:$A$22,$A12,Dane_Antinazi!$D$2:$D$22,"policja"),"") | E12: =IFERROR((0.5*IF(B12<>"",B12,0) + 0.25*IF(C12<>"",C12,0) + 0.25*IF(D12<>"",D12,0))/(0.5*IF(B12<>"",1,0) + 0.25*IF(C12<>"",1,0) + 0.25*IF(D12<>"",1,0)),"") -> 10000 | F12: =IFERROR(AVERAGEIFS(Dane_Antinazi!$B$2:$B$22,Dane_Antinazi!$A$2:$A$22,$A12),"") -> 10000 | G12: =E12-F12 -> 0
A13: 2001 | B13: =IFERROR(AVERAGEIFS(Dane_Antinazi!$B$2:$B$22,Dane_Antinazi!$A$2:$A$22,$A13,Dane_Antinazi!$D$2:$D$22,"prasa"),"") -> 475 | C13: =IFERROR(AVERAGEIFS(Dane_Antinazi!$B$2:$B$22,Dane_Antinazi!$A$2:$A$22,$A13,Dane_Antinazi!$D$2:$D$22,"organizatorzy"),"") | D13: =IFERROR(AVERAGEIFS(Dane_Antinazi!$B$2:$B$22,Dane_Antinazi!$A$2:$A$22,$A13,Dane_Antinazi!$D$2:$D$22,"policja"),"") | E13: =IFERROR((0.5*IF(B13<>"",B13,0) + 0.25*IF(C13<>"",C13,0) + 0.25*IF(D13<>"",D13,0))/(0.5*IF(B13<>"",1,0) + 0.25*IF(C13<>"",1,0) + 0.25*IF(D13<>"",1,0)),"") -> 475 | F13: =IFERROR(AVERAGEIFS(Dane_Antinazi!$B$2:$B$22,Dane_Antinazi!$A$2:$A$22,$A13),"") -> 475 | G13: =E13-F13 -> 0
... A31: 2019 | B31: =IFERROR(AVERAGEIFS(Dane_Antinazi!$B$2:$B$22,Dane_Antinazi!$A$2:$A$22,$A31,Dane_Antinazi!$D$2:$D$22,"prasa"),"") -> 500 | C31: =IFERROR(AVERAGEIFS(Dane_Antinazi!$B$2:$B$22,Dane_Antinazi!$A$2:$A$22,$A31,Dane_Antinazi!$D$2:$D$22,"organizatorzy"),"") | D31: =IFERROR(AVERAGEIFS(Dane_Antinazi!$B$2:$B$22,Dane_Antinazi!$A$2:$A$22,$A31,Dane_Antinazi!$D$2:$D$22,"policja"),"") | E31: =IFERROR((0.5*IF(B31<>"",B31,0) + 0.25*IF(C31<>"",C31,0) + 0.25*IF(D31<>"",D31,0))/(0.5*IF(B31<>"",1,0) + 0.25*IF(C31<>"",1,0) + 0.25*IF(D31<>"",1,0)),"") -> 500 | F31: =IFERROR(AVERAGEIFS(Dane_Antinazi!$B$2:$B$22,Dane_Antinazi!$A$2:$A$22,$A31),"") -> 500 | G31: =E31-F31 -> 0
E32: =IFERROR( (0.5*IF(B32<>"",B32,0) + 0.25*IF(C32<>"",C32,0) + 0.25*IF(D32<>"",D32,0)) / (0.5*IF(B32<>"",1,0) + 0.25*IF(C32<>"",1,0) + 0.25*IF(D32<>"",1,0)) ,"")
D37: =IFERROR(__xludf.DUMMYFUNCTION("JOIN("", "", IF(F2:F32="""", ""null"", F2:F32))"),"#VALUE!") -> #VALUE!
D40: =IFERROR(__xludf.DUMMYFUNCTION("ARRAYFORMULA(JOIN("", "", IF(F2:F31="""", ""null"", F2:F31)))"),"null, null, 200, null, 450, null, 40, null, null, null, 10000, 475, 1000, 250, 3400, null, null, null, null, 3500, 10000, null, null, 2000, null, 500, 900, 600, null, 500") -> null, null, 200, null, 450, null, 40, null, null, null, 10000, 475, 1000, 250, 3400, null, null, null, null, 3500, 10000, null, null, 2000, null, 500, 900, 600, null, 500

Sheet Dane_Nazi
A1: Rok | B1: Liczba uczestników | C1: Źródło | D1: Kategoria | E1: Dane Antinazi
A2: 1992 | B2: 50 | C2: taz | D2: prasa
A3: 1993 | B3: 100 | C3: Gluckspilz | D3: prasa
A4: 1994 | B4: 5 | C4: Berliner Zeitung | D4: prasa
A5: 1996 | B5: 300 | C5: Gluckspilz | D5: prasa
A6: 1996 | B6: 400 | C6: jw | D6: prasa
A7: 2000 | B7: 1000 | C7: Gluckspilz | D7: prasa
A8: 2001 | B8: 100 | C8: TsG, s. 11 | D8: prasa
A9: 2002 | B9: 700 | C9: Gluckspilz | D9: prasa
A10: 2003 | B10: 1350 | C10: taz, za policją | D10: policja
A11: 2003 | B11: 2000 | C11: TsG | D11: prasa
A12: 2004 | B12: 2300 | C12: LÖPA | D12: prasa
A13: 2009 | B13: 200 | C13: taz liveticker | D13: prasa
... A20: 2019 | B20: 100 | C20: AfD | D20: organizatorzy

Sheet Średnie i wykres Nazi
A1: Rok | B1: Prasa | C1: Organizatorzy | D1: Policja | E1: Średnia ogólna | F1: średnia metoda alt | G1: Różnica %
A2: 1990 | B2: =IFERROR(AVERAGEIFS(Dane_Nazi!$B$2:$B$20,Dane_Nazi!$A$2:$A$20,$A2,Dane_Nazi!$D$2:$D$20,"prasa"),"") | C2: =IFERROR(AVERAGEIFS(Dane_Nazi!$B$2:$B$20,Dane_Nazi!$A$2:$A$20,$A2,Dane_Nazi!$D$2:$D$20,"organizatorzy"),"") | D2: =IFERROR(AVERAGEIFS(Dane_Nazi!$B$2:$B$20,Dane_Nazi!$A$2:$A$20,$A2,Dane_Nazi!$D$2:$D$20,"policja"),"") | E2: =IFERROR((0.5*IF(B2<>"",B2,0) + 0.25*IF(C2<>"",C2,0) + 0.25*IF(D2<>"",D2,0))/(0.5*IF(B2<>"",1,0) + 0.25*IF(C2<>"",1,0) + 0.25*IF(D2<>"",1,0)),"") | F2: =IFERROR(AVERAGEIFS(Dane_Nazi!$B$2:$B$20,Dane_Nazi!$A$2:$A$20,$A2),"") | G2: =E2-F2 -> 0
A3: 1991 | B3: =IFERROR(AVERAGEIFS(Dane_Nazi!$B$2:$B$20,Dane_Nazi!$A$2:$A$20,$A3,Dane_Nazi!$D$2:$D$20,"prasa"),"") | C3: =IFERROR(AVERAGEIFS(Dane_Nazi!$B$2:$B$20,Dane_Nazi!$A$2:$A$20,$A3,Dane_Nazi!$D$2:$D$20,"organizatorzy"),"") | D3: =IFERROR(AVERAGEIFS(Dane_Nazi!$B$2:$B$20,Dane_Nazi!$A$2:$A$20,$A3,Dane_Nazi!$D$2:$D$20,"policja"),"") | E3: =IFERROR((0.5*IF(B3<>"",B3,0) + 0.25*IF(C3<>"",C3,0) + 0.25*IF(D3<>"",D3,0))/(0.5*IF(B3<>"",1,0) + 0.25*IF(C3<>"",1,0) + 0.25*IF(D3<>"",1,0)),"") | F3: =IFERROR(AVERAGEIFS(Dane_Nazi!$B$2:$B$20,Dane_Nazi!$A$2:$A$20,$A3),"") | G3: =E3-F3 -> 0
A4: 1992 | B4: =IFERROR(AVERAGEIFS(Dane_Nazi!$B$2:$B$20,Dane_Nazi!$A$2:$A$20,$A4,Dane_Nazi!$D$2:$D$20,"prasa"),"") -> 50 | C4: =IFERROR(AVERAGEIFS(Dane_Nazi!$B$2:$B$20,Dane_Nazi!$A$2:$A$20,$A4,Dane_Nazi!$D$2:$D$20,"organizatorzy"),"") | D4: =IFERROR(AVERAGEIFS(Dane_Nazi!$B$2:$B$20,Dane_Nazi!$A$2:$A$20,$A4,Dane_Nazi!$D$2:$D$20,"policja"),"") | E4: =IFERROR((0.5*IF(B4<>"",B4,0) + 0.25*IF(C4<>"",C4,0) + 0.25*IF(D4<>"",D4,0))/(0.5*IF(B4<>"",1,0) + 0.25*IF(C4<>"",1,0) + 0.25*IF(D4<>"",1,0)),"") -> 50 | F4: =IFERROR(AVERAGEIFS(Dane_Nazi!$B$2:$B$20,Dane_Nazi!$A$2:$A$20,$A4),"") -> 50 | G4: =E4-F4 -> 0
A5: 1993 | B5: =IFERROR(AVERAGEIFS(Dane_Nazi!$B$2:$B$20,Dane_Nazi!$A$2:$A$20,$A5,Dane_Nazi!$D$2:$D$20,"prasa"),"") -> 100 | C5: =IFERROR(AVERAGEIFS(Dane_Nazi!$B$2:$B$20,Dane_Nazi!$A$2:$A$20,$A5,Dane_Nazi!$D$2:$D$20,"organizatorzy"),"") | D5: =IFERROR(AVERAGEIFS(Dane_Nazi!$B$2:$B$20,Dane_Nazi!$A$2:$A$20,$A5,Dane_Nazi!$D$2:$D$20,"policja"),"") | E5: =IFERROR((0.5*IF(B5<>"",B5,0) + 0.25*IF(C5<>"",C5,0) + 0.25*IF(D5<>"",D5,0))/(0.5*IF(B5<>"",1,0) + 0.25*IF(C5<>"",1,0) + 0.25*IF(D5<>"",1,0)),"") -> 100 | F5: =IFERROR(AVERAGEIFS(Dane_Nazi!$B$2:$B$20,Dane_Nazi!$A$2:$A$20,$A5),"") -> 100 | G5: =E5-F5 -> 0
A6: 1994 | B6: =IFERROR(AVERAGEIFS(Dane_Nazi!$B$2:$B$20,Dane_Nazi!$A$2:$A$20,$A6,Dane_Nazi!$D$2:$D$20,"prasa"),"") -> 5 | C6: =IFERROR(AVERAGEIFS(Dane_Nazi!$B$2:$B$20,Dane_Nazi!$A$2:$A$20,$A6,Dane_Nazi!$D$2:$D$20,"organizatorzy"),"") | D6: =IFERROR(AVERAGEIFS(Dane_Nazi!$B$2:$B$20,Dane_Nazi!$A$2:$A$20,$A6,Dane_Nazi!$D$2:$D$20,"policja"),"") | E6: =IFERROR((0.5*IF(B6<>"",B6,0) + 0.25*IF(C6<>"",C6,0) + 0.25*IF(D6<>"",D6,0))/(0.5*IF(B6<>"",1,0) + 0.25*IF(C6<>"",1,0) + 0.25*IF(D6<>"",1,0)),"") -> 5 | F6: =IFERROR(AVERAGEIFS(Dane_Nazi!$B$2:$B$20,Dane_Nazi!$A$2:$A$20,$A6),"") -> 5 | G6: =E6-F6 -> 0
A7: 1995 | B7: =IFERROR(AVERAGEIFS(Dane_Nazi!$B$2:$B$20,Dane_Nazi!$A$2:$A$20,$A7,Dane_Nazi!$D$2:$D$20,"prasa"),"") | C7: =IFERROR(AVERAGEIFS(Dane_Nazi!$B$2:$B$20,Dane_Nazi!$A$2:$A$20,$A7,Dane_Nazi!$D$2:$D$20,"organizatorzy"),"") | D7: =IFERROR(AVERAGEIFS(Dane_Nazi!$B$2:$B$20,Dane_Nazi!$A$2:$A$20,$A7,Dane_Nazi!$D$2:$D$20,"policja"),"") | E7: =IFERROR((0.5*IF(B7<>"",B7,0) + 0.25*IF(C7<>"",C7,0) + 0.25*IF(D7<>"",D7,0))/(0.5*IF(B7<>"",1,0) + 0.25*IF(C7<>"",1,0) + 0.25*IF(D7<>"",1,0)),"") | F7: =IFERROR(AVERAGEIFS(Dane_Nazi!$B$2:$B$20,Dane_Nazi!$A$2:$A$20,$A7),"") | G7: =E7-F7 -> 0
A8: 1996 | B8: =IFERROR(AVERAGEIFS(Dane_Nazi!$B$2:$B$20,Dane_Nazi!$A$2:$A$20,$A8,Dane_Nazi!$D$2:$D$20,"prasa"),"") -> 350 | C8: =IFERROR(AVERAGEIFS(Dane_Nazi!$B$2:$B$20,Dane_Nazi!$A$2:$A$20,$A8,Dane_Nazi!$D$2:$D$20,"organizatorzy"),"") | D8: =IFERROR(AVERAGEIFS(Dane_Nazi!$B$2:$B$20,Dane_Nazi!$A$2:$A$20,$A8,Dane_Nazi!$D$2:$D$20,"policja"),"") | E8: =IFERROR((0.5*IF(B8<>"",B8,0) + 0.25*IF(C8<>"",C8,0) + 0.25*IF(D8<>"",D8,0))/(0.5*IF(B8<>"",1,0) + 0.25*IF(C8<>"",1,0) + 0.25*IF(D8<>"",1,0)),"") -> 350 | F8: =IFERROR(AVERAGEIFS(Dane_Nazi!$B$2:$B$20,Dane_Nazi!$A$2:$A$20,$A8),"") -> 350 | G8: =E8-F8 -> 0
A9: 1997 | B9: =IFERROR(AVERAGEIFS(Dane_Nazi!$B$2:$B$20,Dane_Nazi!$A$2:$A$20,$A9,Dane_Nazi!$D$2:$D$20,"prasa"),"") | C9: =IFERROR(AVERAGEIFS(Dane_Nazi!$B$2:$B$20,Dane_Nazi!$A$2:$A$20,$A9,Dane_Nazi!$D$2:$D$20,"organizatorzy"),"") | D9: =IFERROR(AVERAGEIFS(Dane_Nazi!$B$2:$B$20,Dane_Nazi!$A$2:$A$20,$A9,Dane_Nazi!$D$2:$D$20,"policja"),"") | E9: =IFERROR((0.5*IF(B9<>"",B9,0) + 0.25*IF(C9<>"",C9,0) + 0.25*IF(D9<>"",D9,0))/(0.5*IF(B9<>"",1,0) + 0.25*IF(C9<>"",1,0) + 0.25*IF(D9<>"",1,0)),"") | F9: =IFERROR(AVERAGEIFS(Dane_Nazi!$B$2:$B$20,Dane_Nazi!$A$2:$A$20,$A9),"") | G9: =E9-F9 -> 0
A10: 1998 | B10: =IFERROR(AVERAGEIFS(Dane_Nazi!$B$2:$B$20,Dane_Nazi!$A$2:$A$20,$A10,Dane_Nazi!$D$2:$D$20,"prasa"),"") | C10: =IFERROR(AVERAGEIFS(Dane_Nazi!$B$2:$B$20,Dane_Nazi!$A$2:$A$20,$A10,Dane_Nazi!$D$2:$D$20,"organizatorzy"),"") | D10: =IFERROR(AVERAGEIFS(Dane_Nazi!$B$2:$B$20,Dane_Nazi!$A$2:$A$20,$A10,Dane_Nazi!$D$2:$D$20,"policja"),"") | E10: =IFERROR((0.5*IF(B10<>"",B10,0) + 0.25*IF(C10<>"",C10,0) + 0.25*IF(D10<>"",D10,0))/(0.5*IF(B10<>"",1,0) + 0.25*IF(C10<>"",1,0) + 0.25*IF(D10<>"",1,0)),"") | F10: =IFERROR(AVERAGEIFS(Dane_Nazi!$B$2:$B$20,Dane_Nazi!$A$2:$A$20,$A10),"") | G10: =E10-F10 -> 0
A11: 1999 | B11: =IFERROR(AVERAGEIFS(Dane_Nazi!$B$2:$B$20,Dane_Nazi!$A$2:$A$20,$A11,Dane_Nazi!$D$2:$D$20,"prasa"),"") | C11: =IFERROR(AVERAGEIFS(Dane_Nazi!$B$2:$B$20,Dane_Nazi!$A$2:$A$20,$A11,Dane_Nazi!$D$2:$D$20,"organizatorzy"),"") | D11: =IFERROR(AVERAGEIFS(Dane_Nazi!$B$2:$B$20,Dane_Nazi!$A$2:$A$20,$A11,Dane_Nazi!$D$2:$D$20,"policja"),"") | E11: =IFERROR((0.5*IF(B11<>"",B11,0) + 0.25*IF(C11<>"",C11,0) + 0.25*IF(D11<>"",D11,0))/(0.5*IF(B11<>"",1,0) + 0.25*IF(C11<>"",1,0) + 0.25*IF(D11<>"",1,0)),"") | F11: =IFERROR(AVERAGEIFS(Dane_Nazi!$B$2:$B$20,Dane_Nazi!$A$2:$A$20,$A11),"") | G11: =E11-F11 -> 0
A12: 2000 | B12: =IFERROR(AVERAGEIFS(Dane_Nazi!$B$2:$B$20,Dane_Nazi!$A$2:$A$20,$A12,Dane_Nazi!$D$2:$D$20,"prasa"),"") -> 1000 | C12: =IFERROR(AVERAGEIFS(Dane_Nazi!$B$2:$B$20,Dane_Nazi!$A$2:$A$20,$A12,Dane_Nazi!$D$2:$D$20,"organizatorzy"),"") | D12: =IFERROR(AVERAGEIFS(Dane_Nazi!$B$2:$B$20,Dane_Nazi!$A$2:$A$20,$A12,Dane_Nazi!$D$2:$D$20,"policja"),"") | E12: =IFERROR((0.5*IF(B12<>"",B12,0) + 0.25*IF(C12<>"",C12,0) + 0.25*IF(D12<>"",D12,0))/(0.5*IF(B12<>"",1,0) + 0.25*IF(C12<>"",1,0) + 0.25*IF(D12<>"",1,0)),"") -> 1000 | F12: =IFERROR(AVERAGEIFS(Dane_Nazi!$B$2:$B$20,Dane_Nazi!$A$2:$A$20,$A12),"") -> 1000 | G12: =E12-F12 -> 0
A13: 2001 | B13: =IFERROR(AVERAGEIFS(Dane_Nazi!$B$2:$B$20,Dane_Nazi!$A$2:$A$20,$A13,Dane_Nazi!$D$2:$D$20,"prasa"),"") -> 100 | C13: =IFERROR(AVERAGEIFS(Dane_Nazi!$B$2:$B$20,Dane_Nazi!$A$2:$A$20,$A13,Dane_Nazi!$D$2:$D$20,"organizatorzy"),"") | D13: =IFERROR(AVERAGEIFS(Dane_Nazi!$B$2:$B$20,Dane_Nazi!$A$2:$A$20,$A13,Dane_Nazi!$D$2:$D$20,"policja"),"") | E13: =IFERROR((0.5*IF(B13<>"",B13,0) + 0.25*IF(C13<>"",C13,0) + 0.25*IF(D13<>"",D13,0))/(0.5*IF(B13<>"",1,0) + 0.25*IF(C13<>"",1,0) + 0.25*IF(D13<>"",1,0)),"") -> 100 | F13: =IFERROR(AVERAGEIFS(Dane_Nazi!$B$2:$B$20,Dane_Nazi!$A$2:$A$20,$A13),"") -> 100 | G13: =E13-F13 -> 0
... A31: 2019 | B31: =IFERROR(AVERAGEIFS(Dane_Nazi!$B$2:$B$20,Dane_Nazi!$A$2:$A$20,$A31,Dane_Nazi!$D$2:$D$20,"prasa"),"") | C31: =IFERROR(AVERAGEIFS(Dane_Nazi!$B$2:$B$20,Dane_Nazi!$A$2:$A$20,$A31,Dane_Nazi!$D$2:$D$20,"organizatorzy"),"") -> 100 | D31: =IFERROR(AVERAGEIFS(Dane_Nazi!$B$2:$B$20,Dane_Nazi!$A$2:$A$20,$A31,Dane_Nazi!$D$2:$D$20,"policja"),"") | E31: =IFERROR((0.5*IF(B31<>"",B31,0) + 0.25*IF(C31<>"",C31,0) + 0.25*IF(D31<>"",D31,0))/(0.5*IF(B31<>"",1,0) + 0.25*IF(C31<>"",1,0) + 0.25*IF(D31<>"",1,0)),"") -> 100 | F31: =IFERROR(AVERAGEIFS(Dane_Nazi!$B$2:$B$20,Dane_Nazi!$A$2:$A$20,$A31),"") -> 100 | G31: =E31-F31 -> 0
E32: =IFERROR( (0.5*IF(B32<>"",B32,0) + 0.25*IF(C32<>"",C32,0) + 0.25*IF(D32<>"",D32,0)) / (0.5*IF(B32<>"",1,0) + 0.25*IF(C32<>"",1,0) + 0.25*IF(D32<>"",1,0)) ,"")
D37: =IFERROR(__xludf.DUMMYFUNCTION("JOIN("", "", IF(F2:F32="""", ""null"", F2:F32))"),"#VALUE!") -> #VALUE!
D40: =IFERROR(__xludf.DUMMYFUNCTION("ARRAYFORMULA(JOIN("", "", IF(F2:F31="""", ""null"", F2:F31)))"),"null, null, 50, 100, 5, null, 350, null, null, null, 1000, 100, 700, 1675, 2300, null, null, null, null, 200, 700, null, null, 300, null, 50, 50, 50, 30, 100") -> null, null, 50, 100, 5, null, 350, null, null, null, 1000, 100, 700, 1675, 2300, null, null, null, null, 200, 700, null, null, 300, null, 50, 50, 50, 30, 100

Sheet Dane_MyFest
A1: Rok | B1: Liczba uczestników | C1: Źródło | D1: Kategoria | E1: Dane MyFest
A2: 2003 | B2: 20000 | C2: taz 16.01 | D2: prasa
A3: 2004 | B3: 30000 | C3: BZ 17.01 | D3: prasa
A4: 2005 | B4: 15000 | C4: Helbrecht | D4: policja
A5: 2005 | C5: Helbrecht | D5: policja
A6: 2006 | B6: 11000 | C6: Helbrecht | D6: policja
A7: 2007 | B7: 16000 | C7: Helbrecht | D7: policja
A8: 2007 | B8: 50000 | C8: Berliner Kurier | D8: prasa
A9: 2007 | B9: 60000 | C9: organizatorzy via taz | D9: organizatorzy
A10: 2008 | B10: 20000 | C10: Helbrecht | D10: policja
A11: 2009 | B11: 35000 | C11: Helbrecht | D11: policja
A12: 2010 | B12: 29000 | C12: Helbrecht | D12: policja
A13: 2011 | B13: 30000 | C13: "mehrere zeintausend" Franz Schulz (Grüne), za BZ 3.05 | D13: policja
A14: 2011 | B14: 24000 | C14: policja via MAZ | D14: policja
A15: 2012 | B15: 29000 | C15: knapp 30 000 police via Stuttgarter Nachrichten | D15: policja
A16: 2012 | B16: 30000 | C16: BZ | D16: prasa
A17: 2012 | B17: 35000 | C17: taz 1.05.2013 | D17: prasa
... A24: 2019 | B24: 45000 | C24: szacunki | D24: prasa
A25: d

Sheet Średnie i wykresy Myfest
A1: Rok | B1: Prasa | C1: Organizatorzy | D1: Policja | E1: Średnia ogólna | F1: średnia metoda alt | G1: Różnica %
A2: 2003 | B2: =IFERROR(AVERAGEIFS(Dane_MyFest!$B$2:$B$24,Dane_MyFest!$A$2:$A$24,$A2,Dane_MyFest!$D$2:$D$24,"prasa"),"") -> 20000 | C2: =IFERROR(AVERAGEIFS(Dane_MyFest!$B$2:$B$24,Dane_MyFest!$A$2:$A$24,$A2,Dane_MyFest!$D$2:$D$24,"organizatorzy"),"") | D2: =IFERROR(AVERAGEIFS(Dane_MyFest!$B$2:$B$24,Dane_MyFest!$A$2:$A$24,$A2,Dane_MyFest!$D$2:$D$24,"policja"),"") | E2: =IFERROR((0.5*IF(B2<>"",B2,0) + 0.25*IF(C2<>"",C2,0) + 0.25*IF(D2<>"",D2,0))/(0.5*IF(B2<>"",1,0) + 0.25*IF(C2<>"",1,0) + 0.25*IF(D2<>"",1,0)),"") -> 20000 | F2: =IFERROR(AVERAGEIFS(Dane_MyFest!$B$2:$B$23,Dane_MyFest!$A$2:$A$23,$A2),"") -> 20000 | G2: =E2-F2 -> 0
A3: 2004 | B3: =IFERROR(AVERAGEIFS(Dane_MyFest!$B$2:$B$24,Dane_MyFest!$A$2:$A$24,$A3,Dane_MyFest!$D$2:$D$24,"prasa"),"") -> 30000 | C3: =IFERROR(AVERAGEIFS(Dane_MyFest!$B$2:$B$24,Dane_MyFest!$A$2:$A$24,$A3,Dane_MyFest!$D$2:$D$24,"prasa"),"") -> 30000 | D3: =IFERROR(AVERAGEIFS(Dane_MyFest!$B$2:$B$24,Dane_MyFest!$A$2:$A$24,$A3,Dane_MyFest!$D$2:$D$24,"policja"),"") | E3: =IFERROR((0.5*IF(B3<>"",B3,0) + 0.25*IF(C3<>"",C3,0) + 0.25*IF(D3<>"",D3,0))/(0.5*IF(B3<>"",1,0) + 0.25*IF(C3<>"",1,0) + 0.25*IF(D3<>"",1,0)),"") -> 30000 | F3: =IFERROR(AVERAGEIFS(Dane_MyFest!$B$2:$B$23,Dane_MyFest!$A$2:$A$23,$A3),"") -> 30000 | G3: =E3-F3 -> 0
A4: 2005 | B4: =IFERROR(AVERAGEIFS(Dane_MyFest!$B$2:$B$24,Dane_MyFest!$A$2:$A$24,$A4,Dane_MyFest!$D$2:$D$24,"prasa"),"") | C4: =IFERROR(AVERAGEIFS(Dane_MyFest!$B$2:$B$24,Dane_MyFest!$A$2:$A$24,$A4,Dane_MyFest!$D$2:$D$24,"prasa"),"") | D4: =IFERROR(AVERAGEIFS(Dane_MyFest!$B$2:$B$24,Dane_MyFest!$A$2:$A$24,$A4,Dane_MyFest!$D$2:$D$24,"policja"),"") -> 15000 | E4: =IFERROR((0.5*IF(B4<>"",B4,0) + 0.25*IF(C4<>"",C4,0) + 0.25*IF(D4<>"",D4,0))/(0.5*IF(B4<>"",1,0) + 0.25*IF(C4<>"",1,0) + 0.25*IF(D4<>"",1,0)),"") -> 15000 | F4: =IFERROR(AVERAGEIFS(Dane_MyFest!$B$2:$B$23,Dane_MyFest!$A$2:$A$23,$A4),"") -> 15000 | G4: =E4-F4 -> 0
A5: 2006 | B5: =IFERROR(AVERAGEIFS(Dane_MyFest!$B$2:$B$24,Dane_MyFest!$A$2:$A$24,$A5,Dane_MyFest!$D$2:$D$24,"prasa"),"") | C5: =IFERROR(AVERAGEIFS(Dane_MyFest!$B$2:$B$24,Dane_MyFest!$A$2:$A$24,$A5,Dane_MyFest!$D$2:$D$24,"prasa"),"") | D5: =IFERROR(AVERAGEIFS(Dane_MyFest!$B$2:$B$24,Dane_MyFest!$A$2:$A$24,$A5,Dane_MyFest!$D$2:$D$24,"policja"),"") -> 11000 | E5: =IFERROR((0.5*IF(B5<>"",B5,0) + 0.25*IF(C5<>"",C5,0) + 0.25*IF(D5<>"",D5,0))/(0.5*IF(B5<>"",1,0) + 0.25*IF(C5<>"",1,0) + 0.25*IF(D5<>"",1,0)),"") -> 11000 | F5: =IFERROR(AVERAGEIFS(Dane_MyFest!$B$2:$B$23,Dane_MyFest!$A$2:$A$23,$A5),"") -> 11000 | G5: =E5-F5 -> 0
A6: 2007 | B6: =IFERROR(AVERAGEIFS(Dane_MyFest!$B$2:$B$24,Dane_MyFest!$A$2:$A$24,$A6,Dane_MyFest!$D$2:$D$24,"prasa"),"") -> 50000 | C6: =IFERROR(AVERAGEIFS(Dane_MyFest!$B$2:$B$24,Dane_MyFest!$A$2:$A$24,$A6,Dane_MyFest!$D$2:$D$24,"prasa"),"") -> 50000 | D6: =IFERROR(AVERAGEIFS(Dane_MyFest!$B$2:$B$24,Dane_MyFest!$A$2:$A$24,$A6,Dane_MyFest!$D$2:$D$24,"policja"),"") -> 16000 | E6: =IFERROR((0.5*IF(B6<>"",B6,0) + 0.25*IF(C6<>"",C6,0) + 0.25*IF(D6<>"",D6,0))/(0.5*IF(B6<>"",1,0) + 0.25*IF(C6<>"",1,0) + 0.25*IF(D6<>"",1,0)),"") -> 41500 | F6: =IFERROR(AVERAGEIFS(Dane_MyFest!$B$2:$B$23,Dane_MyFest!$A$2:$A$23,$A6),"") -> 42000 | G6: =E6-F6 -> -500
A7: 2008 | B7: =IFERROR(AVERAGEIFS(Dane_MyFest!$B$2:$B$24,Dane_MyFest!$A$2:$A$24,$A7,Dane_MyFest!$D$2:$D$24,"prasa"),"") | C7: =IFERROR(AVERAGEIFS(Dane_MyFest!$B$2:$B$24,Dane_MyFest!$A$2:$A$24,$A7,Dane_MyFest!$D$2:$D$24,"prasa"),"") | D7: =IFERROR(AVERAGEIFS(Dane_MyFest!$B$2:$B$24,Dane_MyFest!$A$2:$A$24,$A7,Dane_MyFest!$D$2:$D$24,"policja"),"") -> 20000 | E7: =IFERROR((0.5*IF(B7<>"",B7,0) + 0.25*IF(C7<>"",C7,0) + 0.25*IF(D7<>"",D7,0))/(0.5*IF(B7<>"",1,0) + 0.25*IF(C7<>"",1,0) + 0.25*IF(D7<>"",1,0)),"") -> 20000 | F7: =IFERROR(AVERAGEIFS(Dane_MyFest!$B$2:$B$23,Dane_MyFest!$A$2:$A$23,$A7),"") -> 20000 | G7: =E7-F7 -> 0
A8: 2009 | B8: =IFERROR(AVERAGEIFS(Dane_MyFest!$B$2:$B$24,Dane_MyFest!$A$2:$A$24,$A8,Dane_MyFest!$D$2:$D$24,"prasa"),"") | C8: =IFERROR(AVERAGEIFS(Dane_MyFest!$B$2:$B$24,Dane_MyFest!$A$2:$A$24,$A8,Dane_MyFest!$D$2:$D$24,"prasa"),"") | D8: =IFERROR(AVERAGEIFS(Dane_MyFest!$B$2:$B$24,Dane_MyFest!$A$2:$A$24,$A8,Dane_MyFest!$D$2:$D$24,"policja"),"") -> 35000 | E8: =IFERROR((0.5*IF(B8<>"",B8,0) + 0.25*IF(C8<>"",C8,0) + 0.25*IF(D8<>"",D8,0))/(0.5*IF(B8<>"",1,0) + 0.25*IF(C8<>"",1,0) + 0.25*IF(D8<>"",1,0)),"") -> 35000 | F8: =IFERROR(AVERAGEIFS(Dane_MyFest!$B$2:$B$23,Dane_MyFest!$A$2:$A$23,$A8),"") -> 35000 | G8: =E8-F8 -> 0
A9: 2010 | B9: =IFERROR(AVERAGEIFS(Dane_MyFest!$B$2:$B$24,Dane_MyFest!$A$2:$A$24,$A9,Dane_MyFest!$D$2:$D$24,"prasa"),"") | C9: =IFERROR(AVERAGEIFS(Dane_MyFest!$B$2:$B$24,Dane_MyFest!$A$2:$A$24,$A9,Dane_MyFest!$D$2:$D$24,"prasa"),"") | D9: =IFERROR(AVERAGEIFS(Dane_MyFest!$B$2:$B$24,Dane_MyFest!$A$2:$A$24,$A9,Dane_MyFest!$D$2:$D$24,"policja"),"") -> 29000 | E9: =IFERROR((0.5*IF(B9<>"",B9,0) + 0.25*IF(C9<>"",C9,0) + 0.25*IF(D9<>"",D9,0))/(0.5*IF(B9<>"",1,0) + 0.25*IF(C9<>"",1,0) + 0.25*IF(D9<>"",1,0)),"") -> 29000 | F9: =IFERROR(AVERAGEIFS(Dane_MyFest!$B$2:$B$23,Dane_MyFest!$A$2:$A$23,$A9),"") -> 29000 | G9: =E9-F9 -> 0
A10: 2011 | B10: =IFERROR(AVERAGEIFS(Dane_MyFest!$B$2:$B$24,Dane_MyFest!$A$2:$A$24,$A10,Dane_MyFest!$D$2:$D$24,"prasa"),"") | C10: =IFERROR(AVERAGEIFS(Dane_MyFest!$B$2:$B$24,Dane_MyFest!$A$2:$A$24,$A10,Dane_MyFest!$D$2:$D$24,"prasa"),"") | D10: =IFERROR(AVERAGEIFS(Dane_MyFest!$B$2:$B$24,Dane_MyFest!$A$2:$A$24,$A10,Dane_MyFest!$D$2:$D$24,"policja"),"") -> 27000 | E10: =IFERROR((0.5*IF(B10<>"",B10,0) + 0.25*IF(C10<>"",C10,0) + 0.25*IF(D10<>"",D10,0))/(0.5*IF(B10<>"",1,0) + 0.25*IF(C10<>"",1,0) + 0.25*IF(D10<>"",1,0)),"") -> 27000 | F10: =IFERROR(AVERAGEIFS(Dane_MyFest!$B$2:$B$23,Dane_MyFest!$A$2:$A$23,$A10),"") -> 27000 | G10: =E10-F10 -> 0
A11: 2012 | B11: =IFERROR(AVERAGEIFS(Dane_MyFest!$B$2:$B$24,Dane_MyFest!$A$2:$A$24,$A11,Dane_MyFest!$D$2:$D$24,"prasa"),"") -> 32500 | C11: =IFERROR(AVERAGEIFS(Dane_MyFest!$B$2:$B$24,Dane_MyFest!$A$2:$A$24,$A11,Dane_MyFest!$D$2:$D$24,"prasa"),"") -> 32500 | D11: =IFERROR(AVERAGEIFS(Dane_MyFest!$B$2:$B$24,Dane_MyFest!$A$2:$A$24,$A11,Dane_MyFest!$D$2:$D$24,"policja"),"") -> 29000 | E11: =IFERROR((0.5*IF(B11<>"",B11,0) + 0.25*IF(C11<>"",C11,0) + 0.25*IF(D11<>"",D11,0))/(0.5*IF(B11<>"",1,0) + 0.25*IF(C11<>"",1,0) + 0.25*IF(D11<>"",1,0)),"") -> 31625 | F11: =IFERROR(AVERAGEIFS(Dane_MyFest!$B$2:$B$23,Dane_MyFest!$A$2:$A$23,$A11),"") -> 31333.333 | G11: =E11-F11 -> 291.66667
A12: 2013 | B12: =IFERROR(AVERAGEIFS(Dane_MyFest!$B$2:$B$24,Dane_MyFest!$A$2:$A$24,$A12,Dane_MyFest!$D$2:$D$24,"prasa"),"") -> 40000 | C12: =IFERROR(AVERAGEIFS(Dane_MyFest!$B$2:$B$24,Dane_MyFest!$A$2:$A$24,$A12,Dane_MyFest!$D$2:$D$24,"prasa"),"") -> 40000 | D12: =IFERROR(AVERAGEIFS(Dane_MyFest!$B$2:$B$24,Dane_MyFest!$A$2:$A$24,$A12,Dane_MyFest!$D$2:$D$24,"policja"),"") | E12: =IFERROR((0.5*IF(B12<>"",B12,0) + 0.25*IF(C12<>"",C12,0) + 0.25*IF(D12<>"",D12,0))/(0.5*IF(B12<>"",1,0) + 0.25*IF(C12<>"",1,0) + 0.25*IF(D12<>"",1,0)),"") -> 40000 | F12: =IFERROR(AVERAGEIFS(Dane_MyFest!$B$2:$B$23,Dane_MyFest!$A$2:$A$23,$A12),"") -> 40000 | G12: =E12-F12 -> 0
A13: 2014 | B13: =IFERROR(AVERAGEIFS(Dane_MyFest!$B$2:$B$24,Dane_MyFest!$A$2:$A$24,$A13,Dane_MyFest!$D$2:$D$24,"prasa"),"") -> 40000 | C13: =IFERROR(AVERAGEIFS(Dane_MyFest!$B$2:$B$24,Dane_MyFest!$A$2:$A$24,$A13,Dane_MyFest!$D$2:$D$24,"prasa"),"") -> 40000 | D13: =IFERROR(AVERAGEIFS(Dane_MyFest!$B$2:$B$24,Dane_MyFest!$A$2:$A$24,$A13,Dane_MyFest!$D$2:$D$24,"policja"),"") | E13: =IFERROR((0.5*IF(B13<>"",B13,0) + 0.25*IF(C13<>"",C13,0) + 0.25*IF(D13<>"",D13,0))/(0.5*IF(B13<>"",1,0) + 0.25*IF(C13<>"",1,0) + 0.25*IF(D13<>"",1,0)),"") -> 40000 | F13: =IFERROR(AVERAGEIFS(Dane_MyFest!$B$2:$B$23,Dane_MyFest!$A$2:$A$23,$A13),"") -> 40000 | G13: =E13-F13 -> 0
A14: 2015 | B14: =IFERROR(AVERAGEIFS(Dane_MyFest!$B$2:$B$24,Dane_MyFest!$A$2:$A$24,$A14,Dane_MyFest!$D$2:$D$24,"prasa"),"") | C14: =IFERROR(AVERAGEIFS(Dane_MyFest!$B$2:$B$24,Dane_MyFest!$A$2:$A$24,$A14,Dane_MyFest!$D$2:$D$24,"prasa"),"") | D14: =IFERROR(AVERAGEIFS(Dane_MyFest!$B$2:$B$24,Dane_MyFest!$A$2:$A$24,$A14,Dane_MyFest!$D$2:$D$24,"policja"),"") | E14: =IFERROR((0.5*IF(B14<>"",B14,0) + 0.25*IF(C14<>"",C14,0) + 0.25*IF(D14<>"",D14,0))/(0.5*IF(B14<>"",1,0) + 0.25*IF(C14<>"",1,0) + 0.25*IF(D14<>"",1,0)),"") | F14: =IFERROR(AVERAGEIFS(Dane_MyFest!$B$2:$B$23,Dane_MyFest!$A$2:$A$23,$A14),"") -> 45000 | G14: =E14-F14 -> -45000
... A16: 2017 | B16: =IFERROR(AVERAGEIFS(Dane_MyFest!$B$2:$B$24,Dane_MyFest!$A$2:$A$24,$A16,Dane_MyFest!$D$2:$D$24,"prasa"),"") -> 45000 | C16: =IFERROR(AVERAGEIFS(Dane_MyFest!$B$2:$B$24,Dane_MyFest!$A$2:$A$24,$A16,Dane_MyFest!$D$2:$D$24,"prasa"),"") -> 45000 | D16: =IFERROR(AVERAGEIFS(Dane_MyFest!$B$2:$B$24,Dane_MyFest!$A$2:$A$24,$A16,Dane_MyFest!$D$2:$D$24,"policja"),"") | E16: =IFERROR((0.5*IF(B16<>"",B16,0) + 0.25*IF(C16<>"",C16,0) + 0.25*IF(D16<>"",D16,0))/(0.5*IF(B16<>"",1,0) + 0.25*IF(C16<>"",1,0) + 0.25*IF(D16<>"",1,0)),"") -> 45000 | F16: =IFERROR(AVERAGEIFS(Dane_MyFest!$B$2:$B$23,Dane_MyFest!$A$2:$A$23,$A16),"") -> 45000 | G16: =E16-F16 -> 0
A17: 2018 | B17: =IFERROR(AVERAGEIFS(Dane_MyFest!$B$2:$B$24,Dane_MyFest!$A$2:$A$24,$A17,Dane_MyFest!$D$2:$D$24,"prasa"),"") -> 52000 | C17: =IFERROR(AVERAGEIFS(Dane_MyFest!$B$2:$B$24,Dane_MyFest!$A$2:$A$24,$A17,Dane_MyFest!$D$2:$D$24,"organizatorzy"),"") | D17: =IFERROR(AVERAGEIFS(Dane_MyFest!$B$2:$B$24,Dane_MyFest!$A$2:$A$24,$A17,Dane_MyFest!$D$2:$D$24,"policja"),"") | E17: =IFERROR((0.5*IF(B17<>"",B17,0) + 0.25*IF(C17<>"",C17,0) + 0.25*IF(D17<>"",D17,0))/(0.5*IF(B17<>"",1,0) + 0.25*IF(C17<>"",1,0) + 0.25*IF(D17<>"",1,0)),"") -> 52000 | F17: =IFERROR(AVERAGEIFS(Dane_MyFest!$B$2:$B$24,Dane_MyFest!$A$2:$A$24,$A17),"") -> 52000 | G17: =E17-F17 -> 0
A18: 2019 | B18: =IFERROR(AVERAGEIFS(Dane_MyFest!$B$2:$B$24,Dane_MyFest!$A$2:$A$24,$A18,Dane_MyFest!$D$2:$D$24,"prasa"),"") -> 45000 | C18: =IFERROR(AVERAGEIFS(Dane_MyFest!$B$2:$B$24,Dane_MyFest!$A$2:$A$24,$A18,Dane_MyFest!$D$2:$D$24,"organizatorzy"),"") | D18: =IFERROR(AVERAGEIFS(Dane_MyFest!$B$2:$B$24,Dane_MyFest!$A$2:$A$24,$A18,Dane_MyFest!$D$2:$D$24,"policja"),"") | E18: =IFERROR((0.5*IF(B18<>"",B18,0) + 0.25*IF(C18<>"",C18,0) + 0.25*IF(D18<>"",D18,0))/(0.5*IF(B18<>"",1,0) + 0.25*IF(C18<>"",1,0) + 0.25*IF(D18<>"",1,0)),"") -> 45000 | F18: =IFERROR(AVERAGEIFS(Dane_MyFest!$B$2:$B$24,Dane_MyFest!$A$2:$A$24,$A18),"") -> 45000 | G18: =E18-F18 -> 0
E19: =IFERROR( (0.5*IF(B19<>"",B19,0) + 0.25*IF(C19<>"",C19,0) + 0.25*IF(D19<>"",D19,0)) / (0.5*IF(B19<>"",1,0) + 0.25*IF(C19<>"",1,0) + 0.25*IF(D19<>"",1,0)) ,"")
D27: =IFERROR(__xludf.DUMMYFUNCTION("ARRAYFORMULA(JOIN("", "", IF(F2:F18="""", ""null"", F2:F18)))"),"20000, 30000, 15000, 11000, 42000, 20000, 35000, 29000, 27000, 31333,33333, 40000, 40000, 45000, 30000, 45000, 52000, 45000") -> 20000, 30000, 15000, 11000, 42000, 20000, 35000, 29000, 27000, 31333,33333, 40000, 40000, 45000, 30000, 45000, 52000, 45000

Sheet Dane_Mariannenplatz
A1: Rok | B1: Liczba uczestników | C1: Źródło | D1: Kategoria | E1: Dane Mariannenplatz
A2: 1997
A3: 1998 | B3: 1500 | C3: taz | D3: prasa
A4: 1999
A5: 2000 | B5: 5000 | C5: taz | D5: prasa
A6: 2001 | B6: 5000 | C6: taz | D6: prasa
A7: 2002
A8: 2003 | B8: 20000 | C8: taz; ta sama liczba, co MyFest | D8: prasa
A9: 2004
A10: 2005
A11: 2006
A12: 2007
A13: 2008
A14: 2009
A15: 2010
A16: 2011
A17: 2012
A18: 2013
A19: 2014
A20: 2015
... A22: 2017

Sheet Średnie i wykresy Mariannenplat
A1: Rok | B1: Prasa | C1: Organizatorzy | D1: Policja | E1: Średnia ogólna | F1: średnia metoda alt | G1: Różnica %
A2: 1997 | B2: =IFERROR(AVERAGEIFS(Dane_Mariannenplatz!$B$2:$B$23,Dane_Mariannenplatz!$A$2:$A$23,$A2,Dane_Mariannenplatz!$D$2:$D$23,"prasa"),"") | C2: =IFERROR(AVERAGEIFS(Dane_Mariannenplatz!$B$2:$B$23,Dane_Mariannenplatz!$A$2:$A$23,$A2,Dane_Mariannenplatz!$D$2:$D$23,"organizatorzy"),"") | D2: =IFERROR(AVERAGEIFS(Dane_Mariannenplatz!$B$2:$B$23,Dane_Mariannenplatz!$A$2:$A$23,$A2,Dane_Mariannenplatz!$D$2:$D$23,"policja"),"") | E2: =IFERROR((0.5*IF(B2<>"",B2,0) + 0.25*IF(C2<>"",C2,0) + 0.25*IF(D2<>"",D2,0))/(0.5*IF(B2<>"",1,0) + 0.25*IF(C2<>"",1,0) + 0.25*IF(D2<>"",1,0)),"") | F2: =IFERROR(AVERAGEIFS(Dane_Mariannenplatz!$B$2:$B$22,Dane_Mariannenplatz!$A$2:$A$22,$A2),"") | G2: =E2-F2 -> 0
A3: 1998 | B3: =IFERROR(AVERAGEIFS(Dane_Mariannenplatz!$B$2:$B$23,Dane_Mariannenplatz!$A$2:$A$23,$A3,Dane_Mariannenplatz!$D$2:$D$23,"prasa"),"") -> 1500 | C3: =IFERROR(AVERAGEIFS(Dane_Mariannenplatz!$B$2:$B$23,Dane_Mariannenplatz!$A$2:$A$23,$A3,Dane_Mariannenplatz!$D$2:$D$23,"organizatorzy"),"") | D3: =IFERROR(AVERAGEIFS(Dane_Mariannenplatz!$B$2:$B$23,Dane_Mariannenplatz!$A$2:$A$23,$A3,Dane_Mariannenplatz!$D$2:$D$23,"policja"),"") | E3: =IFERROR((0.5*IF(B3<>"",B3,0) + 0.25*IF(C3<>"",C3,0) + 0.25*IF(D3<>"",D3,0))/(0.5*IF(B3<>"",1,0) + 0.25*IF(C3<>"",1,0) + 0.25*IF(D3<>"",1,0)),"") -> 1500 | F3: =IFERROR(AVERAGEIFS(Dane_Mariannenplatz!$B$2:$B$22,Dane_Mariannenplatz!$A$2:$A$22,$A3),"") -> 1500 | G3: =E3-F3 -> 0
A4: 1999 | B4: =IFERROR(AVERAGEIFS(Dane_Mariannenplatz!$B$2:$B$23,Dane_Mariannenplatz!$A$2:$A$23,$A4,Dane_Mariannenplatz!$D$2:$D$23,"prasa"),"") | C4: =IFERROR(AVERAGEIFS(Dane_Mariannenplatz!$B$2:$B$23,Dane_Mariannenplatz!$A$2:$A$23,$A4,Dane_Mariannenplatz!$D$2:$D$23,"organizatorzy"),"") | D4: =IFERROR(AVERAGEIFS(Dane_Mariannenplatz!$B$2:$B$23,Dane_Mariannenplatz!$A$2:$A$23,$A4,Dane_Mariannenplatz!$D$2:$D$23,"policja"),"") | E4: =IFERROR((0.5*IF(B4<>"",B4,0) + 0.25*IF(C4<>"",C4,0) + 0.25*IF(D4<>"",D4,0))/(0.5*IF(B4<>"",1,0) + 0.25*IF(C4<>"",1,0) + 0.25*IF(D4<>"",1,0)),"") | F4: =IFERROR(AVERAGEIFS(Dane_Mariannenplatz!$B$2:$B$22,Dane_Mariannenplatz!$A$2:$A$22,$A4),"") | G4: =E4-F4 -> 0
A5: 2000 | B5: =IFERROR(AVERAGEIFS(Dane_Mariannenplatz!$B$2:$B$23,Dane_Mariannenplatz!$A$2:$A$23,$A5,Dane_Mariannenplatz!$D$2:$D$23,"prasa"),"") -> 5000 | C5: =IFERROR(AVERAGEIFS(Dane_Mariannenplatz!$B$2:$B$23,Dane_Mariannenplatz!$A$2:$A$23,$A5,Dane_Mariannenplatz!$D$2:$D$23,"organizatorzy"),"") | D5: =IFERROR(AVERAGEIFS(Dane_Mariannenplatz!$B$2:$B$23,Dane_Mariannenplatz!$A$2:$A$23,$A5,Dane_Mariannenplatz!$D$2:$D$23,"policja"),"") | E5: =IFERROR((0.5*IF(B5<>"",B5,0) + 0.25*IF(C5<>"",C5,0) + 0.25*IF(D5<>"",D5,0))/(0.5*IF(B5<>"",1,0) + 0.25*IF(C5<>"",1,0) + 0.25*IF(D5<>"",1,0)),"") -> 5000 | F5: =IFERROR(AVERAGEIFS(Dane_Mariannenplatz!$B$2:$B$22,Dane_Mariannenplatz!$A$2:$A$22,$A5),"") -> 5000 | G5: =E5-F5 -> 0
A6: 2001 | B6: =IFERROR(AVERAGEIFS(Dane_Mariannenplatz!$B$2:$B$23,Dane_Mariannenplatz!$A$2:$A$23,$A6,Dane_Mariannenplatz!$D$2:$D$23,"prasa"),"") -> 5000 | C6: =IFERROR(AVERAGEIFS(Dane_Mariannenplatz!$B$2:$B$23,Dane_Mariannenplatz!$A$2:$A$23,$A6,Dane_Mariannenplatz!$D$2:$D$23,"organizatorzy"),"") | D6: =IFERROR(AVERAGEIFS(Dane_Mariannenplatz!$B$2:$B$23,Dane_Mariannenplatz!$A$2:$A$23,$A6,Dane_Mariannenplatz!$D$2:$D$23,"policja"),"") | E6: =IFERROR((0.5*IF(B6<>"",B6,0) + 0.25*IF(C6<>"",C6,0) + 0.25*IF(D6<>"",D6,0))/(0.5*IF(B6<>"",1,0) + 0.25*IF(C6<>"",1,0) + 0.25*IF(D6<>"",1,0)),"") -> 5000 | F6: =IFERROR(AVERAGEIFS(Dane_Mariannenplatz!$B$2:$B$22,Dane_Mariannenplatz!$A$2:$A$22,$A6),"") -> 5000 | G6: =E6-F6 -> 0
A7: 2002 | B7: =IFERROR(AVERAGEIFS(Dane_Mariannenplatz!$B$2:$B$23,Dane_Mariannenplatz!$A$2:$A$23,$A7,Dane_Mariannenplatz!$D$2:$D$23,"prasa"),"") | C7: =IFERROR(AVERAGEIFS(Dane_Mariannenplatz!$B$2:$B$23,Dane_Mariannenplatz!$A$2:$A$23,$A7,Dane_Mariannenplatz!$D$2:$D$23,"organizatorzy"),"") | D7: =IFERROR(AVERAGEIFS(Dane_Mariannenplatz!$B$2:$B$23,Dane_Mariannenplatz!$A$2:$A$23,$A7,Dane_Mariannenplatz!$D$2:$D$23,"policja"),"") | E7: =IFERROR((0.5*IF(B7<>"",B7,0) + 0.25*IF(C7<>"",C7,0) + 0.25*IF(D7<>"",D7,0))/(0.5*IF(B7<>"",1,0) + 0.25*IF(C7<>"",1,0) + 0.25*IF(D7<>"",1,0)),"") | F7: =IFERROR(AVERAGEIFS(Dane_Mariannenplatz!$B$2:$B$22,Dane_Mariannenplatz!$A$2:$A$22,$A7),"") | G7: =E7-F7 -> 0
E8: =IFERROR( (0.5*IF(B8<>"",B8,0) + 0.25*IF(C8<>"",C8,0) + 0.25*IF(D8<>"",D8,0)) / (0.5*IF(B8<>"",1,0) + 0.25*IF(C8<>"",1,0) + 0.25*IF(D8<>"",1,0)) ,"")
D16: =IFERROR(__xludf.DUMMYFUNCTION("ARRAYFORMULA(JOIN("", "", IF(F2:F7="""", ""null"", F2:F7)))"),"null, 1500, null, 5000, 5000, null") -> null, 1500, null, 5000, 5000, null

Sheet Dane_Revo_joint
A1: Rok | B1: Liczba uczestników | C1: Źródło | D1: Kategoria | E1: Dane R1M 18
A2: 1988 | B2: 7000 | C2: Gluckspilz | D2: prasa
A3: 1989 | B3: 10000 | C3: Gluckspilz | D3: prasa
A4: 1990 | B4: 10000 | C4: (police, Gluckspilz) | D4: policja
A5: 1990 | B5: 15000 | C5: (organisers, Gluckspilz) | D5: organizatorzy
A6: 1991 | B6: 10000 | C6: Gluckspilz | D6: Gluckspilz
A7: 1991 | B7: 8000 | C7: Gluckspilz | D7: policja
A8: 1991 | B8: 20000 | C8: Gluckspilz | D8: organizatorzy
A9: 1992 | B9: 12000 | C9: Gluckspilz | D9: prasa
A10: 1992 | B10: 9000 | C10: policja, za rbb | D10: policja
A11: 1992 | B11: 15000 | C11: Gluckspilz | D11: prasa
A12: 1993 | B12: 5500 | C12: Gluckspilz | D12: policja
A13: 1993 | B13: 10000 | C13: Gluckspilz | D13: prasa
... A17: 1995 | B17: 2000 | C17: Gluckspilz | D17: prasa

Sheet Srednie i wykresy Revo_Joint
A1: Rok | B1: Prasa | C1: Organizatorzy | D1: Policja | E1: Średnia ogólna | F1: średnia metoda alt | G1: Różnica %
A2: 1987 | B2: =IFERROR(AVERAGEIFS(Dane_Revo_joint!$B$2:$B$17,Dane_Revo_joint!$A$2:$A$17,$A2,Dane_Revo_joint!$D$2:$D$17,"prasa"),"") | C2: =IFERROR(AVERAGEIFS(Dane_Revo_joint!$B$2:$B$17,Dane_Revo_joint!$A$2:$A$17,$A2,Dane_Revo_joint!$D$2:$D$17,"organizatorzy"),"") | D2: =IFERROR(AVERAGEIFS(Dane_Revo_joint!$B$2:$B$17,Dane_Revo_joint!$A$2:$A$17,$A2,Dane_Revo_joint!$D$2:$D$17,"policja"),"") | E2: =IFERROR((0.5*IF(B2<>"",B2,0) + 0.25*IF(C2<>"",C2,0) + 0.25*IF(D2<>"",D2,0))/(0.5*IF(B2<>"",1,0) + 0.25*IF(C2<>"",1,0) + 0.25*IF(D2<>"",1,0)),"") | F2: =IFERROR(AVERAGEIFS(Dane_Revo_joint!$B$2:$B$14,Dane_Revo_joint!$A$2:$A$14,$A2),"") | G2: =E2-F2 -> 0
A3: 1988 | B3: =IFERROR(AVERAGEIFS(Dane_Revo_joint!$B$2:$B$17,Dane_Revo_joint!$A$2:$A$17,$A3,Dane_Revo_joint!$D$2:$D$17,"prasa"),"") -> 7000 | C3: =IFERROR(AVERAGEIFS(Dane_Revo_joint!$B$2:$B$17,Dane_Revo_joint!$A$2:$A$17,$A3,Dane_Revo_joint!$D$2:$D$17,"organizatorzy"),"") | D3: =IFERROR(AVERAGEIFS(Dane_Revo_joint!$B$2:$B$17,Dane_Revo_joint!$A$2:$A$17,$A3,Dane_Revo_joint!$D$2:$D$17,"policja"),"") | E3: =IFERROR((0.5*IF(B3<>"",B3,0) + 0.25*IF(C3<>"",C3,0) + 0.25*IF(D3<>"",D3,0))/(0.5*IF(B3<>"",1,0) + 0.25*IF(C3<>"",1,0) + 0.25*IF(D3<>"",1,0)),"") -> 7000 | F3: =IFERROR(AVERAGEIFS(Dane_Revo_joint!$B$2:$B$17,Dane_Revo_joint!$A$2:$A$17,$A3),"") -> 7000 | G3: =E3-F3 -> 0
A4: 1989 | B4: =IFERROR(AVERAGEIFS(Dane_Revo_joint!$B$2:$B$17,Dane_Revo_joint!$A$2:$A$17,$A4,Dane_Revo_joint!$D$2:$D$17,"prasa"),"") -> 10000 | C4: =IFERROR(AVERAGEIFS(Dane_Revo_joint!$B$2:$B$17,Dane_Revo_joint!$A$2:$A$17,$A4,Dane_Revo_joint!$D$2:$D$17,"organizatorzy"),"") | D4: =IFERROR(AVERAGEIFS(Dane_Revo_joint!$B$2:$B$17,Dane_Revo_joint!$A$2:$A$17,$A4,Dane_Revo_joint!$D$2:$D$17,"policja"),"") | E4: =IFERROR((0.5*IF(B4<>"",B4,0) + 0.25*IF(C4<>"",C4,0) + 0.25*IF(D4<>"",D4,0))/(0.5*IF(B4<>"",1,0) + 0.25*IF(C4<>"",1,0) + 0.25*IF(D4<>"",1,0)),"") -> 10000 | F4: =IFERROR(AVERAGEIFS(Dane_Revo_joint!$B$2:$B$17,Dane_Revo_joint!$A$2:$A$17,$A4),"") -> 10000 | G4: =E4-F4 -> 0
A5: 1990 | B5: =IFERROR(AVERAGEIFS(Dane_Revo_joint!$B$2:$B$17,Dane_Revo_joint!$A$2:$A$17,$A5,Dane_Revo_joint!$D$2:$D$17,"prasa"),"") | C5: =IFERROR(AVERAGEIFS(Dane_Revo_joint!$B$2:$B$17,Dane_Revo_joint!$A$2:$A$17,$A5,Dane_Revo_joint!$D$2:$D$17,"organizatorzy"),"") -> 15000 | D5: =IFERROR(AVERAGEIFS(Dane_Revo_joint!$B$2:$B$17,Dane_Revo_joint!$A$2:$A$17,$A5,Dane_Revo_joint!$D$2:$D$17,"policja"),"") -> 10000 | E5: =IFERROR((0.5*IF(B5<>"",B5,0) + 0.25*IF(C5<>"",C5,0) + 0.25*IF(D5<>"",D5,0))/(0.5*IF(B5<>"",1,0) + 0.25*IF(C5<>"",1,0) + 0.25*IF(D5<>"",1,0)),"") -> 12500 | F5: =IFERROR(AVERAGEIFS(Dane_Revo_joint!$B$2:$B$17,Dane_Revo_joint!$A$2:$A$17,$A5),"") -> 12500 | G5: =E5-F5 -> 0
A6: 1991 | B6: =IFERROR(AVERAGEIFS(Dane_Revo_joint!$B$2:$B$17,Dane_Revo_joint!$A$2:$A$17,$A6,Dane_Revo_joint!$D$2:$D$17,"prasa"),"") | C6: =IFERROR(AVERAGEIFS(Dane_Revo_joint!$B$2:$B$17,Dane_Revo_joint!$A$2:$A$17,$A6,Dane_Revo_joint!$D$2:$D$17,"organizatorzy"),"") -> 20000 | D6: =IFERROR(AVERAGEIFS(Dane_Revo_joint!$B$2:$B$17,Dane_Revo_joint!$A$2:$A$17,$A6,Dane_Revo_joint!$D$2:$D$17,"policja"),"") -> 8000 | E6: =IFERROR((0.5*IF(B6<>"",B6,0) + 0.25*IF(C6<>"",C6,0) + 0.25*IF(D6<>"",D6,0))/(0.5*IF(B6<>"",1,0) + 0.25*IF(C6<>"",1,0) + 0.25*IF(D6<>"",1,0)),"") -> 14000 | F6: =IFERROR(AVERAGEIFS(Dane_Revo_joint!$B$2:$B$17,Dane_Revo_joint!$A$2:$A$17,$A6),"") -> 12666.667 | G6: =E6-F6 -> 1333.3333
A7: 1992 | B7: =IFERROR(AVERAGEIFS(Dane_Revo_joint!$B$2:$B$17,Dane_Revo_joint!$A$2:$A$17,$A7,Dane_Revo_joint!$D$2:$D$17,"prasa"),"") -> 13500 | C7: =IFERROR(AVERAGEIFS(Dane_Revo_joint!$B$2:$B$17,Dane_Revo_joint!$A$2:$A$17,$A7,Dane_Revo_joint!$D$2:$D$17,"organizatorzy"),"") | D7: =IFERROR(AVERAGEIFS(Dane_Revo_joint!$B$2:$B$17,Dane_Revo_joint!$A$2:$A$17,$A7,Dane_Revo_joint!$D$2:$D$17,"policja"),"") -> 9000 | E7: =IFERROR((0.5*IF(B7<>"",B7,0) + 0.25*IF(C7<>"",C7,0) + 0.25*IF(D7<>"",D7,0))/(0.5*IF(B7<>"",1,0) + 0.25*IF(C7<>"",1,0) + 0.25*IF(D7<>"",1,0)),"") -> 12000 | F7: =IFERROR(AVERAGEIFS(Dane_Revo_joint!$B$2:$B$17,Dane_Revo_joint!$A$2:$A$17,$A7),"") -> 12000 | G7: =E7-F7 -> 0
A8: 1993 | B8: =IFERROR(AVERAGEIFS(Dane_Revo_joint!$B$2:$B$17,Dane_Revo_joint!$A$2:$A$17,$A8,Dane_Revo_joint!$D$2:$D$17,"prasa"),"") -> 10000 | C8: =IFERROR(AVERAGEIFS(Dane_Revo_joint!$B$2:$B$17,Dane_Revo_joint!$A$2:$A$17,$A8,Dane_Revo_joint!$D$2:$D$17,"organizatorzy"),"") | D8: =IFERROR(AVERAGEIFS(Dane_Revo_joint!$B$2:$B$17,Dane_Revo_joint!$A$2:$A$17,$A8,Dane_Revo_joint!$D$2:$D$17,"policja"),"") -> 5500 | E8: =IFERROR((0.5*IF(B8<>"",B8,0) + 0.25*IF(C8<>"",C8,0) + 0.25*IF(D8<>"",D8,0))/(0.5*IF(B8<>"",1,0) + 0.25*IF(C8<>"",1,0) + 0.25*IF(D8<>"",1,0)),"") -> 8500 | F8: =IFERROR(AVERAGEIFS(Dane_Revo_joint!$B$2:$B$17,Dane_Revo_joint!$A$2:$A$17,$A8),"") -> 7750 | G8: =E8-F8 -> 750
A9: 1994 | B9: =IFERROR(AVERAGEIFS(Dane_Revo_joint!$B$2:$B$17,Dane_Revo_joint!$A$2:$A$17,$A9,Dane_Revo_joint!$D$2:$D$17,"prasa"),"") -> 900 | C9: =IFERROR(AVERAGEIFS(Dane_Revo_joint!$B$2:$B$17,Dane_Revo_joint!$A$2:$A$17,$A9,Dane_Revo_joint!$D$2:$D$17,"organizatorzy"),"") | D9: =IFERROR(AVERAGEIFS(Dane_Revo_joint!$B$2:$B$17,Dane_Revo_joint!$A$2:$A$17,$A9,Dane_Revo_joint!$D$2:$D$17,"policja"),"") | E9: =IFERROR((0.5*IF(B9<>"",B9,0) + 0.25*IF(C9<>"",C9,0) + 0.25*IF(D9<>"",D9,0))/(0.5*IF(B9<>"",1,0) + 0.25*IF(C9<>"",1,0) + 0.25*IF(D9<>"",1,0)),"") -> 900 | F9: =IFERROR(AVERAGEIFS(Dane_Revo_joint!$B$2:$B$17,Dane_Revo_joint!$A$2:$A$17,$A9),"") -> 900 | G9: =E9-F9 -> 0
A10: 1995 | B10: =IFERROR(AVERAGEIFS(Dane_Revo_joint!$B$2:$B$17,Dane_Revo_joint!$A$2:$A$17,$A10,Dane_Revo_joint!$D$2:$D$17,"prasa"),"") -> 2250 | C10: =IFERROR(AVERAGEIFS(Dane_Revo_joint!$B$2:$B$17,Dane_Revo_joint!$A$2:$A$17,$A10,Dane_Revo_joint!$D$2:$D$17,"organizatorzy"),"") | D10: =IFERROR(AVERAGEIFS(Dane_Revo_joint!$B$2:$B$17,Dane_Revo_joint!$A$2:$A$17,$A10,Dane_Revo_joint!$D$2:$D$17,"policja"),"") | E10: =IFERROR((0.5*IF(B10<>"",B10,0) + 0.25*IF(C10<>"",C10,0) + 0.25*IF(D10<>"",D10,0))/(0.5*IF(B10<>"",1,0) + 0.25*IF(C10<>"",1,0) + 0.25*IF(D10<>"",1,0)),"") -> 2250 | F10: =IFERROR(AVERAGEIFS(Dane_Revo_joint!$B$2:$B$17,Dane_Revo_joint!$A$2:$A$17,$A10),"") -> 2250 | G10: =E10-F10 -> 0
E11: =IFERROR( (0.5*IF(B11<>"",B11,0) + 0.25*IF(C11<>"",C11,0) + 0.25*IF(D11<>"",D11,0)) / (0.5*IF(B11<>"",1,0) + 0.25*IF(C11<>"",1,0) + 0.25*IF(D11<>"",1,0)) ,"")
D19: =IFERROR(__xludf.DUMMYFUNCTION("join("", "",F5:F10)"),"12500, 12667, 12000, 7750, 900, 2250") -> 12500, 12667, 12000, 7750, 900, 2250

Sheet Dane_Ost_PDS
A1: Rok | B1: Liczba uczestników | C1: Źródło | D1: Kategoria | E1: Dane R1M 18
A2: 1990 | B2: 16000 | C2: ND (demo Ost) | D2: prasa
A3: 1990 | B3: 15000 | C3: taz (demo Ost) | D3: prasa
A4: 1991 | B4: - | C4: -
A5: 1992 | B5: 6000 | C5: Zug der Widerspensigsten (JW) | D5: prasa
A6: 1993 | B6: 6000 | C6: ZdW (JW) | D6: prasa
A7: 1994 | B7: 1000 | C7: (Zug PDS) BZ | D7: prasa
A8: 1995 | B8: - | C8: PDS Kundgebung
A9: 1996 | B9: 400 | C9: mehrere hundert, rbb | D9: prasa
A10: 1996 | B10: 4000 | C10: "mehrere Tausend" PDS Kundgebung ~4000, ND | D10: prasa
A11: 1997 | B11: 5000 | C11: rbb B1 1. Mai Spezial | D11: prasa
A12: 1997 | B12: 15000 | C12: PDS Kundgebung (organizatorzy, za ND) | D12: organizatorzy
A13: 1997 | B13: 2000 | C13: Polizei, za ND PDS Kundgebung | D13: policja
A14: 1998 | B14: 1000 | C14: PDS Fest, BZ | D14: prasa
A15: 1998 | B15: 12000 | C15: PDS Veranstaltung ND | D15: prasa
A16: 1999 | B16: 10000 | C16: PDS Kundgebung, ND | D16: prasa
A17: 2000 | B17: 7000 | C17: PDS Kundgebung, ND | D17: prasa
A18: 2000 | B18: 3000 | C18: PDS Kundgebung, BZ | D18: prasa
A19: 2000 | B19: 1000 | C19: PDS Kundgebung, die Welt | D19: prasa
A20: 2001 | B20: 7000 | C20: PDS Kundgebung, Berliner Kurier | D20: prasa
... A23: 2002 | B23: 1000 | C23: PDS Kundgebung rbb | D23: prasa

Sheet Srednie i wykresy Ost_PDS
A1: Rok | B1: Prasa | C1: Organizatorzy | D1: Policja | E1: Średnia ogólna | F1: średnia metoda alt | G1: Różnica %
A2: 1990 | B2: =IFERROR(AVERAGEIFS(Dane_Ost_PDS!$B$2:$B$23,Dane_Ost_PDS!$A$2:$A$23,$A2,Dane_Ost_PDS!$D$2:$D$23,"prasa"),"") -> 15500 | C2: =IFERROR(AVERAGEIFS(Dane_Ost_PDS!$B$2:$B$23,Dane_Ost_PDS!$A$2:$A$23,$A2,Dane_Ost_PDS!$D$2:$D$23,"organizatorzy"),"") | D2: =IFERROR(AVERAGEIFS(Dane_Ost_PDS!$B$2:$B$23,Dane_Ost_PDS!$A$2:$A$23,$A2,Dane_Ost_PDS!$D$2:$D$23,"policja"),"") | E2: =IFERROR((0.5*IF(B2<>"",B2,0) + 0.25*IF(C2<>"",C2,0) + 0.25*IF(D2<>"",D2,0))/(0.5*IF(B2<>"",1,0) + 0.25*IF(C2<>"",1,0) + 0.25*IF(D2<>"",1,0)),"") -> 15500 | F2: =IFERROR(AVERAGEIFS(Dane_Ost_PDS!$B$2:$B$23,Dane_Ost_PDS!$A$2:$A$23,$A2),"") -> 15500 | G2: =E2-F2 -> 0
A3: 1991 | B3: =IFERROR(AVERAGEIFS(Dane_Ost_PDS!$B$2:$B$23,Dane_Ost_PDS!$A$2:$A$23,$A3,Dane_Ost_PDS!$D$2:$D$23,"prasa"),"") | C3: =IFERROR(AVERAGEIFS(Dane_Ost_PDS!$B$2:$B$23,Dane_Ost_PDS!$A$2:$A$23,$A3,Dane_Ost_PDS!$D$2:$D$23,"organizatorzy"),"") | D3: =IFERROR(AVERAGEIFS(Dane_Ost_PDS!$B$2:$B$23,Dane_Ost_PDS!$A$2:$A$23,$A3,Dane_Ost_PDS!$D$2:$D$23,"policja"),"") | E3: =IFERROR((0.5*IF(B3<>"",B3,0) + 0.25*IF(C3<>"",C3,0) + 0.25*IF(D3<>"",D3,0))/(0.5*IF(B3<>"",1,0) + 0.25*IF(C3<>"",1,0) + 0.25*IF(D3<>"",1,0)),"") | F3: =IFERROR(AVERAGEIFS(Dane_Ost_PDS!$B$2:$B$23,Dane_Ost_PDS!$A$2:$A$23,$A3),"") | G3: =E3-F3 -> 0
A4: 1992 | B4: =IFERROR(AVERAGEIFS(Dane_Ost_PDS!$B$2:$B$23,Dane_Ost_PDS!$A$2:$A$23,$A4,Dane_Ost_PDS!$D$2:$D$23,"prasa"),"") -> 6000 | C4: =IFERROR(AVERAGEIFS(Dane_Ost_PDS!$B$2:$B$23,Dane_Ost_PDS!$A$2:$A$23,$A4,Dane_Ost_PDS!$D$2:$D$23,"organizatorzy"),"") | D4: =IFERROR(AVERAGEIFS(Dane_Ost_PDS!$B$2:$B$23,Dane_Ost_PDS!$A$2:$A$23,$A4,Dane_Ost_PDS!$D$2:$D$23,"policja"),"") | E4: =IFERROR((0.5*IF(B4<>"",B4,0) + 0.25*IF(C4<>"",C4,0) + 0.25*IF(D4<>"",D4,0))/(0.5*IF(B4<>"",1,0) + 0.25*IF(C4<>"",1,0) + 0.25*IF(D4<>"",1,0)),"") -> 6000 | F4: =IFERROR(AVERAGEIFS(Dane_Ost_PDS!$B$2:$B$23,Dane_Ost_PDS!$A$2:$A$23,$A4),"") -> 6000 | G4: =E4-F4 -> 0
A5: 1993 | B5: =IFERROR(AVERAGEIFS(Dane_Ost_PDS!$B$2:$B$23,Dane_Ost_PDS!$A$2:$A$23,$A5,Dane_Ost_PDS!$D$2:$D$23,"prasa"),"") -> 6000 | C5: =IFERROR(AVERAGEIFS(Dane_Ost_PDS!$B$2:$B$23,Dane_Ost_PDS!$A$2:$A$23,$A5,Dane_Ost_PDS!$D$2:$D$23,"organizatorzy"),"") | D5: =IFERROR(AVERAGEIFS(Dane_Ost_PDS!$B$2:$B$23,Dane_Ost_PDS!$A$2:$A$23,$A5,Dane_Ost_PDS!$D$2:$D$23,"policja"),"") | E5: =IFERROR((0.5*IF(B5<>"",B5,0) + 0.25*IF(C5<>"",C5,0) + 0.25*IF(D5<>"",D5,0))/(0.5*IF(B5<>"",1,0) + 0.25*IF(C5<>"",1,0) + 0.25*IF(D5<>"",1,0)),"") -> 6000 | F5: =IFERROR(AVERAGEIFS(Dane_Ost_PDS!$B$2:$B$23,Dane_Ost_PDS!$A$2:$A$23,$A5),"") -> 6000 | G5: =E5-F5 -> 0
A6: 1994 | B6: =IFERROR(AVERAGEIFS(Dane_Ost_PDS!$B$2:$B$23,Dane_Ost_PDS!$A$2:$A$23,$A6,Dane_Ost_PDS!$D$2:$D$23,"prasa"),"") -> 1000 | C6: =IFERROR(AVERAGEIFS(Dane_Ost_PDS!$B$2:$B$23,Dane_Ost_PDS!$A$2:$A$23,$A6,Dane_Ost_PDS!$D$2:$D$23,"organizatorzy"),"") | D6: =IFERROR(AVERAGEIFS(Dane_Ost_PDS!$B$2:$B$23,Dane_Ost_PDS!$A$2:$A$23,$A6,Dane_Ost_PDS!$D$2:$D$23,"policja"),"") | E6: =IFERROR((0.5*IF(B6<>"",B6,0) + 0.25*IF(C6<>"",C6,0) + 0.25*IF(D6<>"",D6,0))/(0.5*IF(B6<>"",1,0) + 0.25*IF(C6<>"",1,0) + 0.25*IF(D6<>"",1,0)),"") -> 1000 | F6: =IFERROR(AVERAGEIFS(Dane_Ost_PDS!$B$2:$B$23,Dane_Ost_PDS!$A$2:$A$23,$A6),"") -> 1000 | G6: =E6-F6 -> 0
A7: 1995 | B7: =IFERROR(AVERAGEIFS(Dane_Ost_PDS!$B$2:$B$23,Dane_Ost_PDS!$A$2:$A$23,$A7,Dane_Ost_PDS!$D$2:$D$23,"prasa"),"") | C7: =IFERROR(AVERAGEIFS(Dane_Ost_PDS!$B$2:$B$23,Dane_Ost_PDS!$A$2:$A$23,$A7,Dane_Ost_PDS!$D$2:$D$23,"organizatorzy"),"") | D7: =IFERROR(AVERAGEIFS(Dane_Ost_PDS!$B$2:$B$23,Dane_Ost_PDS!$A$2:$A$23,$A7,Dane_Ost_PDS!$D$2:$D$23,"policja"),"") | E7: =IFERROR((0.5*IF(B7<>"",B7,0) + 0.25*IF(C7<>"",C7,0) + 0.25*IF(D7<>"",D7,0))/(0.5*IF(B7<>"",1,0) + 0.25*IF(C7<>"",1,0) + 0.25*IF(D7<>"",1,0)),"") | F7: =IFERROR(AVERAGEIFS(Dane_Ost_PDS!$B$2:$B$23,Dane_Ost_PDS!$A$2:$A$23,$A7),"") | G7: =E7-F7 -> 0
A8: 1996 | B8: =IFERROR(AVERAGEIFS(Dane_Ost_PDS!$B$2:$B$23,Dane_Ost_PDS!$A$2:$A$23,$A8,Dane_Ost_PDS!$D$2:$D$23,"prasa"),"") -> 2200 | C8: =IFERROR(AVERAGEIFS(Dane_Ost_PDS!$B$2:$B$23,Dane_Ost_PDS!$A$2:$A$23,$A8,Dane_Ost_PDS!$D$2:$D$23,"organizatorzy"),"") | D8: =IFERROR(AVERAGEIFS(Dane_Ost_PDS!$B$2:$B$23,Dane_Ost_PDS!$A$2:$A$23,$A8,Dane_Ost_PDS!$D$2:$D$23,"policja"),"") | E8: =IFERROR((0.5*IF(B8<>"",B8,0) + 0.25*IF(C8<>"",C8,0) + 0.25*IF(D8<>"",D8,0))/(0.5*IF(B8<>"",1,0) + 0.25*IF(C8<>"",1,0) + 0.25*IF(D8<>"",1,0)),"") -> 2200 | F8: =IFERROR(AVERAGEIFS(Dane_Ost_PDS!$B$2:$B$23,Dane_Ost_PDS!$A$2:$A$23,$A8),"") -> 2200 | G8: =E8-F8 -> 0
A9: 1997 | B9: =IFERROR(AVERAGEIFS(Dane_Ost_PDS!$B$2:$B$23,Dane_Ost_PDS!$A$2:$A$23,$A9,Dane_Ost_PDS!$D$2:$D$23,"prasa"),"") -> 5000 | C9: =IFERROR(AVERAGEIFS(Dane_Ost_PDS!$B$2:$B$23,Dane_Ost_PDS!$A$2:$A$23,$A9,Dane_Ost_PDS!$D$2:$D$23,"organizatorzy"),"") -> 15000 | D9: =IFERROR(AVERAGEIFS(Dane_Ost_PDS!$B$2:$B$23,Dane_Ost_PDS!$A$2:$A$23,$A9,Dane_Ost_PDS!$D$2:$D$23,"policja"),"") -> 2000 | E9: =IFERROR((0.5*IF(B9<>"",B9,0) + 0.25*IF(C9<>"",C9,0) + 0.25*IF(D9<>"",D9,0))/(0.5*IF(B9<>"",1,0) + 0.25*IF(C9<>"",1,0) + 0.25*IF(D9<>"",1,0)),"") -> 6750 | F9: =IFERROR(AVERAGEIFS(Dane_Ost_PDS!$B$2:$B$23,Dane_Ost_PDS!$A$2:$A$23,$A9),"") -> 7333.3333 | G9: =E9-F9 -> -583.33333
A10: 1998 | B10: =IFERROR(AVERAGEIFS(Dane_Ost_PDS!$B$2:$B$23,Dane_Ost_PDS!$A$2:$A$23,$A10,Dane_Ost_PDS!$D$2:$D$23,"prasa"),"") -> 6500 | C10: =IFERROR(AVERAGEIFS(Dane_Ost_PDS!$B$2:$B$23,Dane_Ost_PDS!$A$2:$A$23,$A10,Dane_Ost_PDS!$D$2:$D$23,"organizatorzy"),"") | D10: =IFERROR(AVERAGEIFS(Dane_Ost_PDS!$B$2:$B$23,Dane_Ost_PDS!$A$2:$A$23,$A10,Dane_Ost_PDS!$D$2:$D$23,"policja"),"") | E10: =IFERROR((0.5*IF(B10<>"",B10,0) + 0.25*IF(C10<>"",C10,0) + 0.25*IF(D10<>"",D10,0))/(0.5*IF(B10<>"",1,0) + 0.25*IF(C10<>"",1,0) + 0.25*IF(D10<>"",1,0)),"") -> 6500 | F10: =IFERROR(AVERAGEIFS(Dane_Ost_PDS!$B$2:$B$23,Dane_Ost_PDS!$A$2:$A$23,$A10),"") -> 6500 | G10: =E10-F10 -> 0
A11: 1999 | B11: =IFERROR(AVERAGEIFS(Dane_Ost_PDS!$B$2:$B$23,Dane_Ost_PDS!$A$2:$A$23,$A11,Dane_Ost_PDS!$D$2:$D$23,"prasa"),"") -> 10000 | C11: =IFERROR(AVERAGEIFS(Dane_Ost_PDS!$B$2:$B$23,Dane_Ost_PDS!$A$2:$A$23,$A11,Dane_Ost_PDS!$D$2:$D$23,"organizatorzy"),"") | D11: =IFERROR(AVERAGEIFS(Dane_Ost_PDS!$B$2:$B$23,Dane_Ost_PDS!$A$2:$A$23,$A11,Dane_Ost_PDS!$D$2:$D$23,"policja"),"") | E11: =IFERROR((0.5*IF(B11<>"",B11,0) + 0.25*IF(C11<>"",C11,0) + 0.25*IF(D11<>"",D11,0))/(0.5*IF(B11<>"",1,0) + 0.25*IF(C11<>"",1,0) + 0.25*IF(D11<>"",1,0)),"") -> 10000 | F11: =IFERROR(AVERAGEIFS(Dane_Ost_PDS!$B$2:$B$23,Dane_Ost_PDS!$A$2:$A$23,$A11),"") -> 10000 | G11: =E11-F11 -> 0
A12: 2000 | B12: =IFERROR(AVERAGEIFS(Dane_Ost_PDS!$B$2:$B$23,Dane_Ost_PDS!$A$2:$A$23,$A12,Dane_Ost_PDS!$D$2:$D$23,"prasa"),"") -> 3666.6667 | C12: =IFERROR(AVERAGEIFS(Dane_Ost_PDS!$B$2:$B$23,Dane_Ost_PDS!$A$2:$A$23,$A12,Dane_Ost_PDS!$D$2:$D$23,"organizatorzy"),"") | D12: =IFERROR(AVERAGEIFS(Dane_Ost_PDS!$B$2:$B$23,Dane_Ost_PDS!$A$2:$A$23,$A12,Dane_Ost_PDS!$D$2:$D$23,"policja"),"") | E12: =IFERROR((0.5*IF(B12<>"",B12,0) + 0.25*IF(C12<>"",C12,0) + 0.25*IF(D12<>"",D12,0))/(0.5*IF(B12<>"",1,0) + 0.25*IF(C12<>"",1,0) + 0.25*IF(D12<>"",1,0)),"") -> 3666.6667 | F12: =IFERROR(AVERAGEIFS(Dane_Ost_PDS!$B$2:$B$23,Dane_Ost_PDS!$A$2:$A$23,$A12),"") -> 3666.6667 | G12: =E12-F12 -> 0
A13: 2001 | B13: =IFERROR(AVERAGEIFS(Dane_Ost_PDS!$B$2:$B$23,Dane_Ost_PDS!$A$2:$A$23,$A13,Dane_Ost_PDS!$D$2:$D$23,"prasa"),"") -> 7250 | C13: =IFERROR(AVERAGEIFS(Dane_Ost_PDS!$B$2:$B$23,Dane_Ost_PDS!$A$2:$A$23,$A13,Dane_Ost_PDS!$D$2:$D$23,"organizatorzy"),"") | D13: =IFERROR(AVERAGEIFS(Dane_Ost_PDS!$B$2:$B$23,Dane_Ost_PDS!$A$2:$A$23,$A13,Dane_Ost_PDS!$D$2:$D$23,"policja"),"") | E13: =IFERROR((0.5*IF(B13<>"",B13,0) + 0.25*IF(C13<>"",C13,0) + 0.25*IF(D13<>"",D13,0))/(0.5*IF(B13<>"",1,0) + 0.25*IF(C13<>"",1,0) + 0.25*IF(D13<>"",1,0)),"") -> 7250 | F13: =IFERROR(AVERAGEIFS(Dane_Ost_PDS!$B$2:$B$23,Dane_Ost_PDS!$A$2:$A$23,$A13),"") -> 7250 | G13: =E13-F13 -> 0
A14: 2002 | B14: =IFERROR(AVERAGEIFS(Dane_Ost_PDS!$B$2:$B$23,Dane_Ost_PDS!$A$2:$A$23,$A14,Dane_Ost_PDS!$D$2:$D$23,"prasa"),"") -> 2250 | C14: =IFERROR(AVERAGEIFS(Dane_Ost_PDS!$B$2:$B$23,Dane_Ost_PDS!$A$2:$A$23,$A14,Dane_Ost_PDS!$D$2:$D$23,"organizatorzy"),"") | D14: =IFERROR(AVERAGEIFS(Dane_Ost_PDS!$B$2:$B$23,Dane_Ost_PDS!$A$2:$A$23,$A14,Dane_Ost_PDS!$D$2:$D$23,"policja"),"") | E14: =IFERROR((0.5*IF(B14<>"",B14,0) + 0.25*IF(C14<>"",C14,0) + 0.25*IF(D14<>"",D14,0))/(0.5*IF(B14<>"",1,0) + 0.25*IF(C14<>"",1,0) + 0.25*IF(D14<>"",1,0)),"") -> 2250 | F14: =IFERROR(AVERAGEIFS(Dane_Ost_PDS!$B$2:$B$23,Dane_Ost_PDS!$A$2:$A$23,$A14),"") -> 2250 | G14: =E14-F14 -> 0
D19: =IFERROR(__xludf.DUMMYFUNCTION("ARRAYFORMULA(JOIN("", "", IF(F2:F15="""", ""null"", ROUND(F2:F15,0))))"),"15500, null, 6000, 6000, 1000, null, 2200, 7333, 6500, 10000, 3667, 7250, 2250, null") -> 15500, null, 6000, 6000, 1000, null, 2200, 7333, 6500, 10000, 3667, 7250, 2250, null

Sheet Euro MayDay
A1: Rok | B1: Liczba uczestników | C1: Źródło | D1: Kategoria | E1: Dane R1M 18
A2: 2006 | B2: 4000 | C2: taz liveticker | D2: prasa
A3: 2007 | B3: 6000 | C3: Berliner Kurier | D3: prasa
A4: 2007 | B4: 8000 | C4: Berliner Morgenpost | D4: prasa
A5: 2008 | B5: 6500 | C5: Umbruch | D5: organizatorzy
A6: 2009 | B6: 3500 | C6: Umbruch | D6: organizatorzy

Sheet Średnie i wykres EuroMayDay
A1: Rok | B1: Prasa | C1: Organizatorzy | D1: Policja | E1: Średnia ogólna | F1: średnia metoda alt | G1: Różnica %
A2: 2006 | B2: =IFERROR(AVERAGEIFS('Euro MayDay'!$B$2:$B$6,'Euro MayDay'!$A$2:$A$6,$A2,'Euro MayDay'!$D$2:$D$6,"prasa"),"") -> 4000 | C2: =IFERROR(AVERAGEIFS('Euro MayDay'!$B$2:$B$6,'Euro MayDay'!$A$2:$A$6,$A2,'Euro MayDay'!$D$2:$D$6,"organizatorzy"),"") | D2: =IFERROR(AVERAGEIFS('Euro MayDay'!$B$2:$B$6,'Euro MayDay'!$A$2:$A$6,$A2,'Euro MayDay'!$D$2:$D$6,"policja"),"") | E2: =IFERROR((0.5*IF(B2<>"",B2,0) + 0.25*IF(C2<>"",C2,0) + 0.25*IF(D2<>"",D2,0))/(0.5*IF(B2<>"",1,0) + 0.25*IF(C2<>"",1,0) + 0.25*IF(D2<>"",1,0)),"") -> 4000 | F2: =IFERROR(AVERAGEIFS('Euro MayDay'!$B$2:$B$6,'Euro MayDay'!$A$2:$A$6,$A2),"") -> 4000 | G2: =E2-F2 -> 0
A3: 2007 | B3: =IFERROR(AVERAGEIFS('Euro MayDay'!$B$2:$B$6,'Euro MayDay'!$A$2:$A$6,$A3,'Euro MayDay'!$D$2:$D$6,"prasa"),"") -> 7000 | C3: =IFERROR(AVERAGEIFS('Euro MayDay'!$B$2:$B$6,'Euro MayDay'!$A$2:$A$6,$A3,'Euro MayDay'!$D$2:$D$6,"organizatorzy"),"") | D3: =IFERROR(AVERAGEIFS('Euro MayDay'!$B$2:$B$6,'Euro MayDay'!$A$2:$A$6,$A3,'Euro MayDay'!$D$2:$D$6,"policja"),"") | E3: =IFERROR((0.5*IF(B3<>"",B3,0) + 0.25*IF(C3<>"",C3,0) + 0.25*IF(D3<>"",D3,0))/(0.5*IF(B3<>"",1,0) + 0.25*IF(C3<>"",1,0) + 0.25*IF(D3<>"",1,0)),"") -> 7000 | F3: =IFERROR(AVERAGEIFS('Euro MayDay'!$B$2:$B$6,'Euro MayDay'!$A$2:$A$6,$A3),"") -> 7000 | G3: =E3-F3 -> 0
A4: 2008 | B4: =IFERROR(AVERAGEIFS('Euro MayDay'!$B$2:$B$6,'Euro MayDay'!$A$2:$A$6,$A4,'Euro MayDay'!$D$2:$D$6,"prasa"),"") | C4: =IFERROR(AVERAGEIFS('Euro MayDay'!$B$2:$B$6,'Euro MayDay'!$A$2:$A$6,$A4,'Euro MayDay'!$D$2:$D$6,"organizatorzy"),"") -> 6500 | D4: =IFERROR(AVERAGEIFS('Euro MayDay'!$B$2:$B$6,'Euro MayDay'!$A$2:$A$6,$A4,'Euro MayDay'!$D$2:$D$6,"policja"),"") | E4: =IFERROR((0.5*IF(B4<>"",B4,0) + 0.25*IF(C4<>"",C4,0) + 0.25*IF(D4<>"",D4,0))/(0.5*IF(B4<>"",1,0) + 0.25*IF(C4<>"",1,0) + 0.25*IF(D4<>"",1,0)),"") -> 6500 | F4: =IFERROR(AVERAGEIFS('Euro MayDay'!$B$2:$B$6,'Euro MayDay'!$A$2:$A$6,$A4),"") -> 6500 | G4: =E4-F4 -> 0
A5: 2009 | B5: =IFERROR(AVERAGEIFS('Euro MayDay'!$B$2:$B$6,'Euro MayDay'!$A$2:$A$6,$A5,'Euro MayDay'!$D$2:$D$6,"prasa"),"") | C5: =IFERROR(AVERAGEIFS('Euro MayDay'!$B$2:$B$6,'Euro MayDay'!$A$2:$A$6,$A5,'Euro MayDay'!$D$2:$D$6,"organizatorzy"),"") -> 3500 | D5: =IFERROR(AVERAGEIFS('Euro MayDay'!$B$2:$B$6,'Euro MayDay'!$A$2:$A$6,$A5,'Euro MayDay'!$D$2:$D$6,"policja"),"") | E5: =IFERROR((0.5*IF(B5<>"",B5,0) + 0.25*IF(C5<>"",C5,0) + 0.25*IF(D5<>"",D5,0))/(0.5*IF(B5<>"",1,0) + 0.25*IF(C5<>"",1,0) + 0.25*IF(D5<>"",1,0)),"") -> 3500 | F5: =IFERROR(AVERAGEIFS('Euro MayDay'!$B$2:$B$6,'Euro MayDay'!$A$2:$A$6,$A5),"") -> 3500 | G5: =E5-F5 -> 0
E6: =IFERROR( (0.5*IF(B6<>"",B6,0) + 0.25*IF(C6<>"",C6,0) + 0.25*IF(D6<>"",D6,0)) / (0.5*IF(B6<>"",1,0) + 0.25*IF(C6<>"",1,0) + 0.25*IF(D6<>"",1,0)) ,"")
D14: =IFERROR(__xludf.DUMMYFUNCTION("join("", "",F2:F5)"),"4000, 7000, 6500, 3500") -> 4000, 7000, 6500, 3500

Sheet Dane_Revo13
A1: Rok | B1: Liczba uczestników | C1: Źródło | D1: Kategoria | E1: Dane R1M 18
A2: 1996 | B2: 3000 | C2: Gluckspilz | D2: prasa
A3: 1997 | B3: 2000 | C3: Gluckspilz | D3: prasa
A4: 1998 | B4: 1750 | C4: Gluckspilz | D4: prasa
A5: 1999 | B5: 1500 | C5: Gluckspilz | D5: prasa
A6: 2000 | B6: 1000 | C6: Gluckspilz | D6: prasa
A7: 2000 | B7: 800 | C7: Berliner Morgenpost | D7: prasa
A8: 2000 | B8: 2000 | C8: taz | D8: prasa
A9: 2001 | B9: 2000 | C9: stressfaktor | D9: prasa
A10: 2001 | B10: 2500 | C10: taz | D10: prasa
A11: 2002 | B11: 4000 | C11: Gluckspilz | D11: prasa
A12: 2003 | B12: 10000 | C12: Gluckspilz | D12: prasa
A13: 2003 | B13: 3500 | C13: Tsg, police | D13: policja
... A25: 2019 | B25: 200 | C25: JugendWiderstand | D25: organizatorzy

Sheet Średnie i wykres Revo13
A1: Rok | B1: Prasa | C1: Organizatorzy | D1: Policja | E1: Średnia ogólna | F1: średnia metoda alt | G1: Różnica %
A2: 1996 | B2: =IFERROR(AVERAGEIFS(Dane_Revo13!$B$2:$B$82,Dane_Revo13!$A$2:$A$82,$A2,Dane_Revo13!$D$2:$D$82,"prasa"),"") -> 3000 | C2: =IFERROR(AVERAGEIFS(Dane_Revo13!$B$2:$B$82,Dane_Revo13!$A$2:$A$82,$A2,Dane_Revo13!$D$2:$D$82,"organizatorzy"),"") | D2: =IFERROR(AVERAGEIFS(Dane_Revo13!$B$2:$B$82,Dane_Revo13!$A$2:$A$82,$A2,Dane_Revo13!$D$2:$D$82,"policja"),"") | E2: =IFERROR((0.5*IF(B2<>"",B2,0) + 0.25*IF(C2<>"",C2,0) + 0.25*IF(D2<>"",D2,0))/(0.5*IF(B2<>"",1,0) + 0.25*IF(C2<>"",1,0) + 0.25*IF(D2<>"",1,0)),"") -> 3000 | F2: =IFERROR(AVERAGEIFS(Dane_Revo13!$B$2:$B$82,Dane_Revo13!$A$2:$A$82,$A2),"") -> 3000 | G2: =E2-F2 -> 0
A3: 1997 | B3: =IFERROR(AVERAGEIFS(Dane_Revo13!$B$2:$B$82,Dane_Revo13!$A$2:$A$82,$A3,Dane_Revo13!$D$2:$D$82,"prasa"),"") -> 2000 | C3: =IFERROR(AVERAGEIFS(Dane_Revo13!$B$2:$B$82,Dane_Revo13!$A$2:$A$82,$A3,Dane_Revo13!$D$2:$D$82,"organizatorzy"),"") | D3: =IFERROR(AVERAGEIFS(Dane_Revo13!$B$2:$B$82,Dane_Revo13!$A$2:$A$82,$A3,Dane_Revo13!$D$2:$D$82,"policja"),"") | E3: =IFERROR((0.5*IF(B3<>"",B3,0) + 0.25*IF(C3<>"",C3,0) + 0.25*IF(D3<>"",D3,0))/(0.5*IF(B3<>"",1,0) + 0.25*IF(C3<>"",1,0) + 0.25*IF(D3<>"",1,0)),"") -> 2000 | F3: =IFERROR(AVERAGEIFS(Dane_Revo13!$B$2:$B$82,Dane_Revo13!$A$2:$A$82,$A3),"") -> 2000 | G3: =E3-F3 -> 0
A4: 1998 | B4: =IFERROR(AVERAGEIFS(Dane_Revo13!$B$2:$B$82,Dane_Revo13!$A$2:$A$82,$A4,Dane_Revo13!$D$2:$D$82,"prasa"),"") -> 1750 | C4: =IFERROR(AVERAGEIFS(Dane_Revo13!$B$2:$B$82,Dane_Revo13!$A$2:$A$82,$A4,Dane_Revo13!$D$2:$D$82,"organizatorzy"),"") | D4: =IFERROR(AVERAGEIFS(Dane_Revo13!$B$2:$B$82,Dane_Revo13!$A$2:$A$82,$A4,Dane_Revo13!$D$2:$D$82,"policja"),"") | E4: =IFERROR((0.5*IF(B4<>"",B4,0) + 0.25*IF(C4<>"",C4,0) + 0.25*IF(D4<>"",D4,0))/(0.5*IF(B4<>"",1,0) + 0.25*IF(C4<>"",1,0) + 0.25*IF(D4<>"",1,0)),"") -> 1750 | F4: =IFERROR(AVERAGEIFS(Dane_Revo13!$B$2:$B$82,Dane_Revo13!$A$2:$A$82,$A4),"") -> 1750 | G4: =E4-F4 -> 0
A5: 1999 | B5: =IFERROR(AVERAGEIFS(Dane_Revo13!$B$2:$B$82,Dane_Revo13!$A$2:$A$82,$A5,Dane_Revo13!$D$2:$D$82,"prasa"),"") -> 1500 | C5: =IFERROR(AVERAGEIFS(Dane_Revo13!$B$2:$B$82,Dane_Revo13!$A$2:$A$82,$A5,Dane_Revo13!$D$2:$D$82,"organizatorzy"),"") | D5: =IFERROR(AVERAGEIFS(Dane_Revo13!$B$2:$B$82,Dane_Revo13!$A$2:$A$82,$A5,Dane_Revo13!$D$2:$D$82,"policja"),"") | E5: =IFERROR((0.5*IF(B5<>"",B5,0) + 0.25*IF(C5<>"",C5,0) + 0.25*IF(D5<>"",D5,0))/(0.5*IF(B5<>"",1,0) + 0.25*IF(C5<>"",1,0) + 0.25*IF(D5<>"",1,0)),"") -> 1500 | F5: =IFERROR(AVERAGEIFS(Dane_Revo13!$B$2:$B$82,Dane_Revo13!$A$2:$A$82,$A5),"") -> 1500 | G5: =E5-F5 -> 0
A6: 2000 | B6: =IFERROR(AVERAGEIFS(Dane_Revo13!$B$2:$B$82,Dane_Revo13!$A$2:$A$82,$A6,Dane_Revo13!$D$2:$D$82,"prasa"),"") -> 1266.6667 | C6: =IFERROR(AVERAGEIFS(Dane_Revo13!$B$2:$B$82,Dane_Revo13!$A$2:$A$82,$A6,Dane_Revo13!$D$2:$D$82,"organizatorzy"),"") | D6: =IFERROR(AVERAGEIFS(Dane_Revo13!$B$2:$B$82,Dane_Revo13!$A$2:$A$82,$A6,Dane_Revo13!$D$2:$D$82,"policja"),"") | E6: =IFERROR((0.5*IF(B6<>"",B6,0) + 0.25*IF(C6<>"",C6,0) + 0.25*IF(D6<>"",D6,0))/(0.5*IF(B6<>"",1,0) + 0.25*IF(C6<>"",1,0) + 0.25*IF(D6<>"",1,0)),"") -> 1266.6667 | F6: =IFERROR(AVERAGEIFS(Dane_Revo13!$B$2:$B$82,Dane_Revo13!$A$2:$A$82,$A6),"") -> 1266.6667 | G6: =E6-F6 -> 0
A7: 2001 | B7: =IFERROR(AVERAGEIFS(Dane_Revo13!$B$2:$B$82,Dane_Revo13!$A$2:$A$82,$A7,Dane_Revo13!$D$2:$D$82,"prasa"),"") -> 2250 | C7: =IFERROR(AVERAGEIFS(Dane_Revo13!$B$2:$B$82,Dane_Revo13!$A$2:$A$82,$A7,Dane_Revo13!$D$2:$D$82,"organizatorzy"),"") | D7: =IFERROR(AVERAGEIFS(Dane_Revo13!$B$2:$B$82,Dane_Revo13!$A$2:$A$82,$A7,Dane_Revo13!$D$2:$D$82,"policja"),"") | E7: =IFERROR((0.5*IF(B7<>"",B7,0) + 0.25*IF(C7<>"",C7,0) + 0.25*IF(D7<>"",D7,0))/(0.5*IF(B7<>"",1,0) + 0.25*IF(C7<>"",1,0) + 0.25*IF(D7<>"",1,0)),"") -> 2250 | F7: =IFERROR(AVERAGEIFS(Dane_Revo13!$B$2:$B$82,Dane_Revo13!$A$2:$A$82,$A7),"") -> 2250 | G7: =E7-F7 -> 0
A8: 2002 | B8: =IFERROR(AVERAGEIFS(Dane_Revo13!$B$2:$B$82,Dane_Revo13!$A$2:$A$82,$A8,Dane_Revo13!$D$2:$D$82,"prasa"),"") -> 4000 | C8: =IFERROR(AVERAGEIFS(Dane_Revo13!$B$2:$B$82,Dane_Revo13!$A$2:$A$82,$A8,Dane_Revo13!$D$2:$D$82,"organizatorzy"),"") | D8: =IFERROR(AVERAGEIFS(Dane_Revo13!$B$2:$B$82,Dane_Revo13!$A$2:$A$82,$A8,Dane_Revo13!$D$2:$D$82,"policja"),"") | E8: =IFERROR((0.5*IF(B8<>"",B8,0) + 0.25*IF(C8<>"",C8,0) + 0.25*IF(D8<>"",D8,0))/(0.5*IF(B8<>"",1,0) + 0.25*IF(C8<>"",1,0) + 0.25*IF(D8<>"",1,0)),"") -> 4000 | F8: =IFERROR(AVERAGEIFS(Dane_Revo13!$B$2:$B$82,Dane_Revo13!$A$2:$A$82,$A8),"") -> 4000 | G8: =E8-F8 -> 0
A9: 2003 | B9: =IFERROR(AVERAGEIFS(Dane_Revo13!$B$2:$B$82,Dane_Revo13!$A$2:$A$82,$A9,Dane_Revo13!$D$2:$D$82,"prasa"),"") -> 10000 | C9: =IFERROR(AVERAGEIFS(Dane_Revo13!$B$2:$B$82,Dane_Revo13!$A$2:$A$82,$A9,Dane_Revo13!$D$2:$D$82,"organizatorzy"),"") | D9: =IFERROR(AVERAGEIFS(Dane_Revo13!$B$2:$B$82,Dane_Revo13!$A$2:$A$82,$A9,Dane_Revo13!$D$2:$D$82,"policja"),"") -> 3500 | E9: =IFERROR((0.5*IF(B9<>"",B9,0) + 0.25*IF(C9<>"",C9,0) + 0.25*IF(D9<>"",D9,0))/(0.5*IF(B9<>"",1,0) + 0.25*IF(C9<>"",1,0) + 0.25*IF(D9<>"",1,0)),"") -> 7833.3333 | F9: =IFERROR(AVERAGEIFS(Dane_Revo13!$B$2:$B$82,Dane_Revo13!$A$2:$A$82,$A9),"") -> 6750 | G9: =E9-F9 -> 1083.3333
A10: 2004 | B10: =IFERROR(AVERAGEIFS(Dane_Revo13!$B$2:$B$82,Dane_Revo13!$A$2:$A$82,$A10,Dane_Revo13!$D$2:$D$82,"prasa"),"") -> 5000 | C10: =IFERROR(AVERAGEIFS(Dane_Revo13!$B$2:$B$82,Dane_Revo13!$A$2:$A$82,$A10,Dane_Revo13!$D$2:$D$82,"organizatorzy"),"") | D10: =IFERROR(AVERAGEIFS(Dane_Revo13!$B$2:$B$82,Dane_Revo13!$A$2:$A$82,$A10,Dane_Revo13!$D$2:$D$82,"policja"),"") | E10: =IFERROR((0.5*IF(B10<>"",B10,0) + 0.25*IF(C10<>"",C10,0) + 0.25*IF(D10<>"",D10,0))/(0.5*IF(B10<>"",1,0) + 0.25*IF(C10<>"",1,0) + 0.25*IF(D10<>"",1,0)),"") -> 5000 | F10: =IFERROR(AVERAGEIFS(Dane_Revo13!$B$2:$B$82,Dane_Revo13!$A$2:$A$82,$A10),"") -> 5000 | G10: =E10-F10 -> 0
A11: 2005 | B11: =IFERROR(AVERAGEIFS(Dane_Revo13!$B$2:$B$82,Dane_Revo13!$A$2:$A$82,$A11,Dane_Revo13!$D$2:$D$82,"prasa"),"") -> 500 | C11: =IFERROR(AVERAGEIFS(Dane_Revo13!$B$2:$B$82,Dane_Revo13!$A$2:$A$82,$A11,Dane_Revo13!$D$2:$D$82,"organizatorzy"),"") | D11: =IFERROR(AVERAGEIFS(Dane_Revo13!$B$2:$B$82,Dane_Revo13!$A$2:$A$82,$A11,Dane_Revo13!$D$2:$D$82,"policja"),"") | E11: =IFERROR((0.5*IF(B11<>"",B11,0) + 0.25*IF(C11<>"",C11,0) + 0.25*IF(D11<>"",D11,0))/(0.5*IF(B11<>"",1,0) + 0.25*IF(C11<>"",1,0) + 0.25*IF(D11<>"",1,0)),"") -> 500 | F11: =IFERROR(AVERAGEIFS(Dane_Revo13!$B$2:$B$82,Dane_Revo13!$A$2:$A$82,$A11),"") -> 500 | G11: =E11-F11 -> 0
A12: 2006 | B12: =IFERROR(AVERAGEIFS(Dane_Revo13!$B$2:$B$82,Dane_Revo13!$A$2:$A$82,$A12,Dane_Revo13!$D$2:$D$82,"prasa"),"") -> 50 | C12: =IFERROR(AVERAGEIFS(Dane_Revo13!$B$2:$B$82,Dane_Revo13!$A$2:$A$82,$A12,Dane_Revo13!$D$2:$D$82,"organizatorzy"),"") | D12: =IFERROR(AVERAGEIFS(Dane_Revo13!$B$2:$B$82,Dane_Revo13!$A$2:$A$82,$A12,Dane_Revo13!$D$2:$D$82,"policja"),"") | E12: =IFERROR((0.5*IF(B12<>"",B12,0) + 0.25*IF(C12<>"",C12,0) + 0.25*IF(D12<>"",D12,0))/(0.5*IF(B12<>"",1,0) + 0.25*IF(C12<>"",1,0) + 0.25*IF(D12<>"",1,0)),"") -> 50 | F12: =IFERROR(AVERAGEIFS(Dane_Revo13!$B$2:$B$82,Dane_Revo13!$A$2:$A$82,$A12),"") -> 50 | G12: =E12-F12 -> 0
A13: 2007 | B13: =IFERROR(AVERAGEIFS(Dane_Revo13!$B$2:$B$82,Dane_Revo13!$A$2:$A$82,$A13,Dane_Revo13!$D$2:$D$82,"prasa"),"") -> 900 | C13: =IFERROR(AVERAGEIFS(Dane_Revo13!$B$2:$B$82,Dane_Revo13!$A$2:$A$82,$A13,Dane_Revo13!$D$2:$D$82,"organizatorzy"),"") | D13: =IFERROR(AVERAGEIFS(Dane_Revo13!$B$2:$B$82,Dane_Revo13!$A$2:$A$82,$A13,Dane_Revo13!$D$2:$D$82,"policja"),"") | E13: =IFERROR((0.5*IF(B13<>"",B13,0) + 0.25*IF(C13<>"",C13,0) + 0.25*IF(D13<>"",D13,0))/(0.5*IF(B13<>"",1,0) + 0.25*IF(C13<>"",1,0) + 0.25*IF(D13<>"",1,0)),"") -> 900 | F13: =IFERROR(AVERAGEIFS(Dane_Revo13!$B$2:$B$82,Dane_Revo13!$A$2:$A$82,$A13),"") -> 900 | G13: =E13-F13 -> 0
... A25: 2019 | B25: =IFERROR(AVERAGEIFS(Dane_Revo13!$B$2:$B$82,Dane_Revo13!$A$2:$A$82,$A25,Dane_Revo13!$D$2:$D$82,"prasa"),"") | C25: =IFERROR(AVERAGEIFS(Dane_Revo13!$B$2:$B$82,Dane_Revo13!$A$2:$A$82,$A25,Dane_Revo13!$D$2:$D$82,"organizatorzy"),"") -> 200 | D25: =IFERROR(AVERAGEIFS(Dane_Revo13!$B$2:$B$82,Dane_Revo13!$A$2:$A$82,$A25,Dane_Revo13!$D$2:$D$82,"policja"),"") | E25: =IFERROR((0.5*IF(B25<>"",B25,0) + 0.25*IF(C25<>"",C25,0) + 0.25*IF(D25<>"",D25,0))/(0.5*IF(B25<>"",1,0) + 0.25*IF(C25<>"",1,0) + 0.25*IF(D25<>"",1,0)),"") -> 200 | F25: =IFERROR(AVERAGEIFS(Dane_Revo13!$B$2:$B$82,Dane_Revo13!$A$2:$A$82,$A25),"") -> 200 | G25: =E25-F25 -> 0

Sheet Dane_MyGruni
A1: Rok | B1: Liczba uczestników | C1: Źródło | D1: Kategoria | E1: Dane R1M 18
A2: 2018 | B2: 1500 | C2: taz ticker | D2: prasa
A3: 2018 | B3: 5000 | C3: PM MyGruni | D3: organizatorzy
A4: 2019 | B4: 2500 | C4: Weit mehr als 2000 Menschen, BK 2.05.2019 | D4: prasa
A5: 2019 | B5: 4500 | C5: taz(4.05.2019) | D5: prasa
A6: 2019 | B6: 7500 | C6: (organisers via Berliner Zeitung 1.05.2019) | D6: organizatorzy
A7: 2019 | B7: 3000 | C7: 3000 (Berliner Zeitung, 2.05.2019) | D7: prasa

Sheet Średnie i wykres MyGruni
A1: Rok | B1: Prasa | C1: Organizatorzy | D1: Policja | E1: Średnia ogólna | F1: średnia metoda alt | G1: Różnica %
A2: 1996 | B2: =IFERROR(AVERAGEIFS(Dane_MyGruni!$B$2:$B$64,Dane_MyGruni!$A$2:$A$64,$A2,Dane_MyGruni!$D$2:$D$64,"prasa"),"") | C2: =IFERROR(AVERAGEIFS(Dane_MyGruni!$B$2:$B$64,Dane_MyGruni!$A$2:$A$64,$A2,Dane_MyGruni!$D$2:$D$64,"organizatorzy"),"") | D2: =IFERROR(AVERAGEIFS(Dane_MyGruni!$B$2:$B$64,Dane_MyGruni!$A$2:$A$64,$A2,Dane_MyGruni!$D$2:$D$64,"policja"),"") | E2: =IFERROR((0.5*IF(B2<>"",B2,0) + 0.25*IF(C2<>"",C2,0) + 0.25*IF(D2<>"",D2,0))/(0.5*IF(B2<>"",1,0) + 0.25*IF(C2<>"",1,0) + 0.25*IF(D2<>"",1,0)),"") | F2: =IFERROR(AVERAGEIFS(Dane_MyGruni!$B$2:$B$64,Dane_MyGruni!$A$2:$A$64,$A2),"") | G2: =E2-F2 -> 0
A3: 1997 | B3: =IFERROR(AVERAGEIFS(Dane_MyGruni!$B$2:$B$64,Dane_MyGruni!$A$2:$A$64,$A3,Dane_MyGruni!$D$2:$D$64,"prasa"),"") | C3: =IFERROR(AVERAGEIFS(Dane_MyGruni!$B$2:$B$64,Dane_MyGruni!$A$2:$A$64,$A3,Dane_MyGruni!$D$2:$D$64,"organizatorzy"),"") | D3: =IFERROR(AVERAGEIFS(Dane_MyGruni!$B$2:$B$64,Dane_MyGruni!$A$2:$A$64,$A3,Dane_MyGruni!$D$2:$D$64,"policja"),"") | E3: =IFERROR((0.5*IF(B3<>"",B3,0) + 0.25*IF(C3<>"",C3,0) + 0.25*IF(D3<>"",D3,0))/(0.5*IF(B3<>"",1,0) + 0.25*IF(C3<>"",1,0) + 0.25*IF(D3<>"",1,0)),"") | F3: =IFERROR(AVERAGEIFS(Dane_MyGruni!$B$2:$B$64,Dane_MyGruni!$A$2:$A$64,$A3),"") | G3: =E3-F3 -> 0
A4: 1998 | B4: =IFERROR(AVERAGEIFS(Dane_MyGruni!$B$2:$B$64,Dane_MyGruni!$A$2:$A$64,$A4,Dane_MyGruni!$D$2:$D$64,"prasa"),"") | C4: =IFERROR(AVERAGEIFS(Dane_MyGruni!$B$2:$B$64,Dane_MyGruni!$A$2:$A$64,$A4,Dane_MyGruni!$D$2:$D$64,"organizatorzy"),"") | D4: =IFERROR(AVERAGEIFS(Dane_MyGruni!$B$2:$B$64,Dane_MyGruni!$A$2:$A$64,$A4,Dane_MyGruni!$D$2:$D$64,"policja"),"") | E4: =IFERROR((0.5*IF(B4<>"",B4,0) + 0.25*IF(C4<>"",C4,0) + 0.25*IF(D4<>"",D4,0))/(0.5*IF(B4<>"",1,0) + 0.25*IF(C4<>"",1,0) + 0.25*IF(D4<>"",1,0)),"") | F4: =IFERROR(AVERAGEIFS(Dane_MyGruni!$B$2:$B$64,Dane_MyGruni!$A$2:$A$64,$A4),"") | G4: =E4-F4 -> 0
A5: 1999 | B5: =IFERROR(AVERAGEIFS(Dane_MyGruni!$B$2:$B$64,Dane_MyGruni!$A$2:$A$64,$A5,Dane_MyGruni!$D$2:$D$64,"prasa"),"") | C5: =IFERROR(AVERAGEIFS(Dane_MyGruni!$B$2:$B$64,Dane_MyGruni!$A$2:$A$64,$A5,Dane_MyGruni!$D$2:$D$64,"organizatorzy"),"") | D5: =IFERROR(AVERAGEIFS(Dane_MyGruni!$B$2:$B$64,Dane_MyGruni!$A$2:$A$64,$A5,Dane_MyGruni!$D$2:$D$64,"policja"),"") | E5: =IFERROR((0.5*IF(B5<>"",B5,0) + 0.25*IF(C5<>"",C5,0) + 0.25*IF(D5<>"",D5,0))/(0.5*IF(B5<>"",1,0) + 0.25*IF(C5<>"",1,0) + 0.25*IF(D5<>"",1,0)),"") | F5: =IFERROR(AVERAGEIFS(Dane_MyGruni!$B$2:$B$64,Dane_MyGruni!$A$2:$A$64,$A5),"") | G5: =E5-F5 -> 0
A6: 2000 | B6: =IFERROR(AVERAGEIFS(Dane_MyGruni!$B$2:$B$64,Dane_MyGruni!$A$2:$A$64,$A6,Dane_MyGruni!$D$2:$D$64,"prasa"),"") | C6: =IFERROR(AVERAGEIFS(Dane_MyGruni!$B$2:$B$64,Dane_MyGruni!$A$2:$A$64,$A6,Dane_MyGruni!$D$2:$D$64,"organizatorzy"),"") | D6: =IFERROR(AVERAGEIFS(Dane_MyGruni!$B$2:$B$64,Dane_MyGruni!$A$2:$A$64,$A6,Dane_MyGruni!$D$2:$D$64,"policja"),"") | E6: =IFERROR((0.5*IF(B6<>"",B6,0) + 0.25*IF(C6<>"",C6,0) + 0.25*IF(D6<>"",D6,0))/(0.5*IF(B6<>"",1,0) + 0.25*IF(C6<>"",1,0) + 0.25*IF(D6<>"",1,0)),"") | F6: =IFERROR(AVERAGEIFS(Dane_MyGruni!$B$2:$B$64,Dane_MyGruni!$A$2:$A$64,$A6),"") | G6: =E6-F6 -> 0
A7: 2001 | B7: =IFERROR(AVERAGEIFS(Dane_MyGruni!$B$2:$B$64,Dane_MyGruni!$A$2:$A$64,$A7,Dane_MyGruni!$D$2:$D$64,"prasa"),"") | C7: =IFERROR(AVERAGEIFS(Dane_MyGruni!$B$2:$B$64,Dane_MyGruni!$A$2:$A$64,$A7,Dane_MyGruni!$D$2:$D$64,"organizatorzy"),"") | D7: =IFERROR(AVERAGEIFS(Dane_MyGruni!$B$2:$B$64,Dane_MyGruni!$A$2:$A$64,$A7,Dane_MyGruni!$D$2:$D$64,"policja"),"") | E7: =IFERROR((0.5*IF(B7<>"",B7,0) + 0.25*IF(C7<>"",C7,0) + 0.25*IF(D7<>"",D7,0))/(0.5*IF(B7<>"",1,0) + 0.25*IF(C7<>"",1,0) + 0.25*IF(D7<>"",1,0)),"") | F7: =IFERROR(AVERAGEIFS(Dane_MyGruni!$B$2:$B$64,Dane_MyGruni!$A$2:$A$64,$A7),"") | G7: =E7-F7 -> 0
A8: 2002 | B8: =IFERROR(AVERAGEIFS(Dane_MyGruni!$B$2:$B$64,Dane_MyGruni!$A$2:$A$64,$A8,Dane_MyGruni!$D$2:$D$64,"prasa"),"") | C8: =IFERROR(AVERAGEIFS(Dane_MyGruni!$B$2:$B$64,Dane_MyGruni!$A$2:$A$64,$A8,Dane_MyGruni!$D$2:$D$64,"organizatorzy"),"") | D8: =IFERROR(AVERAGEIFS(Dane_MyGruni!$B$2:$B$64,Dane_MyGruni!$A$2:$A$64,$A8,Dane_MyGruni!$D$2:$D$64,"policja"),"") | E8: =IFERROR((0.5*IF(B8<>"",B8,0) + 0.25*IF(C8<>"",C8,0) + 0.25*IF(D8<>"",D8,0))/(0.5*IF(B8<>"",1,0) + 0.25*IF(C8<>"",1,0) + 0.25*IF(D8<>"",1,0)),"") | F8: =IFERROR(AVERAGEIFS(Dane_MyGruni!$B$2:$B$64,Dane_MyGruni!$A$2:$A$64,$A8),"") | G8: =E8-F8 -> 0
A9: 2003 | B9: =IFERROR(AVERAGEIFS(Dane_MyGruni!$B$2:$B$64,Dane_MyGruni!$A$2:$A$64,$A9,Dane_MyGruni!$D$2:$D$64,"prasa"),"") | C9: =IFERROR(AVERAGEIFS(Dane_MyGruni!$B$2:$B$64,Dane_MyGruni!$A$2:$A$64,$A9,Dane_MyGruni!$D$2:$D$64,"organizatorzy"),"") | D9: =IFERROR(AVERAGEIFS(Dane_MyGruni!$B$2:$B$64,Dane_MyGruni!$A$2:$A$64,$A9,Dane_MyGruni!$D$2:$D$64,"policja"),"") | E9: =IFERROR((0.5*IF(B9<>"",B9,0) + 0.25*IF(C9<>"",C9,0) + 0.25*IF(D9<>"",D9,0))/(0.5*IF(B9<>"",1,0) + 0.25*IF(C9<>"",1,0) + 0.25*IF(D9<>"",1,0)),"") | F9: =IFERROR(AVERAGEIFS(Dane_MyGruni!$B$2:$B$64,Dane_MyGruni!$A$2:$A$64,$A9),"") | G9: =E9-F9 -> 0
A10: 2004 | B10: =IFERROR(AVERAGEIFS(Dane_MyGruni!$B$2:$B$64,Dane_MyGruni!$A$2:$A$64,$A10,Dane_MyGruni!$D$2:$D$64,"prasa"),"") | C10: =IFERROR(AVERAGEIFS(Dane_MyGruni!$B$2:$B$64,Dane_MyGruni!$A$2:$A$64,$A10,Dane_MyGruni!$D$2:$D$64,"organizatorzy"),"") | D10: =IFERROR(AVERAGEIFS(Dane_MyGruni!$B$2:$B$64,Dane_MyGruni!$A$2:$A$64,$A10,Dane_MyGruni!$D$2:$D$64,"policja"),"") | E10: =IFERROR((0.5*IF(B10<>"",B10,0) + 0.25*IF(C10<>"",C10,0) + 0.25*IF(D10<>"",D10,0))/(0.5*IF(B10<>"",1,0) + 0.25*IF(C10<>"",1,0) + 0.25*IF(D10<>"",1,0)),"") | F10: =IFERROR(AVERAGEIFS(Dane_MyGruni!$B$2:$B$64,Dane_MyGruni!$A$2:$A$64,$A10),"") | G10: =E10-F10 -> 0
A11: 2005 | B11: =IFERROR(AVERAGEIFS(Dane_MyGruni!$B$2:$B$64,Dane_MyGruni!$A$2:$A$64,$A11,Dane_MyGruni!$D$2:$D$64,"prasa"),"") | C11: =IFERROR(AVERAGEIFS(Dane_MyGruni!$B$2:$B$64,Dane_MyGruni!$A$2:$A$64,$A11,Dane_MyGruni!$D$2:$D$64,"organizatorzy"),"") | D11: =IFERROR(AVERAGEIFS(Dane_MyGruni!$B$2:$B$64,Dane_MyGruni!$A$2:$A$64,$A11,Dane_MyGruni!$D$2:$D$64,"policja"),"") | E11: =IFERROR((0.5*IF(B11<>"",B11,0) + 0.25*IF(C11<>"",C11,0) + 0.25*IF(D11<>"",D11,0))/(0.5*IF(B11<>"",1,0) + 0.25*IF(C11<>"",1,0) + 0.25*IF(D11<>"",1,0)),"") | F11: =IFERROR(AVERAGEIFS(Dane_MyGruni!$B$2:$B$64,Dane_MyGruni!$A$2:$A$64,$A11),"") | G11: =E11-F11 -> 0
A12: 2006 | B12: =IFERROR(AVERAGEIFS(Dane_MyGruni!$B$2:$B$64,Dane_MyGruni!$A$2:$A$64,$A12,Dane_MyGruni!$D$2:$D$64,"prasa"),"") | C12: =IFERROR(AVERAGEIFS(Dane_MyGruni!$B$2:$B$64,Dane_MyGruni!$A$2:$A$64,$A12,Dane_MyGruni!$D$2:$D$64,"organizatorzy"),"") | D12: =IFERROR(AVERAGEIFS(Dane_MyGruni!$B$2:$B$64,Dane_MyGruni!$A$2:$A$64,$A12,Dane_MyGruni!$D$2:$D$64,"policja"),"") | E12: =IFERROR((0.5*IF(B12<>"",B12,0) + 0.25*IF(C12<>"",C12,0) + 0.25*IF(D12<>"",D12,0))/(0.5*IF(B12<>"",1,0) + 0.25*IF(C12<>"",1,0) + 0.25*IF(D12<>"",1,0)),"") | F12: =IFERROR(AVERAGEIFS(Dane_MyGruni!$B$2:$B$64,Dane_MyGruni!$A$2:$A$64,$A12),"") | G12: =E12-F12 -> 0
A13: 2007 | B13: =IFERROR(AVERAGEIFS(Dane_MyGruni!$B$2:$B$64,Dane_MyGruni!$A$2:$A$64,$A13,Dane_MyGruni!$D$2:$D$64,"prasa"),"") | C13: =IFERROR(AVERAGEIFS(Dane_MyGruni!$B$2:$B$64,Dane_MyGruni!$A$2:$A$64,$A13,Dane_MyGruni!$D$2:$D$64,"organizatorzy"),"") | D13: =IFERROR(AVERAGEIFS(Dane_MyGruni!$B$2:$B$64,Dane_MyGruni!$A$2:$A$64,$A13,Dane_MyGruni!$D$2:$D$64,"policja"),"") | E13: =IFERROR((0.5*IF(B13<>"",B13,0) + 0.25*IF(C13<>"",C13,0) + 0.25*IF(D13<>"",D13,0))/(0.5*IF(B13<>"",1,0) + 0.25*IF(C13<>"",1,0) + 0.25*IF(D13<>"",1,0)),"") | F13: =IFERROR(AVERAGEIFS(Dane_MyGruni!$B$2:$B$64,Dane_MyGruni!$A$2:$A$64,$A13),"") | G13: =E13-F13 -> 0
... A25: 2019 | B25: =IFERROR(AVERAGEIFS(Dane_MyGruni!$B$2:$B$64,Dane_MyGruni!$A$2:$A$64,$A25,Dane_MyGruni!$D$2:$D$64,"prasa"),"") -> 3333.3333 | C25: =IFERROR(AVERAGEIFS(Dane_MyGruni!$B$2:$B$64,Dane_MyGruni!$A$2:$A$64,$A25,Dane_MyGruni!$D$2:$D$64,"organizatorzy"),"") -> 7500 | D25: =IFERROR(AVERAGEIFS(Dane_MyGruni!$B$2:$B$64,Dane_MyGruni!$A$2:$A$64,$A25,Dane_MyGruni!$D$2:$D$64,"policja"),"") | E25: =IFERROR((0.5*IF(B25<>"",B25,0) + 0.25*IF(C25<>"",C25,0) + 0.25*IF(D25<>"",D25,0))/(0.5*IF(B25<>"",1,0) + 0.25*IF(C25<>"",1,0) + 0.25*IF(D25<>"",1,0)),"") -> 4722.2222 | F25: =IFERROR(AVERAGEIFS(Dane_MyGruni!$B$2:$B$64,Dane_MyGruni!$A$2:$A$64,$A25),"") -> 4375 | G25: =E25-F25 -> 347.22222

Sheet Berlin election calendar
A1: Data | B1: Rok | C1: Rodzaj | D1: Dzień roku | E1: May 1st day of the year
A2: 32999 | B2: 1990 | C2: Komunalne (Wschód) | D2: =A2-DATE(YEAR(A2),1,0) -> 126 | E2: =DATE(YEAR(B2),5,1)-DATE(YEAR(B2),1,0) -> 121 | F2: =D2-E2 -> 5
A3: 33209 | B3: 1990 | C3: Abgeordnetenhaus + BVV | D3: =A3-DATE(YEAR(A3),1,0) -> 336 | E3: =DATE(YEAR(B3),5,1)-DATE(YEAR(B3),1,0) -> 121 | F3: =D3-E3 -> 215
A4: 33209 | B4: 1990 | C4: Bundestag | D4: =A4-DATE(YEAR(A4),1,0) -> 336 | E4: =DATE(YEAR(B4),5,1)-DATE(YEAR(B4),1,0) -> 121 | F4: =D4-E4 -> 215
A5: 33748 | B5: 1992 | C5: BVV (komunalne) | D5: =A5-DATE(YEAR(A5),1,0) -> 145 | E5: 122 | F5: =D5-E5 -> 23
A6: 34497 | B6: 1994 | C6: Europejskie | D6: =A6-DATE(YEAR(A6),1,0) -> 163 | E6: =DATE(YEAR(B6),5,1)-DATE(YEAR(B6),1,0) -> 121 | F6: =D6-E6 -> 42
A7: 34623 | B7: 1994 | C7: Bundestag | D7: =A7-DATE(YEAR(A7),1,0) -> 289 | E7: =DATE(YEAR(B7),5,1)-DATE(YEAR(B7),1,0) -> 121 | F7: =D7-E7 -> 168
A8: 34994 | B8: 1995 | C8: Abgeordnetenhaus + BVV | D8: =A8-DATE(YEAR(A8),1,0) -> 295 | E8: =DATE(YEAR(B8),5,1)-DATE(YEAR(B8),1,0) -> 121 | F8: =D8-E8 -> 174
A9: 36065 | B9: 1998 | C9: Bundestag | D9: =A9-DATE(YEAR(A9),1,0) -> 270 | E9: =DATE(YEAR(B9),5,1)-DATE(YEAR(B9),1,0) -> 121 | F9: =D9-E9 -> 149
A10: 36324 | B10: 1999 | C10: Europejskie | D10: =A10-DATE(YEAR(A10),1,0) -> 164 | E10: =DATE(YEAR(B10),5,1)-DATE(YEAR(B10),1,0) -> 121 | F10: =D10-E10 -> 43
A11: 36443 | B11: 1999 | C11: Abgeordnetenhaus + BVV | D11: =A11-DATE(YEAR(A11),1,0) -> 283 | E11: =DATE(YEAR(B11),5,1)-DATE(YEAR(B11),1,0) -> 121 | F11: =D11-E11 -> 162
A12: 37185 | B12: 2001 | C12: Abgeordnetenhaus + BVV | D12: =A12-DATE(YEAR(A12),1,0) -> 294 | E12: =DATE(YEAR(B12),5,1)-DATE(YEAR(B12),1,0) -> 121 | F12: =D12-E12 -> 173
A13: 37521 | B13: 2002 | C13: Bundestag | D13: =A13-DATE(YEAR(A13),1,0) -> 265 | E13: =DATE(YEAR(B13),5,1)-DATE(YEAR(B13),1,0) -> 121 | F13: =D13-E13 -> 144
A14: 38151 | B14: 2004 | C14: Europejskie | D14: =A14-DATE(YEAR(A14),1,0) -> 165 | E14: 122 | F14: =D14-E14 -> 43
A15: 38613 | B15: 2005 | C15: Bundestag | D15: =A15-DATE(YEAR(A15),1,0) -> 261 | E15: =DATE(YEAR(B15),5,1)-DATE(YEAR(B15),1,0) -> 121 | F15: =D15-E15 -> 140
A16: 38977 | B16: 2006 | C16: Abgeordnetenhaus + BVV | D16: =A16-DATE(YEAR(A16),1,0) -> 260 | E16: =DATE(YEAR(B16),5,1)-DATE(YEAR(B16),1,0) -> 121 | F16: =D16-E16 -> 139
A17: 39971 | B17: 2009 | C17: Europejskie | D17: =A17-DATE(YEAR(A17),1,0) -> 158 | E17: =DATE(YEAR(B17),5,1)-DATE(YEAR(B17),1,0) -> 121 | F17: =D17-E17 -> 37
A18: 40083 | B18: 2009 | C18: Bundestag | D18: =A18-DATE(YEAR(A18),1,0) -> 270 | E18: =DATE(YEAR(B18),5,1)-DATE(YEAR(B18),1,0) -> 121 | F18: =D18-E18 -> 149
A19: 40804 | B19: 2011 | C19: Abgeordnetenhaus + BVV | D19: =A19-DATE(YEAR(A19),1,0) -> 261 | E19: =DATE(YEAR(B19),5,1)-DATE(YEAR(B19),1,0) -> 121 | F19: =D19-E19 -> 140
A20: 41539 | B20: 2013 | C20: Bundestag | D20: =A20-DATE(YEAR(A20),1,0) -> 265 | E20: =DATE(YEAR(B20),5,1)-DATE(YEAR(B20),1,0) -> 121 | F20: =D20-E20 -> 144
A21: 41784 | B21: 2014 | C21: Europejskie | D21: =A21-DATE(YEAR(A21),1,0) -> 145 | E21: =DATE(YEAR(B21),5,1)-DATE(YEAR(B21),1,0) -> 121 | F21: =D21-E21 -> 24
A22: 42631 | B22: 2016 | C22: Abgeordnetenhaus + BVV | D22: =A22-DATE(YEAR(A22),1,0) -> 262 | E22: 122 | F22: =D22-E22 -> 140
A23: 43002 | B23: 2017 | C23: Bundestag | D23: =A23-DATE(YEAR(A23),1,0) -> 267 | E23: =DATE(YEAR(B23),5,1)-DATE(YEAR(B23),1,0) -> 121 | F23: =D23-E23 -> 146
A24: 43611 | B24: 2019 | C24: Europejskie | D24: =A24-DATE(YEAR(A24),1,0) -> 146 | E24: =DATE(YEAR(B24),5,1)-DATE(YEAR(B24),1,0) -> 121 | F24: =D24-E24 -> 25

Sheet 1950-2019 Berlin data
D1: Dane własne | E1: Dane Rucht | F1: Dane alternatywne??
A2: 1950 | E2: 550000
A3: 1951 | E3: 550000
A4: 1952 | E4: 400000
A5: 1953 | E5: 600000
A6: 1954 | E6: 250000
A7: 1955 | E7: 100000
A8: 1956 | E8: 100000
A9: 1957 | E9: 60000
A10: 1958 | E10: 45000
A11: 1959 | E11: 550000
A12: 1960 | E12: 750000
A13: 1961 | E13: 700000
... A21: 1969 | E21: 20000
A22: 1970 | F22: 15000 | G22: Thamm 1990
A23: 1971 | E23: -
A24: 1972 | E24: -
A25: 1973 | E25: -
A26: 1974 | E26: 30000
A27: 1975 | E27: 20000
A28: 1976 | D28: -
A29: 1977 | D29: - | E29: 12500
A30: 1978 | C30: 500000 | E30: 22500 | F30: 20000 | G30: Thamm 1990
A31: 1979 | C31: 545000 | E31: 27500
A32: 1980 | C32: 590000 | E32: 17500 | F32: 20000 | G32: Thamm 1990
A33: 1981 | C33: 590000 | D33: 20000 | E33: 20000
A34: 1982 | E34: 35000
A35: 1983 | E35: 12500
A36: 1984 | E36: 15000
A37: 1985 | E37: 9000
A38: 1986 | C38: 950000 | E38: 40000 | F38: 30000 | G38: Thamm 1990
A39: 1987 | C39: 670000 | E39: 30000 | F39: 50000 | G39: Thamm 1990
A40: 1988 | C40: 606015 | E40: 50000 | F40: 50000 | G40: Thamm 1990
A41: 1989 | C41: 612460 | E41: 50000
A42: 1990 | C42: 756154 | D42: 56666.667
A43: 1991 | C43: =476090+41830 -> 517920 | D43: 10000
A44: 1992 | D44: 25600
A45: 1993 | D45: 28333.333
A46: 1994 | D46: 6000
A47: 1995 | D47: 7400
A48: 1996 | B48: Höchste Zeit für Neue Zeiten | C48: 586320 | D48: 16666.667
A49: 1997 | B49: Es geht ums Ganze: Sozialstaat sichern, Arbeit schaffen, soziale Gerechtigkeitverwirklichen | C49: 530000 | D49: 10625
A50: 1998 | B50: Deine Stimme für Arbeit und soziale Gerechtigkeit | C50: 500000 | D50: 13875
A51: 1999 | B51: Neues handeln. Für unser Land | D51: 11250
A52: 2000 | B52: Jetzt aufbrechen: Für mehr Beschäftigung | C52: 500000 | D52: 11400
A53: 2001 | B53: Zukunft braucht alle Köpfe. Mitbestimmung gewinnt | C53: 500000 | D53: 16200
A54: 2002 | B54: Globalisierung gerecht gestalten | C54: 500000 | D54: 14666.667
A55: 2003 | B55: Reformen Ja! Sozialabbau Nein Danke! | C55: 1000000 | D55: 13500
A56: 2004 | B56: Unser Europa – frei, gleich, gerecht | C56: 510000 | D56: 20666.667
A57: 2005 | B57: Du bist mehr. Mehr als ein Nummer. Mehr als ein Kostenfaktor. Du hast Würde. Zeig sie! | C57: 530000 | D57: 10500
A58: 2006 | B58: Deine Würde ist unser Maß | C58: 500000 | D58: 17000
A59: 2007 | B59: Du hast mehr verdient – Mehr Respekt. Soziale Gerechtigkeit. Gute Arbeit | C59: 530000 | D59: 9750
A60: 2008 | B60: Gute Arbeit muss drin sein! | C60: 416000 | D60: 5000
A61: 2009 | B61: Arbeit für alle! Bei fairem Lohn | C61: 484000 | D61: 11250
A62: 2010 | B62: Wir gehen vor! Gute Arbei. Gerechte Löhne. Starker Sozialstaat | C62: 464000 | D62: 9750
A63: 2011 | B63: Das ist das Mindeste! Faire Löhne, gute Arbeit, soziale Sicherheit | C63: 419000 | D63: 8000
... A71: 2019 | B71: Europa. Jetzt aber richtig! | C71: 381500 | D71: 13000
D79: Act | E79: Genre / Description | F79: Origin
D80: BVG-Orchester | E80: Symphonic wind orchestra of Berlin's public transit (~40-55 musicians); baroque to contemporary, operetta, swing, film music | F80: Berlin (founded 1902 as Kapelle der Großen-Berliner-Straßenbahn)
D81: BSR-Orchester | E81: Brass band of Berlin's municipal sanitation company — marches, polkas, waltzes, light entertainment | F81: Berlin (municipal company)
D82: Männer-Klein-Kunst-Truppe | E82: Kleinkunst / cabaret troupe (small-format stage act); name suggests an all-male ensemble
D83: Nummers & Co. | E83: Band/act, type unconfirmed
D84: Bootleg | E84: Band, type unconfirmed (name is too generic to identify with confidence)
D85: Gleisberg | E85: Act, type unconfirmed (possibly a surname-named solo act or band)
D86: Arbeitsloseninitiative | E86: Musical/performance group attached to an unemployment self-help initiative — common format in 1990s Berlin labour-movement-adjacent cultural work | F86: Berlin (likely; specific group not pinned down)
D87: Manfred Birkhahn (Redner) | E87: Speaker — chair of HBV Berlin (Gewerkschaft Handel, Banken und Versicherungen), trade union for retail, banking and insurance workers (merged into ver.di in 2001) | F87: Berlin

Sheet DGB Main events_attendance_comp
A1: Year | B1: Motto | C1: Main rally | D1: Vorabendveranstaltung | E1: Main speaker | F1: Germany attendance | G1: Berlin DGB attendance | H1: Berlin/Germany attendance
A2: 1950 | B2: Ruf der Gewerkschaften an alle Arbeiter... | C2: Hannover, Braunschweig | D2: — | E2: Hans Böckler
A3: 1951 | B3: Völkerfrieden, soziale Sicherheit, Freiheit | C3: — | D3: Düsseldorf | E3: Georg Reuter
A4: 1952 | B4: Frieden in Freiheit und soziale Sicherheit | C4: Berlin | D4: Frankfurt/M. | E4: Christian Fette, Theodor Heuss, Ernst Reuter
A5: 1953 | B5: Brak motta | C5: München | D5: München | E5: Walter Freitag, Adolf Kummernuss
A6: 1954 | B6: Einheit, Frieden, Freiheit | C6: Bremen | D6: Bremen | E6: Georg Reuter
A7: 1955 | B7: 40 Stunden sind genug - 5 Tage sind genug | C7: — | D7: Stuttgart | E7: Georg Reuter
A8: 1956 | B8: Samstag gehört Vati mir | C8: Ludwigshafen | D8: Ludwigshafen | E8: Georg Reuter
A9: 1957 | B9: Wiedervereinigung - ohne Gewalt - doch bald | C9: Berlin | D9: Berlin | E9: Willi Richter, Otto Suhr
A10: 1958 | B10: Frieden, Freiheit, Fortschritt | C10: Hamburg | D10: Hamburg | E10: Willi Richter
A11: 1959 | B11: Wiedervereinigung, Freiheit, Sicherheit | C11: Neunkirchen, Osnabrück, i in. | D11: Saarbrücken | E11: G. Reuter, B. Tacke, L. Rosenberg i in.
A12: 1960 | B12: Schon Vatis Opa war dabei, 70 Jahre 1. Mai | C12: München, Bottrop, i in. | D12: Mühlheim/Ruhr | E12: L. Rosenberg, B. Tacke, H. Beermann i in.
A13: 1961 | B13: Freiheit – Solidarität | C13: Frankfurt/M. | D13: Frankfurt/M. | E13: Willi Richter
... A41: 1989 | B41: DGB - Für ein soziales Europa | C41: Recklinghausen | D41: Dortmund | E41: Ernst Breit, Johannes Rau
A42: 1990 | B42: 100 Jahre 1. Mai Solidarität... | C42: Berlin | D42: Berlin | E42: Ernst Breit, Hans-Jochen Vogel | F42: 756154 | G42: 56667 | H42: =G42/F42 -> 0.074941083
A43: 1991 | B43: Soziale Einheit in Frieden und Freiheit | C43: Halle/Saale | D43: Frankfurt/M. | E43: Heinz-Werner Meyer | F43: =476090+41830 -> 517920 | G43: 10000 | H43: =G43/F43 -> 0.019308001
A44: 1992 | B44: Teilen verbindet | C44: Nürnberg | D44: München | E44: Heinz-Werner Meyer | G44: 23000 | H44: -
A45: 1993 | B45: Zeichen setzen: Für Gleichberechtigung... | C45: Schwerin | D45: Bremen | E45: Heinz-Werner Meyer | G45: 16667 | H45: -
A46: 1994 | B46: Arbeit, work, travail .... | C46: Hannover | D46: — | E46: Heinz-Werner Meyer | G46: 6000 | H46: -
A47: 1995 | B47: Die Arbeit geliebt, gehasst, gebraucht... | C47: Köln | D47: — | E47: Dieter Schulte | G47: 7400 | H47: -
A48: 1996 | B48: Höchste Zeit für neue Zeiten | C48: Berlin | D48: — | E48: Dieter Schulte | F48: 586320 | G48: 16667 | H48: =G48/F48 -> 0.028426457
A49: 1997 | B49: Es geht ums Ganze: Sozialstaat sihern... | C49: Hamburg | D49: — | E49: Dieter Schulte, Erhard Pumm | F49: 500000 | G49: 9500 | H49: =G49/F49 -> 0.019
A50: 1998 | B50: Deine Stimme für Arbeit... | C50: München | D50: — | E50: Dieter Schulte | F50: 500000 | G50: 13875 | H50: =G50/F50 -> 0.02775
A51: 1999 | B51: Neues handeln für unser Land | C51: Dortmund | D51: — | E51: Dieter Schulte, Roland Issen | G51: 10400 | H51: -
A52: 2000 | B52: Jetzt aufbrechen: Für więcej Beschäftigung | C52: Hannover | D52: — | E52: D. Schulte, R. Issen, Gerhard Schröder | F52: 500000 | G52: 11167 | H52: =G52/F52 -> 0.022334
A53: 2001 | B53: Zukunft braucht alle Köpfe... | C53: Rostock | D53: — | E53: Dieter Schulte, Gerhard Schröder | F53: 500000 | G53: 16833 | H53: =G53/F53 -> 0.033666
A54: 2002 | B54: Globalisierung gerecht gestalten | C54: Leipzig | D54: — | E54: Dieter Schulte, Gerhard Schröder | F54: 500000 | G54: 13500 | H54: =G54/F54 -> 0.027
A55: 2003 | B55: Reformen Ja! Sozialabbau Nein Danke! | C55: Neu-Anspach | D55: — | E55: Michael Sommer, Gerhard Schröder | F55: 1000000 | G55: 13500 | H55: =G55/F55 -> 0.0135
A56: 2004 | B56: Unser Europa – frei, gleich, gerecht | C56: Berlin | D56: — | E56: Michael Sommer | F56: 510000 | G56: 18500 | H56: =G56/F56 -> 0.03627451
A57: 2005 | B57: Du bist mehr... Du hast Würde. Zeig sie! | C57: Mannheim | D57: — | E57: Michael Sommer | F57: 530000 | G57: 10500 | H57: =G57/F57 -> 0.019811321
A58: 2006 | B58: Deine Würde ist unser Maß | C58: Wolfsburg | D58: — | E58: Michael Sommer | F58: 500000 | G58: 13500 | H58: =G58/F58 -> 0.027
A59: 2007 | B59: Du hast mehr verdient... | C59: Gelsenkirchen | D59: — | E59: Michael Sommer | F59: 530000 | G59: 10500 | H59: =G59/F59 -> 0.019811321
A60: 2008 | B60: Gute Arbeit muss drin sein! | C60: Mainz | D60: — | E60: Michael Sommer | F60: 416000 | G60: 9125 | H60: =G60/F60 -> 0.021935096
A61: 2009 | B61: Arbeit für alle! Bei fairem Lohn | C61: Bremen | D61: — | E61: Michael Sommer | F61: 484000 | G61: 13500 | H61: =G61/F61 -> 0.027892562
A62: 2010 | B62: Wir gehen vor! Gute Arbeit... | C62: Essen | D62: — | E62: Michael Sommer | F62: 464000 | G62: 9750 | H62: =G62/F62 -> 0.021012931
A63: 2011 | B63: Das ist das Mindeste! Faire Löhne... | C63: Kassel | D63: — | E63: Michael Sommer | F63: 419000 | G63: 11500 | H63: =G63/F63 -> 0.027446301
... A67: 2015 | B67: Die Arbeit der Zukunft gestalten wir | C67: Berlin | D67: — | E67: Reiner Hoffmann | F67: 402000 | G67: 15000 | H67: =G67/F67 -> 0.037313433
A68: 2016 | B68: Zeit für mehr Solidarität | D68: – | E68: Reiner Hoffmann | F68: 390000 | G68: 14000 | H68: =G68/F68 -> 0.035897436
A69: 2017 | B69: Wir sind viele, wir sind eins! | D69: – | E69: Reiner Hoffmann | F69: 360000 | G69: 14000 | H69: =G69/F69 -> 0.038888889
A70: 2018 | B70: Solidarität, Vielfalt, Gerechtigkeit | D70: – | E70: Reiner Hoffmann | F70: 340000 | G70: 9500 | H70: =G70/F70 -> 0.027941176
A71: 2019 | B71: Europa. Jetzt aber richtig! | D71: – | E71: Reiner Hoffmann | F71: 381500 | G71: 13000 | H71: =G71/F71 -> 0.034076016

Sheet DGB BB central events
B2: Central event
D3: Decade share | H3: What percentage of main regional events take place in Berlin
A4: 1990_DE | B4: Berlin | C4: 1 | E4: Michael Pagels | G4: Michael Pagels | H4: =SUM(C4)/COUNTA(C4) -> 1
A5: 1991_DE | B5: Berlin | C5: 1 | E5: Christiane Bretz | G5: Christiane Bretz | H5: =SUM(C5:C12)/COUNTA(C5:C12) -> 0.5
A6: 1992_DE | B6: Berlin | C6: 1 | E6: Christiane Bretz | G6: Dieter Scholz | H6: =SUM(C12:C23)/COUNTA(C12:C23) -> 0.5
A7: 1993_DE | B7: Cottbus | C7: 0 | E7: Christiane Bretz | G7: Doro Zinke | H7: =SUM(C24:C32)/COUNTA(C23:C32) -> 0.9
A8: 1994_DE | B8: Potsdam | C8: 0 | E8: Christiane Bretz | G8: Christian Hoßbach | H8: =100% -> 1
A9: 1995_DE | B9: Frankfurt (Oder) | C9: 0 | E9: Christiane Bretz
A10: 1996_DE | B10: Berlin | C10: 1 | E10: Christiane Bretz
A11: 1997_DE | B11: Neuruppin | C11: 0 | E11: Christiane Bretz
A12: 1998_DE | B12: Berlin | C12: 1 | E12: Dieter Scholz
A13: 1999_DE | B13: Potsdam | C13: 0 | E13: Dieter Scholz
A14: 2000_DE | B14: Frankfurt (Oder) | C14: 0 | D14: =SUM(C4:C13)/10 -> 0.5 | E14: Dieter Scholz
A15: 2001_DE | B15: Cottbus | C15: 0 | E15: Dieter Scholz
A16: 2002_DE | B16: Berlin | C16: 1 | E16: Dieter Scholz
A17: 2003_DE | B17: Berlin | C17: 1 | E17: Dieter Scholz
A18: 2004_DE | B18: Berlin (?) | C18: 1 | E18: Dieter Scholz
A19: 2005_DE | B19: Potsdam | C19: 0 | E19: Dieter Scholz
A20: 2006_DE | B20: Berlin | C20: 1 | E20: Dieter Scholz
A21: 2007_DE | B21: Henningsdorf | C21: 0 | E21: Dieter Scholz
A22: 2008_DE | B22: Frankfurt (Oder) | C22: 0 | E22: Dieter Scholz
A23: 2009_DE | B23: Berlin | C23: 1 | E23: Dieter Scholz
A24: 2010_DE | B24: Berlin | C24: 1 | D24: =SUM(C14:C23)/10 -> 0.5 | E24: Doro Zinke
A25: 2011_DE | B25: Berlin (?) | C25: 1 | E25: Doro Zinke
A26: 2012_DE | B26: Berlin (?) | C26: 1 | E26: Doro Zinke
A27: 2013_DE | B27: Berlin | C27: 1 | E27: Doro Zinke
A28: 2014_DE | B28: Berlin (?) | C28: 1 | E28: Doro Zinke
A29: 2015_DE | B29: Berlin | C29: 1 | E29: Doro Zinke
A30: 2016_DE | B30: Berlin | C30: 1 | E30: Doro Zinke
A31: 2017_DE | B31: Berlin | C31: 1 | E31: Doro Zinke
A32: 2018_DE | B32: Berlin | C32: 1 | E32: Christian Hoßbach
A33: 2019_DE | B33: Potsdam | C33: 0 | E33: Christian Hoßbach
C34: =SUM(C4:C33)/30 -> 0.63333333 | D34: =SUM(C24:C33)/10 -> 0.9

Sheet Weather and Calendar
B1: Day | C1: Berlin
A2: Year | C2: Long weekend | D2: Weather 06–12h | E2: Attendance (trade union event) | F2: Attendance (total) | G2: Attendance (TU excluded) | H2: Share of trade union attendance | I2: MA-3 share of trade union attendance
A3: 1990 | B3: Tue | C3: 1d | D3: 🌤 13.2°C | E3: 56667 | F3: 84667 | G3: =F3-E3 -> 28000 | H3: =E3/F3 -> 0.66929264
A4: 1991 | B4: Wed | C4: 1d | D4: 🌧 6.7°C · 3.2mm | E4: 10000 | F4: 22667 | G4: =F4-E4 -> 12667 | H4: =E4/F4 -> 0.44116998 | I4: =AVERAGE(H3:H5) -> 0.54970144
A5: 1992 | B5: Fri | C5: 3d | D5: 🌤 12.6°C | E5: 23000 | F5: 42700 | G5: =F5-E5 -> 19700 | H5: =E5/F5 -> 0.53864169 | I5: =AVERAGE(H4:H6) -> 0.50925394
A6: 1993 | B6: Sat | C6: 2d | D6: ☀ 18.8°C | E6: 16667 | F6: 30417 | G6: =F6-E6 -> 13750 | H6: =E6/F6 -> 0.54795016 | I6: =AVERAGE(H5:H7) -> 0.60171824
A7: 1994 | B7: Sun | C7: 2d | D7: 🥶 7.8°C | E7: 6000 | F7: 8350 | G7: =F7-E7 -> 2350 | H7: =E7/F7 -> 0.71856287 | I7: =AVERAGE(H6:H8) -> 0.67778414
A8: 1995 | B8: Mon | C8: 3d | D8: 🌤 11.2°C | E8: 7400 | F8: 9650 | G8: =F8-E8 -> 2250 | H8: =E8/F8 -> 0.76683938 | I8: =AVERAGE(H7:H9) -> 0.66925471
A9: 1996 | B9: Wed | C9: 1d | D9: 🌤 11.6°C | E9: 16667 | F9: 31907 | G9: =F9-E9 -> 15240 | H9: =E9/F9 -> 0.52236186 | I9: =AVERAGE(H8:H10) -> 0.54350757
A10: 1997 | B10: Thu | C10: 4d | D10: 🌤 10.3°C · 0.1mm | E10: 9500 | F10: 27833 | G10: =F10-E10 -> 18333 | H10: =E10/F10 -> 0.34132145 | I10: =AVERAGE(H9:H11) -> 0.44852934
A11: 1998 | B11: Fri | C11: 3d | D11: ☀ 15.8°C | E11: 13875 | F11: 28792 | G11: =F11-E11 -> 14917 | H11: =E11/F11 -> 0.4819047 | I11: =AVERAGE(H10:H12) -> 0.37097325
A12: 1999 | B12: Sat | C12: 2d | D12: 🥶 9.1°C | E12: 10400 | F12: 35900 | G12: =F12-E12 -> 25500 | H12: =E12/F12 -> 0.28969359 | I12: =AVERAGE(H11:H13) -> 0.35103898
A13: 2000 | B13: Mon | C13: 3d | D13: ☀ 18.1°C | E13: 11167 | F13: 39667 | G13: =F13-E13 -> 28500 | H13: =E13/F13 -> 0.28151864 | I13: =AVERAGE(H12:H14) -> 0.36407623
A14: 2001 | B14: Tue | C14: 1d | D14: ☀ 16.3°C | E14: 16833 | F14: 32308 | G14: =F14-E14 -> 15475 | H14: =E14/F14 -> 0.52101647 | I14: =AVERAGE(H13:H15) -> 0.41627203
A15: 2002 | B15: Wed | C15: 1d | D15: 🌤 14.6°C | E15: 13500 | F15: 30250 | G15: =F15-E15 -> 16750 | H15: =E15/F15 -> 0.44628099 | I15: =AVERAGE(H14:H16) -> 0.42470521
... A31: 2018 | B31: Tue | C31: 1d | D31: 🌤 13.2°C | E31: 9500 | F31: 74700 | G31: =F31-E31 -> 65200 | H31: =E31/F31 -> 0.12717537 | I31: =AVERAGE(H30:H32) -> 0.16781488
A32: 2019 | B32: Wed | C32: 1d | D32: 🌤 11.8°C · 0.1mm | E32: 13000 | F32: 68700 | G32: =F32-E32 -> 55700 | H32: =E32/F32 -> 0.18922853
